study,run,task,method,evaluation_seed,trial,complete,success,survival_s,first_second_included,global_position_mm,root_relative_position_mm,body_velocity_mm_frame,root_velocity_mm_frame,body_acceleration_mm_frame2
methods,main,SquatL1,Original,8101,0,False,False,5.06,True,93.81270465027883,34.74947667748305,3.712423834791342,3.342808893389251,1.6745353617850431
methods,main,SquatL1,Original,8101,1,True,True,5.22,True,92.88448692382197,34.96100755267393,3.7391896195612935,3.2183572986835407,1.7116773636752973
methods,main,SquatL1,Original,8101,2,False,False,3.86,True,91.67516859064055,32.852758527951146,3.502863074647173,3.1117270974941875,1.621012294145253
methods,main,SquatL1,Original,8101,3,False,False,3.66,True,95.75669967372146,36.79704281614361,3.97496523585401,3.3171558567779513,1.7579939110819889
methods,main,SquatL1,Original,8101,4,False,False,2.06,True,102.77912452550214,43.76268182079733,4.559631576261275,4.237600033430021,1.68924319890476
methods,main,SquatL1,Original,8101,5,True,True,5.22,True,94.21166476316581,35.977394244252466,3.8326867554928774,3.3042161765308755,1.6599830629098997
methods,main,SquatL1,Original,8101,6,False,False,4.74,True,98.10401254063335,39.69528343385912,4.069249935989301,3.732839915972836,1.6623361576744027
methods,main,SquatL1,Original,8101,7,False,False,1.86,True,108.75701204061208,50.659428886625996,5.774883564158556,5.3493958451210535,2.2129925315959906
methods,main,SquatL1,Original,8101,8,False,False,3.76,True,90.84222421404662,32.521245217105474,3.464849386129486,3.0278842152263508,1.6515374736939545
methods,main,SquatL1,Original,8101,9,True,True,5.22,True,96.15612305185192,36.91629220407163,3.826925844278255,3.414043128517154,1.6681943169604432
methods,main,SquatL1,Original,8101,10,True,True,5.22,True,89.05544655471729,31.464193876425128,3.4695696139842864,2.9389254612845397,1.6542118633283054
methods,main,SquatL1,Original,8101,11,False,False,4.62,True,89.6311445404455,31.8944307768345,3.440385793469956,2.9614686307697453,1.6200169348272195
methods,main,SquatL1,Original,8101,12,False,False,3.42,True,93.2390824429165,35.378677784562996,3.6865266864804465,3.105145446857372,1.6518408751529956
methods,main,SquatL1,Original,8101,13,False,False,4.76,True,93.0188911761893,34.139573642859304,3.68393174071859,3.2830847388043356,1.6799631565319593
methods,main,SquatL1,Original,8101,14,True,True,5.22,True,88.98122774313813,31.964332096021923,3.4557560758650117,2.95691193907177,1.658960570755383
methods,main,SquatL1,Original,8101,15,False,False,3.98,True,92.55828469154694,34.1503970101834,3.8609958456587083,3.5382868534807126,1.710290393889164
methods,main,SquatL1,Original,8101,16,False,False,2.18,True,102.76826304922746,43.677329545495596,4.409122619952334,3.9657097805014727,1.7103990466413115
methods,main,SquatL1,Original,8101,17,False,False,1.96,True,104.43772106998314,42.38599122562088,5.474764778091672,5.203289193320925,2.13305194314564
methods,main,SquatL1,Original,8101,18,True,True,5.22,True,89.16868473216861,31.110715937436076,3.4885358506661004,3.0537553496071075,1.6289230648549682
methods,main,SquatL1,Original,8101,19,True,True,5.22,True,95.63843302355782,37.22516801322256,3.8254389226519665,3.4337859529701547,1.647780416698099
methods,main,SquatL1,Original,8101,20,True,False,5.22,True,95.52513475374613,36.42575963917712,3.921646190210715,3.6020994821247716,1.667597295324987
methods,main,SquatL1,Original,8101,21,False,False,3.68,True,96.06702238720376,36.73017849811281,3.869841262141017,3.3232452464719047,1.6813541851891916
methods,main,SquatL1,Original,8101,22,False,False,2.22,True,101.37879763657921,39.25399586020901,4.398568458066903,4.043630098868541,1.732137530868285
methods,main,SquatL1,Original,8101,23,True,True,5.22,True,97.68726286823126,38.84226476621396,4.0079760227569725,3.602822010065855,1.7176891467903381
methods,main,SquatL1,Original,8101,24,True,True,5.22,True,95.40865636925443,36.431424065094866,4.047815188519283,3.5117420274479083,1.736881334557099
methods,main,SquatL1,Original,8101,25,False,False,4.96,True,98.50910595063326,39.705454323964766,4.120017140956763,3.706373910991672,1.712772065122645
methods,main,SquatL1,Original,8101,26,True,True,5.22,True,94.3059349731662,36.55037350458356,3.776895144559686,3.317849751239801,1.6588997908784295
methods,main,SquatL1,Original,8101,27,True,True,5.22,True,95.05759345630925,36.56541439383537,3.8163791201492185,3.4439289738703294,1.6601540327475266
methods,main,SquatL1,Original,8101,28,True,True,5.22,True,96.33346992479422,38.513441174523756,3.9921845630271755,3.624782463155713,1.661174877735603
methods,main,SquatL1,Original,8101,29,True,True,5.22,True,89.96596438112549,31.48277965514227,3.4239893313536767,3.1395982682615005,1.5704954971946345
methods,main,SquatL1,Original,8101,30,False,False,5.12,True,95.7105286103016,38.06922064425357,4.016989269843621,3.6121651014563403,1.7086165771828887
methods,main,SquatL1,Original,8101,31,True,True,5.22,True,92.14117001860883,34.0761751304758,3.6087158297173145,3.1583937758282894,1.5951272410061217
methods,main,SquatL1,Original,8102,0,True,True,5.22,True,92.26110794743545,34.171361451776015,3.6803936363497214,3.202798611832191,1.6291144576470666
methods,main,SquatL1,Original,8102,1,True,True,5.22,True,97.34443565754772,37.3784739070301,3.902943808786357,3.3872446501491718,1.6806746440331197
methods,main,SquatL1,Original,8102,2,True,True,5.22,True,94.88611871821975,36.864672772071366,3.97689431863436,3.4829105221319163,1.7358128931103183
methods,main,SquatL1,Original,8102,3,False,False,4.26,True,89.78323014787861,32.041475142604945,3.5727262029780658,2.9416303646805626,1.708186260540408
methods,main,SquatL1,Original,8102,4,True,True,5.22,True,91.08245216665986,33.138907915822465,3.565263404401369,3.0316651879598195,1.6927621111416695
methods,main,SquatL1,Original,8102,5,True,True,5.22,True,92.35827916825242,34.332414721868936,3.7875448416403468,3.4531895612457584,1.6371231503557004
methods,main,SquatL1,Original,8102,6,True,True,5.22,True,90.20990327892757,32.168643628690894,3.7398573996294253,3.4165194882484724,1.6904660596373569
methods,main,SquatL1,Original,8102,7,True,False,5.22,True,94.609834581739,36.386103490909775,3.902794276770653,3.5028684446063534,1.607445173315147
methods,main,SquatL1,Original,8102,8,False,False,3.42,True,94.7332618576374,37.00622734959289,3.7410957382513894,3.1483587178928563,1.6544172437672944
methods,main,SquatL1,Original,8102,9,True,True,5.22,True,99.44155898910908,39.902637765713344,4.0936693376146005,3.753161799629844,1.6646692676049255
methods,main,SquatL1,Original,8102,10,True,True,5.22,True,91.49598927413162,32.855880246168056,3.572211071138844,3.1914822854465332,1.6448742392836941
methods,main,SquatL1,Original,8102,11,True,False,5.22,True,99.98067100928037,40.84392756774738,4.05074537097876,3.5878639882363297,1.6577872526238493
methods,main,SquatL1,Original,8102,12,False,False,3.52,True,93.31179999370003,34.592354637967304,3.702394644210045,3.1492734608404755,1.679317176239287
methods,main,SquatL1,Original,8102,13,False,False,4.86,True,98.60159474253837,40.29502823628619,4.121463559477523,3.73129245129675,1.6633403897078136
methods,main,SquatL1,Original,8102,14,False,False,3.84,True,95.6990860054369,36.893212878441936,3.8946599034242966,3.3806114886202874,1.6759983849037494
methods,main,SquatL1,Original,8102,15,True,False,5.22,True,94.38634495243882,35.992984712071255,3.8668060387268968,3.5108005233701323,1.6718183806812685
methods,main,SquatL1,Original,8102,16,False,False,1.96,True,109.17381028770032,46.54729081817003,5.514874879497953,5.3314210195244085,2.159100755530636
methods,main,SquatL1,Original,8102,17,True,False,5.22,True,99.66394401882873,41.559028994642894,4.15445544448944,3.6963475862611985,1.6670101126353951
methods,main,SquatL1,Original,8102,18,False,False,5.04,True,99.01904396088771,37.945868438372024,4.123620663196646,3.662975232538137,1.6925833195587616
methods,main,SquatL1,Original,8102,19,True,True,5.22,True,94.97278382901284,36.473594487416044,4.019936059145944,3.6816086413399334,1.6753738131150258
methods,main,SquatL1,Original,8102,20,True,True,5.22,True,94.28608082368251,36.0990029026012,3.8487294198041027,3.4718354642699363,1.691554548342954
methods,main,SquatL1,Original,8102,21,False,False,4.36,True,90.0142744636917,31.475670580358315,3.3433398715235723,3.078172355878749,1.5970907838840982
methods,main,SquatL1,Original,8102,22,False,False,3.74,True,92.02959093662507,33.271924871891436,3.5458456989486167,3.1299911093270323,1.6180112284759156
methods,main,SquatL1,Original,8102,23,True,True,5.22,True,95.32619876430957,37.089549423788604,3.9197769733840495,3.511680650406342,1.67906433766207
methods,main,SquatL1,Original,8102,24,False,False,2.32,True,102.32202129123371,43.74936521716776,4.289186832211197,3.886783355625603,1.677610052903428
methods,main,SquatL1,Original,8102,25,True,True,5.22,True,92.35748640909492,34.17700659339001,4.05995566097476,3.7854737245645933,1.7698033657342493
methods,main,SquatL1,Original,8102,26,True,True,5.22,True,91.73534572438574,34.1330816869266,3.787331188040107,3.357084031456565,1.6840416925572177
methods,main,SquatL1,Original,8102,27,False,False,4.3,True,92.41406264107283,34.66638043090751,3.70168240998004,3.140141779438179,1.71128538373421
methods,main,SquatL1,Original,8102,28,True,False,5.22,True,96.05218614311879,37.56149852270919,3.917608722631129,3.4971185440818213,1.6287962062254677
methods,main,SquatL1,Original,8102,29,False,False,3.7,True,92.2200397577506,34.20736141546146,3.602195741805786,3.1065910673121317,1.6195502233322185
methods,main,SquatL1,Original,8102,30,True,True,5.22,True,93.84648252043785,35.688171398148135,4.000231698720685,3.7031003144193018,1.7131483016185145
methods,main,SquatL1,Original,8102,31,False,False,4.6,True,93.60056156986681,34.5791512980733,3.894536002063081,3.342622410844913,1.759152135704092
methods,main,SquatL1,Original,8103,0,True,True,5.22,True,90.91060745590762,32.92570576272279,3.5567069381110623,3.2481156872093004,1.6283312968619135
methods,main,SquatL1,Original,8103,1,False,False,4.12,True,89.23392193002793,32.23629362680428,3.516441074056048,3.100461229545591,1.6503313378227857
methods,main,SquatL1,Original,8103,2,True,True,5.22,True,97.27308780883733,38.903516305829925,3.953293145387232,3.569651265127847,1.652419715866721
methods,main,SquatL1,Original,8103,3,True,True,5.22,True,89.93135612880874,32.81691264880931,3.607235919851608,3.2009630848926856,1.696910513571634
methods,main,SquatL1,Original,8103,4,True,False,5.22,True,95.90785538519154,37.260325554402684,3.8599077117940177,3.4425205777922407,1.615095573212488
methods,main,SquatL1,Original,8103,5,False,False,4.34,True,94.16897225353382,36.42631819701089,4.4098756168363575,3.70760227246837,2.009640856477262
methods,main,SquatL1,Original,8103,6,False,False,5.02,True,100.71282791798035,41.97328192059549,4.034925368608224,3.568598643603657,1.6319639290979424
methods,main,SquatL1,Original,8103,7,True,True,5.22,True,96.48826741153225,38.52172225573925,3.9735741086172554,3.558801857288575,1.6174674353118295
methods,main,SquatL1,Original,8103,8,False,False,3.66,True,96.0774437851285,37.010208634697314,4.4919345867511735,3.9664304690949574,2.146239486605774
methods,main,SquatL1,Original,8103,9,False,False,2.1,True,105.08335809435461,42.124357187805856,5.618361013988944,5.3174314826139675,2.1756412242953838
methods,main,SquatL1,Original,8103,10,False,False,3.36,True,99.99637834898493,43.308585825777556,4.931453605066461,4.288022223276429,2.1299555412733158
methods,main,SquatL1,Original,8103,11,True,False,5.22,True,97.90092628666379,38.8172032438002,4.061630914500342,3.625218973461732,1.7126080539245168
methods,main,SquatL1,Original,8103,12,True,True,5.22,True,99.443342758247,41.11768446116139,4.2027573362985,3.6645273020570817,1.745003376705089
methods,main,SquatL1,Original,8103,13,True,True,5.22,True,92.76911694881022,33.94755931366633,3.691179847360393,3.35149335853348,1.6680938766387696
methods,main,SquatL1,Original,8103,14,False,False,3.74,True,94.4119088526853,35.8311497163365,3.732850503289091,3.224404057478714,1.6623628494765994
methods,main,SquatL1,Original,8103,15,True,True,5.22,True,93.80394855081335,35.76253781791697,3.8509012052013256,3.4882334326372897,1.6761999408027135
methods,main,SquatL1,Original,8103,16,False,False,3.6,True,91.77757308378362,35.196751798093786,4.06981288838219,3.371501598008482,1.971187363354037
methods,main,SquatL1,Original,8103,17,False,False,5.18,True,95.88911877102272,37.44413325209877,3.8894024755665075,3.4577610485110077,1.6475434660033235
methods,main,SquatL1,Original,8103,18,True,True,5.22,True,94.5892123880787,35.726430947368115,3.8654779250630917,3.5155162002535603,1.6736074141024646
methods,main,SquatL1,Original,8103,19,False,False,2.88,True,98.87944669941307,37.8047971901332,4.877435552351317,4.573473509956517,2.12211517353461
methods,main,SquatL1,Original,8103,20,True,True,5.22,True,91.4607696575407,33.3841679604187,3.5746712745432627,3.2363718481506867,1.61863307535353
methods,main,SquatL1,Original,8103,21,False,False,4.36,True,88.52042672256015,32.558552827376985,3.649244828348558,3.1973500813994984,1.6707126563771677
methods,main,SquatL1,Original,8103,22,True,True,5.22,True,94.76959552819795,35.66228806846129,3.7878348411747274,3.2743885890917332,1.680131047166965
methods,main,SquatL1,Original,8103,23,True,True,5.22,True,93.51860240257159,35.07381371852855,3.8054951539608113,3.3956177877512914,1.6571499099256468
methods,main,SquatL1,Original,8103,24,False,False,3.68,True,92.22562780665179,33.78154641808806,3.654772327822914,3.2403830336075896,1.652708500844828
methods,main,SquatL1,Original,8103,25,True,True,5.22,True,93.60423627010437,34.426797712024864,3.7125434655979475,3.349946631714465,1.654557624526458
methods,main,SquatL1,Original,8103,26,True,True,5.22,True,93.51494077655609,35.76981803668488,3.7425783120451652,3.328926527618556,1.6158880794969261
methods,main,SquatL1,Original,8103,27,False,False,4.8,True,88.38912976065582,31.721361347208404,3.419784573854794,2.8971527201241964,1.6531118467465233
methods,main,SquatL1,Original,8103,28,True,True,5.22,True,92.98741305513539,35.060746578028954,3.9013901386314744,3.5418103543889643,1.715784145169026
methods,main,SquatL1,Original,8103,29,True,True,5.22,True,91.5253529425085,34.194379752479726,3.616405359563555,3.160771298939481,1.6232926248416353
methods,main,SquatL1,Original,8103,30,False,False,4.1,True,90.05120900958387,32.894651941522405,3.5342744743512275,2.9432127425710015,1.706646519146929
methods,main,SquatL1,Original,8103,31,False,False,3.44,True,93.5159704940869,35.13283453114442,3.6788928486756896,3.2168582056547685,1.6435824052388799
methods,main,SquatL1,FT-only,8101,0,True,True,5.22,True,92.21814216038028,33.97656525465058,3.642259425533327,3.414296566520187,1.7107397765027206
methods,main,SquatL1,FT-only,8101,1,True,True,5.22,True,92.07530481689788,33.773423028901306,3.6357864596357574,3.379502302081015,1.713665817867067
methods,main,SquatL1,FT-only,8101,2,True,True,5.22,True,90.61225632906081,32.08858058407761,3.5316998776244177,3.261516225634141,1.6654093847741536
methods,main,SquatL1,FT-only,8101,3,True,True,5.22,True,91.48898420033173,33.592636833179746,3.6804580601565076,3.161996258920523,1.7474043620263089
methods,main,SquatL1,FT-only,8101,4,True,True,5.22,True,100.84306426171145,45.822542502740774,4.164517988435807,3.793235673314995,1.7498700942998744
methods,main,SquatL1,FT-only,8101,5,True,True,5.22,True,92.28441587262735,34.82869762170386,3.7309520867340877,3.394914661368631,1.7030691363697859
methods,main,SquatL1,FT-only,8101,6,True,True,5.22,True,95.95715824028674,37.76124339267611,3.985985783636131,3.7104234309114847,1.6332931723252406
methods,main,SquatL1,FT-only,8101,7,True,True,5.22,True,101.01170669009015,47.100725217535064,4.321348883499134,3.9987047923929406,1.7713313079428206
methods,main,SquatL1,FT-only,8101,8,True,True,5.22,True,90.46470595899994,32.1151146204655,3.5676715314293657,3.3049589731770377,1.6525947455310688
methods,main,SquatL1,FT-only,8101,9,True,True,5.22,True,93.64992241162945,35.702308373298706,3.640997458801673,3.336852880457871,1.6971233276694628
methods,main,SquatL1,FT-only,8101,10,True,True,5.22,True,89.779768460736,31.640994654434678,3.630490729918286,3.379926511235179,1.7275181493835212
methods,main,SquatL1,FT-only,8101,11,True,True,5.22,True,89.74274910677481,31.204959829236746,3.5068652628218593,3.267329695024607,1.700635163750001
methods,main,SquatL1,FT-only,8101,12,True,True,5.22,True,90.17131730787582,32.08390127774221,3.454707502480223,3.100947662614078,1.6771985323536507
methods,main,SquatL1,FT-only,8101,13,True,True,5.22,True,91.4598814185844,33.12512450562577,3.536679091610379,3.2949489934568907,1.752590716233586
methods,main,SquatL1,FT-only,8101,14,True,True,5.22,True,90.32543736541325,31.18132418756067,3.5807238916850306,3.4038670396231634,1.6878271526023239
methods,main,SquatL1,FT-only,8101,15,True,True,5.22,True,91.47453814162115,34.780979014437435,3.4775742952731887,3.25980243203079,1.633513904300946
methods,main,SquatL1,FT-only,8101,16,True,True,5.22,True,97.61192115951596,42.38137722794647,3.8190635868780403,3.4296756803068633,1.7380547429698956
methods,main,SquatL1,FT-only,8101,17,True,True,5.22,True,104.00357283995845,43.478610895919275,5.028658629606201,5.084178170678302,2.0384640055882945
methods,main,SquatL1,FT-only,8101,18,True,True,5.22,True,89.80355905376094,31.585132052643647,3.6429275458516783,3.4061503454399316,1.7002008679549208
methods,main,SquatL1,FT-only,8101,19,True,True,5.22,True,93.4032007765464,35.146743231957814,3.6566237011708096,3.391122809799995,1.6889534701949327
methods,main,SquatL1,FT-only,8101,20,True,True,5.22,True,92.54458486424262,33.464997087851536,3.6455019352945928,3.4231271667325216,1.6686871506918295
methods,main,SquatL1,FT-only,8101,21,True,True,5.22,True,92.42427912679298,34.327911405151895,3.521258403538597,3.174393105552273,1.7190055617960465
methods,main,SquatL1,FT-only,8101,22,True,True,5.22,True,94.106717188387,36.812991762481985,3.650077973052312,3.1955527912024912,1.6884435872481296
methods,main,SquatL1,FT-only,8101,23,True,True,5.22,True,94.62891014369082,37.507666512237336,3.8110533325043585,3.448028299750413,1.7024476606867849
methods,main,SquatL1,FT-only,8101,24,True,True,5.22,True,92.06479135677564,35.36970766901767,3.599179127555096,3.159774141063176,1.684574871007256
methods,main,SquatL1,FT-only,8101,25,True,True,5.22,True,94.38023720808398,37.94662325661228,3.859974941003868,3.5321733892561302,1.6996967445113507
methods,main,SquatL1,FT-only,8101,26,True,True,5.22,True,91.75720453115723,34.053116675978664,3.5452895783889087,3.239896966193178,1.6791590765805335
methods,main,SquatL1,FT-only,8101,27,True,True,5.22,True,91.80887494241014,33.72162811038894,3.5549135592828454,3.344980664365797,1.6749156176672473
methods,main,SquatL1,FT-only,8101,28,True,True,5.22,True,95.0776192338102,37.634469479090285,4.003365255616083,3.744766906739174,1.7110284057785248
methods,main,SquatL1,FT-only,8101,29,True,True,5.22,True,90.25309053751737,31.06903776897461,3.5950368854284593,3.4187951813285,1.677306527143192
methods,main,SquatL1,FT-only,8101,30,True,True,5.22,True,94.09110264415816,37.473728223060455,3.9786869350089984,3.6948287665917423,1.728318612266486
methods,main,SquatL1,FT-only,8101,31,True,True,5.22,True,90.36045127796679,32.22814330205065,3.4919844162645743,3.2011924713522393,1.6803495708434288
methods,main,SquatL1,FT-only,8102,0,True,True,5.22,True,90.95710273287254,32.52855318767577,3.5990228170066225,3.247007718941509,1.7102572279024328
methods,main,SquatL1,FT-only,8102,1,True,True,5.22,True,93.64526027677529,36.00530222290154,3.614027941214138,3.1919357391775076,1.6820791092694698
methods,main,SquatL1,FT-only,8102,2,True,True,5.22,True,93.65827487600538,36.146511442175644,3.9153964965910415,3.652229378294579,1.7207642621574801
methods,main,SquatL1,FT-only,8102,3,True,True,5.22,True,89.76581006350206,32.0802832964886,3.445662131309237,2.9933337120847026,1.6958411486908185
methods,main,SquatL1,FT-only,8102,4,True,True,5.22,True,90.32369541330678,31.788222610342835,3.478197725560552,3.200928113317778,1.7183478898636635
methods,main,SquatL1,FT-only,8102,5,True,True,5.22,True,90.96317963936706,31.811964266272934,3.7285340309677055,3.522289218765743,1.6736338445283707
methods,main,SquatL1,FT-only,8102,6,True,True,5.22,True,90.62930951461779,31.420061286772086,3.6941625540963487,3.5348822031720832,1.6964361203404916
methods,main,SquatL1,FT-only,8102,7,True,True,5.22,True,91.02921718943244,33.53831230953947,3.618918877345188,3.368680273640866,1.6893862046971457
methods,main,SquatL1,FT-only,8102,8,True,True,5.22,True,91.43199052885964,34.430841037835386,3.4673423499659033,3.120942594417762,1.7069950819392414
methods,main,SquatL1,FT-only,8102,9,True,True,5.22,True,96.16040495897492,38.948193898874514,3.9787421574141124,3.709015012890384,1.7012024650815163
methods,main,SquatL1,FT-only,8102,10,True,True,5.22,True,90.61098162474875,32.25675855342848,3.503473945755086,3.292047279823032,1.6494599294353045
methods,main,SquatL1,FT-only,8102,11,True,True,5.22,True,96.43118177001124,40.22418118777759,3.881075550667718,3.5203537864902414,1.664060427815431
methods,main,SquatL1,FT-only,8102,12,True,True,5.22,True,91.33493923834338,33.36891533333625,3.525560866550832,3.1483026116280954,1.699590169055034
methods,main,SquatL1,FT-only,8102,13,True,True,5.22,True,95.419295717349,38.75776329441371,4.0536989016139655,3.786967589014584,1.7183662608461445
methods,main,SquatL1,FT-only,8102,14,True,True,5.22,True,94.36027230196726,35.378794668098614,3.6487245598297338,3.2588360134440357,1.715413712522098
methods,main,SquatL1,FT-only,8102,15,True,True,5.22,True,91.851863847998,33.59012102443699,3.6245921250265685,3.4280907579997146,1.6657937739091855
methods,main,SquatL1,FT-only,8102,16,True,True,5.22,True,94.62189639513139,37.19478441489173,3.936019102606752,3.7886764998111295,1.7591545006799
methods,main,SquatL1,FT-only,8102,17,True,True,5.22,True,97.98988379554199,41.50904661695148,4.108017806981254,3.798431172986469,1.7346303190726684
methods,main,SquatL1,FT-only,8102,18,True,True,5.22,True,95.76006016985902,38.03775768618052,3.9355066506527567,3.4750160898641345,1.7230299852315554
methods,main,SquatL1,FT-only,8102,19,True,True,5.22,True,93.81770872580013,35.42623279201573,4.034395403967957,3.8338633647118323,1.726495665733842
methods,main,SquatL1,FT-only,8102,20,True,True,5.22,True,92.02328909581433,34.164393401567374,3.701444156298029,3.35849647731065,1.7188237638739365
methods,main,SquatL1,FT-only,8102,21,True,True,5.22,True,92.01688813508969,32.45914925018977,3.7135606542413546,3.552553292371894,1.6421591280271521
methods,main,SquatL1,FT-only,8102,22,True,True,5.22,True,91.17679065724842,32.18311879761875,3.5821771267770592,3.408042073374549,1.7034972456675135
methods,main,SquatL1,FT-only,8102,23,True,True,5.22,True,92.97700909832456,35.20661570967269,3.720207926498704,3.4436312309479127,1.6845037624512198
methods,main,SquatL1,FT-only,8102,24,True,True,5.22,True,99.7410248305664,44.130221157831066,3.975573785442749,3.6376061751967237,1.7187826542663112
methods,main,SquatL1,FT-only,8102,25,True,True,5.22,True,91.40000309436499,34.46679111518701,3.894608973882608,3.653987298754352,1.7298083340967814
methods,main,SquatL1,FT-only,8102,26,True,True,5.22,True,91.36713125151809,32.30720409597156,3.730057232564513,3.4952260703313502,1.7323753331074234
methods,main,SquatL1,FT-only,8102,27,True,True,5.22,True,90.9909741427579,33.33264617120695,3.618363769826199,3.19299598896087,1.6846707667419254
methods,main,SquatL1,FT-only,8102,28,True,True,5.22,True,93.35502622283107,35.64196062601186,3.786709921683452,3.5171684140047192,1.7034655152614855
methods,main,SquatL1,FT-only,8102,29,True,True,5.22,True,91.0043951717081,32.68614795292688,3.4643735067209174,3.1398660189065954,1.6925284461041281
methods,main,SquatL1,FT-only,8102,30,True,True,5.22,True,92.36967365701541,34.16358661935745,3.8564925324315076,3.657961130892087,1.7519003694122703
methods,main,SquatL1,FT-only,8102,31,True,True,5.22,True,90.64303301389282,32.75346510281783,3.511653520456039,2.9919728341621363,1.714213662814247
methods,main,SquatL1,FT-only,8103,0,True,True,5.22,True,90.32935008846913,31.520381445408244,3.574045742175482,3.426519739335073,1.6618225645178686
methods,main,SquatL1,FT-only,8103,1,True,True,5.22,True,90.0578035643798,31.823171730213826,3.535560332060943,3.3909747638918715,1.6770613493236095
methods,main,SquatL1,FT-only,8103,2,True,True,5.22,True,94.31162902753103,37.192750966321974,3.687936841680815,3.4004327049176073,1.6657542442284141
methods,main,SquatL1,FT-only,8103,3,True,True,5.22,True,89.74548491893182,31.29414894134578,3.627401885809691,3.4329614856500994,1.7018374033320383
methods,main,SquatL1,FT-only,8103,4,True,True,5.22,True,92.71998870306149,34.96273075284944,3.6273956022915277,3.361545226243046,1.6757411396352686
methods,main,SquatL1,FT-only,8103,5,True,True,5.22,True,90.26780352282529,31.644100186080276,3.7647184374315334,3.6381399481147,1.7653630109128648
methods,main,SquatL1,FT-only,8103,6,True,True,5.22,True,98.32059066960804,42.54048642118326,3.8896189405914523,3.559499310800159,1.6876484346612897
methods,main,SquatL1,FT-only,8103,7,True,True,5.22,True,94.01262006853078,36.63260635561676,3.863788861423865,3.572358298081921,1.6531610091974405
methods,main,SquatL1,FT-only,8103,8,True,True,5.22,True,90.67795278412639,32.94062746655589,3.6002510499438043,3.486491211387055,1.689130021141177
methods,main,SquatL1,FT-only,8103,9,True,True,5.22,True,96.52248511873526,38.74821780699021,4.474150487985603,4.259173967257181,1.8419865192702474
methods,main,SquatL1,FT-only,8103,10,True,True,5.22,True,95.27426370824361,39.06090183231638,4.166148049154346,3.8867862809292255,1.7534186049292138
methods,main,SquatL1,FT-only,8103,11,True,True,5.22,True,94.62936776255485,37.48314385849777,3.8695718402295722,3.5842250360053147,1.7252198999768342
methods,main,SquatL1,FT-only,8103,12,True,True,5.22,True,98.7346318571355,42.55463320501936,4.0760783911924765,3.7053151121459864,1.708649687837931
methods,main,SquatL1,FT-only,8103,13,True,True,5.22,True,91.13878252899737,32.339856928071264,3.5750948806696434,3.374939022072836,1.69698644054649
methods,main,SquatL1,FT-only,8103,14,True,True,5.22,True,91.93640907367597,34.074370855031134,3.5139694450586942,3.194064244990038,1.7055849678761383
methods,main,SquatL1,FT-only,8103,15,True,True,5.22,True,91.29769132443106,32.7528056729573,3.5978849393841665,3.356263950796234,1.67321408890936
methods,main,SquatL1,FT-only,8103,16,True,True,5.22,True,92.12635474852914,34.001551283215996,3.783696243517501,3.504954092965388,1.7241339984559612
methods,main,SquatL1,FT-only,8103,17,True,True,5.22,True,93.35274838575403,35.49794888327727,3.7401810449422914,3.4424540401530708,1.6746155609833435
methods,main,SquatL1,FT-only,8103,18,True,True,5.22,True,91.76646380840153,33.37636935735512,3.6608488789948357,3.3988838051266255,1.6900542967441534
methods,main,SquatL1,FT-only,8103,19,True,True,5.22,True,103.12151151779855,41.39776406315105,4.884487633550879,4.886254990846846,2.018034513767425
methods,main,SquatL1,FT-only,8103,20,True,True,5.22,True,90.98469338184628,31.554421096488316,3.5920339361936326,3.4001425311038975,1.6793080056267315
methods,main,SquatL1,FT-only,8103,21,True,True,5.22,True,88.33178847764103,30.93455528399406,3.271425858338854,2.9947227353677914,1.6411724415656
methods,main,SquatL1,FT-only,8103,22,True,True,5.22,True,92.9731670202727,34.73312414046335,3.6344054354763986,3.375850779889719,1.7312484301790263
methods,main,SquatL1,FT-only,8103,23,True,True,5.22,True,90.68398243834366,32.63970996980844,3.575137812936976,3.311185108787524,1.6826082972191
methods,main,SquatL1,FT-only,8103,24,True,True,5.22,True,90.55509351962571,32.31426250671019,3.43875454620718,3.180156812634545,1.6993870013695687
methods,main,SquatL1,FT-only,8103,25,True,True,5.22,True,91.6815134978464,33.36488866175487,3.5995685398158064,3.420991983175407,1.7163973671100048
methods,main,SquatL1,FT-only,8103,26,True,True,5.22,True,90.90847870079608,32.683116820619034,3.541154008148228,3.341897288163891,1.6616110389459868
methods,main,SquatL1,FT-only,8103,27,True,True,5.22,True,90.15903445498523,31.56502902964941,3.5803381923842044,3.3114023345382515,1.6536686743349123
methods,main,SquatL1,FT-only,8103,28,True,True,5.22,True,91.85716460697736,33.052714977466444,3.736831713241817,3.5878778974957055,1.7089170096735673
methods,main,SquatL1,FT-only,8103,29,True,True,5.22,True,91.12609060012983,32.31826921879904,3.5413239211238694,3.3225379764361698,1.6811817697095932
methods,main,SquatL1,FT-only,8103,30,True,True,5.22,True,90.11695717270888,31.746765400712217,3.5641109085366534,3.2352156234717415,1.681375592821691
methods,main,SquatL1,FT-only,8103,31,True,True,5.22,True,90.95276081268376,33.00227475042348,3.3832271545941865,3.108714735174709,1.7140504572666564
methods,main,SquatL1,Delta action,8101,0,True,True,5.22,True,91.10432562800041,34.007240949349466,3.588985519323572,3.2337878817842416,1.729273926325092
methods,main,SquatL1,Delta action,8101,1,True,True,5.22,True,91.15851324862797,34.71733536609896,3.5118409874634287,3.0916489617633878,1.6902327970571573
methods,main,SquatL1,Delta action,8101,2,True,True,5.22,True,90.5384436396288,33.66965823576886,3.565074850516429,3.1760795039058785,1.7490454472458157
methods,main,SquatL1,Delta action,8101,3,True,True,5.22,True,91.82564315464022,34.70579318700082,3.6743908800589495,3.113140919644816,1.7341170136190496
methods,main,SquatL1,Delta action,8101,4,False,False,3.3,True,91.65795900258169,34.44055640995132,3.8489489083033996,3.732113377174161,1.65720545636837
methods,main,SquatL1,Delta action,8101,5,True,True,5.22,True,91.48802002655354,34.85667331920436,3.5903258286421567,3.1314711522275513,1.6799359701190222
methods,main,SquatL1,Delta action,8101,6,True,True,5.22,True,92.31922420324837,34.611797838451956,3.6118994842055123,3.4606877744635236,1.6673733725733682
methods,main,SquatL1,Delta action,8101,7,False,False,2.9,True,96.05054334049201,39.58560070114157,4.161150169425073,3.974843465477057,1.743682838313587
methods,main,SquatL1,Delta action,8101,8,True,True,5.22,True,90.68893646428315,34.47148639653168,3.561507087538412,3.108848786606623,1.727376608773701
methods,main,SquatL1,Delta action,8101,9,True,True,5.22,True,91.51463398498392,33.95256132824687,3.5416800556309593,3.1589072984678133,1.6647179425798246
methods,main,SquatL1,Delta action,8101,10,True,True,5.22,True,90.29483642134103,35.23115534706778,3.510147362426775,3.0450180096209833,1.713735990209026
methods,main,SquatL1,Delta action,8101,11,True,True,5.22,True,89.89362173019353,33.95389580686552,3.457502399102858,3.0118620918436028,1.7078013644300158
methods,main,SquatL1,Delta action,8101,12,True,True,5.22,True,90.89559978686626,33.89817903001964,3.568858056363116,2.9904813717326872,1.75420668652477
methods,main,SquatL1,Delta action,8101,13,True,True,5.22,True,90.67034832385848,33.668185870657254,3.5495887826320804,3.0383928718986004,1.7397498501171929
methods,main,SquatL1,Delta action,8101,14,True,True,5.22,True,90.17702418407627,34.03396910176492,3.462992403013071,3.0491492923767396,1.6830907244036022
methods,main,SquatL1,Delta action,8101,15,False,False,3.68,True,93.23983125250238,35.689844933757676,3.816648291472752,3.616663168131671,1.6587037704999628
methods,main,SquatL1,Delta action,8101,16,False,False,3.66,True,91.67655595720115,34.349358521622484,3.784555625429333,3.53462443838872,1.76734478553899
methods,main,SquatL1,Delta action,8101,17,True,True,5.22,True,93.63490596587566,36.85191508756273,4.193941181626983,3.81084024052584,1.8367103083432812
methods,main,SquatL1,Delta action,8101,18,True,True,5.22,True,90.15538658100483,35.123452422659135,3.4638817050529553,2.989173217637748,1.7045101901732935
methods,main,SquatL1,Delta action,8101,19,True,True,5.22,True,90.95329765331815,33.50831641574587,3.516599191057042,3.3079841524401545,1.6835902933144455
methods,main,SquatL1,Delta action,8101,20,True,True,5.22,True,90.69670016711947,33.51974231765594,3.5296011340837126,3.304277058203964,1.7034806789773396
methods,main,SquatL1,Delta action,8101,21,True,True,5.22,True,90.0221696149619,32.48503313004546,3.5625780481913276,3.0810879221971272,1.7177529066430788
methods,main,SquatL1,Delta action,8101,22,False,False,3.74,True,90.6607011017796,32.88758016806902,3.772910587232837,3.3367537187895593,1.796334916984957
methods,main,SquatL1,Delta action,8101,23,True,True,5.22,True,91.45227529640758,34.16037026157321,3.6581567782269366,3.217785704703744,1.679686243288845
methods,main,SquatL1,Delta action,8101,24,True,True,5.22,True,91.01421699601508,33.52015446317384,3.652126774584748,3.152347990781203,1.6910753181603966
methods,main,SquatL1,Delta action,8101,25,True,True,5.22,True,91.08883528983488,34.21245992189231,3.7018067447295278,3.357305342586414,1.6742523801861247
methods,main,SquatL1,Delta action,8101,26,True,True,5.22,True,90.38766824052011,33.64979905318071,3.4846531009439405,3.0725611863516566,1.6719319947438946
methods,main,SquatL1,Delta action,8101,27,True,True,5.22,True,90.55068671962248,33.367090362318365,3.5487770875473172,3.3406165175702327,1.7494061529564795
methods,main,SquatL1,Delta action,8101,28,True,True,5.22,True,91.60286334843123,34.81872584032002,3.7039463714110608,3.4136103350802203,1.7027467648618182
methods,main,SquatL1,Delta action,8101,29,True,True,5.22,True,90.39480586285285,34.511908801757336,3.4686381053229822,3.1896674164060763,1.687780195998315
methods,main,SquatL1,Delta action,8101,30,True,True,5.22,True,91.42192334786219,34.649310118170476,3.798781203775648,3.402767547680216,1.7180603262569305
methods,main,SquatL1,Delta action,8101,31,True,True,5.22,True,90.13992678335124,33.620855474881104,3.4384865976843293,3.0115695564561045,1.6728838057601583
methods,main,SquatL1,Delta action,8102,0,True,True,5.22,True,90.8130566456871,34.21023995253706,3.5707284223268028,3.131907523490757,1.7069502900668942
methods,main,SquatL1,Delta action,8102,1,True,True,5.22,True,90.64127120701006,32.65012255579069,3.614929514531794,3.1500693346858015,1.6831801145348895
methods,main,SquatL1,Delta action,8102,2,True,True,5.22,True,92.24812546504945,35.160873164669944,3.8661863717990603,3.549956301696499,1.7572207024374165
methods,main,SquatL1,Delta action,8102,3,True,True,5.22,True,90.39756086750806,33.66785067359403,3.4731083187809144,2.9406862900613113,1.6988182767600146
methods,main,SquatL1,Delta action,8102,4,True,True,5.22,True,91.05688156240495,34.87831300361714,3.5229009992670677,3.0345174780904514,1.7093041356563992
methods,main,SquatL1,Delta action,8102,5,True,True,5.22,True,90.2449388013483,34.7767170577724,3.5452448195872637,3.18722382199918,1.683755756334163
methods,main,SquatL1,Delta action,8102,6,True,True,5.22,True,90.2371984735374,34.72578082208013,3.613835137651538,3.2499655137701065,1.702753930416775
methods,main,SquatL1,Delta action,8102,7,True,True,5.22,True,89.81736729419987,33.02701602524597,3.5579821295236154,3.2519498274121377,1.702299043679648
methods,main,SquatL1,Delta action,8102,8,True,True,5.22,True,90.19114998816652,32.901683495773135,3.5633104817569174,3.125183317567032,1.6964317723988218
methods,main,SquatL1,Delta action,8102,9,True,True,5.22,True,90.70475006745019,33.14345019719224,3.623802190664539,3.4262172698635416,1.687523539155707
methods,main,SquatL1,Delta action,8102,10,True,True,5.22,True,89.94505253406601,33.54436138098992,3.4730751842547964,3.151569362636159,1.6703976743373001
methods,main,SquatL1,Delta action,8102,11,False,False,4.06,True,90.512108399124,33.002949543570054,3.6174141060902683,3.251627267700584,1.6456320077333282
methods,main,SquatL1,Delta action,8102,12,True,True,5.22,True,90.63526931448396,33.457082678200806,3.6021658922523727,3.1452420864890804,1.705927017175442
methods,main,SquatL1,Delta action,8102,13,True,True,5.22,True,90.55311413519618,33.24337178026969,3.640587885778281,3.4798882234160797,1.7075370313271594
methods,main,SquatL1,Delta action,8102,14,True,True,5.22,True,91.01912266908639,33.258471345215625,3.528585665607599,3.045945993864209,1.6883294198168914
methods,main,SquatL1,Delta action,8102,15,True,True,5.22,True,90.71910881447276,33.826601896290775,3.559673065596988,3.3779777915369533,1.6767740651573773
methods,main,SquatL1,Delta action,8102,16,True,True,5.22,True,93.49856733771357,37.17100704963999,3.8310565545068758,3.5149230262021947,1.7233446935216759
methods,main,SquatL1,Delta action,8102,17,True,True,5.22,True,91.40899214627599,34.41112818368601,3.693004266657765,3.483217413048576,1.638072209549934
methods,main,SquatL1,Delta action,8102,18,True,True,5.22,True,91.81405907925951,33.90491370928395,3.7613290330696127,3.351842170005885,1.686314508910342
methods,main,SquatL1,Delta action,8102,19,True,True,5.22,True,91.81231791773887,35.291121733945154,3.7652420949915637,3.621969591893315,1.7031957438371081
methods,main,SquatL1,Delta action,8102,20,True,True,5.22,True,91.3381033942401,34.591757008416344,3.679933363368348,3.2986002028741335,1.7287303265249359
methods,main,SquatL1,Delta action,8102,21,True,True,5.22,True,91.03977926697722,34.86899358229219,3.5117409826961774,3.249620943644819,1.695453698375797
methods,main,SquatL1,Delta action,8102,22,True,True,5.22,True,90.28990275617366,33.88931360691301,3.5268034675395414,3.184883773033632,1.7184206560367492
methods,main,SquatL1,Delta action,8102,23,True,True,5.22,True,91.52774667615103,34.61153086025892,3.65765285457682,3.3053879100786476,1.6952566486478544
methods,main,SquatL1,Delta action,8102,24,False,False,3.8,True,92.20434503456755,34.580560657872574,3.743429149959016,3.5809200764155578,1.6993064785487637
methods,main,SquatL1,Delta action,8102,25,True,True,5.22,True,91.52053184286206,36.27559730621927,3.849443724676667,3.5922978640673895,1.742813419293806
methods,main,SquatL1,Delta action,8102,26,True,True,5.22,True,90.47640379730268,34.95985031571205,3.594737902810681,3.16779247057072,1.727541949642412
methods,main,SquatL1,Delta action,8102,27,True,True,5.22,True,90.82181845296662,34.19911968039221,3.6100136680246786,3.1214372766765526,1.7307047934803748
methods,main,SquatL1,Delta action,8102,28,True,True,5.22,True,90.61438959319268,33.73320100449175,3.5682508126589667,3.219767172674174,1.709440286667491
methods,main,SquatL1,Delta action,8102,29,True,True,5.22,True,90.10663385884295,33.25898566222325,3.4272454193320745,2.98226710542529,1.6667663429452428
methods,main,SquatL1,Delta action,8102,30,True,True,5.22,True,91.76380559484785,35.404648394613616,3.8103294897239555,3.6671213189098,1.7263191328552903
methods,main,SquatL1,Delta action,8102,31,True,True,5.22,True,91.26086561694622,33.742343583049234,3.6110537566448944,3.0439276838310687,1.72493023493747
methods,main,SquatL1,Delta action,8103,0,True,True,5.22,True,90.10350240103023,34.156473549656326,3.4809452716998304,3.220593178400705,1.666154474251583
methods,main,SquatL1,Delta action,8103,1,True,True,5.22,True,91.14756016407229,35.1971679188333,3.5058535470647265,3.1364617868032663,1.6766644198632306
methods,main,SquatL1,Delta action,8103,2,True,True,5.22,True,90.89592854561711,32.981643348886664,3.624800825754714,3.434775086838261,1.7064164267988209
methods,main,SquatL1,Delta action,8103,3,True,True,5.22,True,91.00185400807825,36.025353236323724,3.614994100275037,3.190265089465753,1.7148750223473674
methods,main,SquatL1,Delta action,8103,4,True,True,5.22,True,90.64652483968922,33.51569360442954,3.532524468159543,3.2135637733549047,1.6873571463598869
methods,main,SquatL1,Delta action,8103,5,True,True,5.22,True,91.01582206607124,34.86048516710875,3.7502554742798013,3.514252485772635,1.7377467933363098
methods,main,SquatL1,Delta action,8103,6,False,False,4.02,True,91.15612764208306,33.75319708618141,3.6028037401689934,3.3433415894995964,1.6788478580821848
methods,main,SquatL1,Delta action,8103,7,True,True,5.22,True,90.93523245310674,34.4674864645225,3.524275505597301,3.1750803061259374,1.6472961661997427
methods,main,SquatL1,Delta action,8103,8,True,True,5.22,True,93.90251614804244,36.644966325463436,3.9829674356969433,3.78663229841516,1.749593786208231
methods,main,SquatL1,Delta action,8103,9,True,True,5.22,True,92.74833801048129,35.16007030215531,4.156891420402446,4.063954996198748,1.8168948821245283
methods,main,SquatL1,Delta action,8103,10,True,True,5.22,True,93.20050386453914,37.20774213667566,3.939973139290256,3.6003576796633343,1.768786884756858
methods,main,SquatL1,Delta action,8103,11,True,True,5.22,True,91.86658396670396,34.70129924818036,3.806430567188504,3.4400898707550986,1.7008302332977188
methods,main,SquatL1,Delta action,8103,12,True,True,5.22,True,92.50167815877225,36.293849440432346,3.674338718675786,3.240951077953927,1.6785794996252172
methods,main,SquatL1,Delta action,8103,13,True,True,5.22,True,90.26913183702837,33.438408143454,3.4717079752325115,3.1325376481613456,1.6751359069814769
methods,main,SquatL1,Delta action,8103,14,True,True,5.22,True,90.3366115540281,32.80319149543062,3.5686711434645138,3.161187676315956,1.7062479244675075
methods,main,SquatL1,Delta action,8103,15,True,True,5.22,True,90.18735678606375,33.30032266492377,3.5528385057691714,3.29872352066625,1.7433802975781465
methods,main,SquatL1,Delta action,8103,16,True,True,5.22,True,92.49475812752836,35.3195173012013,3.7352584774085904,3.4165288661291684,1.7174875213940364
methods,main,SquatL1,Delta action,8103,17,True,True,5.22,True,92.0772421170826,34.89188662959145,3.7217510649696446,3.335158385929852,1.717899714577896
methods,main,SquatL1,Delta action,8103,18,True,True,5.22,True,90.42444139972355,33.89163491078496,3.500500941770417,3.1398707213473482,1.6787983744296615
methods,main,SquatL1,Delta action,8103,19,True,True,5.22,True,92.05184162094763,35.90078709785113,3.7766018291413666,3.437906263488467,1.7459727565906058
methods,main,SquatL1,Delta action,8103,20,True,True,5.22,True,90.25939266730781,33.70489797565347,3.429437580818277,3.136650632398828,1.6594600250186666
methods,main,SquatL1,Delta action,8103,21,True,True,5.22,True,91.90158441990614,34.686774972036986,3.5725060586823583,3.2059969883706367,1.6714552370514464
methods,main,SquatL1,Delta action,8103,22,True,True,5.22,True,91.78702867432301,33.96170697513632,3.6668561879421957,3.337072829552924,1.7362595741301687
methods,main,SquatL1,Delta action,8103,23,True,True,5.22,True,89.91818498068379,33.41927994820671,3.4847491782310054,3.1172508312748306,1.6863780466608642
methods,main,SquatL1,Delta action,8103,24,True,True,5.22,True,90.3375340036895,33.69300457972404,3.465964605947279,2.9387266790031825,1.6975985842366714
methods,main,SquatL1,Delta action,8103,25,True,True,5.22,True,89.9884857503208,33.039144800656736,3.502284412404439,3.1898662232641684,1.671966519182778
methods,main,SquatL1,Delta action,8103,26,True,True,5.22,True,90.31893777476354,33.83526887029209,3.431765171089927,3.0735950795435043,1.6556996949271257
methods,main,SquatL1,Delta action,8103,27,True,True,5.22,True,90.35412693518556,34.852228154422626,3.5596751011869556,3.19114722076338,1.7048280010127268
methods,main,SquatL1,Delta action,8103,28,True,True,5.22,True,91.54194053059024,34.994098836193174,3.733286621737639,3.439464131951951,1.6904812908596936
methods,main,SquatL1,Delta action,8103,29,True,True,5.22,True,90.5264704130261,34.329241104973754,3.442493389383305,3.0151269473839415,1.6678359682329704
methods,main,SquatL1,Delta action,8103,30,True,True,5.22,True,90.76733914100055,34.22056142791223,3.5643977023638307,3.009834820163713,1.717740766500538
methods,main,SquatL1,Delta action,8103,31,True,True,5.22,True,89.95732304517514,32.50985820986827,3.4931081473663466,3.0470985492025924,1.6892912613304885
methods,main,SquatL1,Passive SysID,8101,0,True,True,5.22,True,90.45810835450602,33.911906591146774,3.724732186787976,2.9798741511182874,1.7405681002682891
methods,main,SquatL1,Passive SysID,8101,1,True,True,5.22,True,89.13402953203048,34.613368118791634,3.553124958797767,2.970445494396416,1.7316307707002154
methods,main,SquatL1,Passive SysID,8101,2,True,True,5.22,True,92.50840446170461,35.29262647218314,3.8282300391880852,3.0092484191529474,1.8274325249610837
methods,main,SquatL1,Passive SysID,8101,3,True,True,5.22,True,89.57992673708434,34.02578558180469,3.759067626640416,2.961180752203831,1.848756534682836
methods,main,SquatL1,Passive SysID,8101,4,False,False,3.0,True,92.86595974383036,39.776957054270554,4.1679273839747095,3.8954144561783073,1.7636014612761375
methods,main,SquatL1,Passive SysID,8101,5,True,True,5.22,True,88.6125392824399,34.50629033246691,3.530000425599618,2.90925932658158,1.656906397866763
methods,main,SquatL1,Passive SysID,8101,6,True,True,5.22,True,92.8926913481496,37.1226031496406,3.986087363437251,3.7704266897948724,1.7408869456584257
methods,main,SquatL1,Passive SysID,8101,7,False,False,3.16,True,92.7678424095255,40.82674208075966,4.250093799106898,4.14560236232515,1.8538720884693953
methods,main,SquatL1,Passive SysID,8101,8,True,True,5.22,True,89.46987555755382,33.00611299770106,3.7989639442917644,3.1028645670854367,1.7915899353161568
methods,main,SquatL1,Passive SysID,8101,9,True,True,5.22,True,91.56263889725867,36.13065008563267,3.654750533218564,2.9887362086437146,1.7110995233065556
methods,main,SquatL1,Passive SysID,8101,10,True,True,5.22,True,88.21776769580264,31.387197558181445,3.8308446651581565,3.1806454733596956,1.8264040617463555
methods,main,SquatL1,Passive SysID,8101,11,True,True,5.22,True,87.728143475409,31.486735838224934,3.7345819432281995,3.1043252201338922,1.7895997048902124
methods,main,SquatL1,Passive SysID,8101,12,True,True,5.22,True,91.02305920542436,34.5697445686066,3.9020496504595195,3.0646635486421525,1.8329193120957872
methods,main,SquatL1,Passive SysID,8101,13,True,True,5.22,True,90.30865166065311,34.49697414762591,3.72312578571344,3.0275699030679775,1.7904129662305281
methods,main,SquatL1,Passive SysID,8101,14,True,True,5.22,True,87.76902814122396,31.632355033890633,3.6851098958983237,3.213869079484604,1.7182725186238341
methods,main,SquatL1,Passive SysID,8101,15,True,True,5.22,True,89.23197382806633,34.070258440533536,3.5727388676543415,3.4411174282565975,1.679441514991819
methods,main,SquatL1,Passive SysID,8101,16,True,True,5.22,True,93.68257777089885,39.15790128074627,4.112089286400187,3.5828983044678706,1.7929934021064606
methods,main,SquatL1,Passive SysID,8101,17,True,True,5.22,True,97.08619960710648,38.017488747922634,4.849331694814698,4.900169088886116,2.1616221772554387
methods,main,SquatL1,Passive SysID,8101,18,True,True,5.22,True,88.05427075816262,31.207682889833162,3.7689892743541016,3.2903819184571943,1.7733601836364787
methods,main,SquatL1,Passive SysID,8101,19,True,True,5.22,True,91.44708355619082,36.233930817559035,3.637699341087983,3.141843286600766,1.6949431972326008
methods,main,SquatL1,Passive SysID,8101,20,True,True,5.22,True,91.01682067940543,35.088175875096745,3.76435463239116,3.2547282155710615,1.707075080601618
methods,main,SquatL1,Passive SysID,8101,21,True,True,5.22,True,91.54182904293238,35.4630725061424,3.758938929786885,3.0140668854329404,1.7929745611146726
methods,main,SquatL1,Passive SysID,8101,22,True,True,5.22,True,95.10430132342873,37.62920557796302,4.202313382385167,3.6195634554949674,1.8586204645170077
methods,main,SquatL1,Passive SysID,8101,23,True,True,5.22,True,91.14254285918568,36.884590352214374,3.773753527530353,3.1779108330639936,1.764820627113271
methods,main,SquatL1,Passive SysID,8101,24,True,True,5.22,True,91.21213485416855,36.48967168505761,3.8067696777559514,3.1638243048428842,1.7914671342012887
methods,main,SquatL1,Passive SysID,8101,25,True,True,5.22,True,91.97205010147186,38.46668933520204,3.7821646898582357,3.2864326448669643,1.729244776139115
methods,main,SquatL1,Passive SysID,8101,26,True,True,5.22,True,90.82632933520976,36.378961613654184,3.6326249600973273,2.8888236441570028,1.737721900363805
methods,main,SquatL1,Passive SysID,8101,27,True,True,5.22,True,90.89732821152317,35.859966349085006,3.652662685328078,3.0496363129167543,1.7129443943364544
methods,main,SquatL1,Passive SysID,8101,28,True,True,5.22,True,91.79742811030987,37.428659669387784,3.865935952674035,3.4760396783094643,1.760437974371754
methods,main,SquatL1,Passive SysID,8101,29,True,True,5.22,True,87.70943831778342,31.394571667849167,3.7257109652305846,3.2211200373350852,1.72696593478176
methods,main,SquatL1,Passive SysID,8101,30,True,True,5.22,True,90.18593762392788,36.3489827600706,3.7126818835324573,3.1077207286658943,1.760553778991394
methods,main,SquatL1,Passive SysID,8101,31,True,True,5.22,True,89.17371434327376,33.967588758384586,3.676920233353767,3.053907194141432,1.7156082939938713
methods,main,SquatL1,Passive SysID,8102,0,True,True,5.22,True,88.9687607153373,33.60533411650494,3.6915000781381933,2.9755734969065712,1.7428557087141157
methods,main,SquatL1,Passive SysID,8102,1,True,True,5.22,True,91.53969544484065,35.09144087553876,3.740217020656,3.095532026374122,1.7573461523098206
methods,main,SquatL1,Passive SysID,8102,2,True,True,5.22,True,89.38051822056248,35.45241756388483,3.5494037533462004,3.0650399319718074,1.6935492779903698
methods,main,SquatL1,Passive SysID,8102,3,True,True,5.22,True,87.87066437906435,32.00132183880439,3.5512877410289736,2.999275416866228,1.712679672744527
methods,main,SquatL1,Passive SysID,8102,4,True,True,5.22,True,88.79851145489174,33.00151191511437,3.5757300958228107,2.935469640711249,1.751757713221687
methods,main,SquatL1,Passive SysID,8102,5,True,True,5.22,True,89.8308668928813,34.01952592827894,3.9673361977569006,3.5633615637895946,1.7468681588211068
methods,main,SquatL1,Passive SysID,8102,6,True,True,5.22,True,89.17876074183029,33.05673234097322,3.867369260006142,3.5161155757454865,1.7441041657954446
methods,main,SquatL1,Passive SysID,8102,7,True,True,5.22,True,90.20544144221014,35.18043444827215,3.632573216145248,3.0513040858310894,1.6933637849786816
methods,main,SquatL1,Passive SysID,8102,8,True,True,5.22,True,89.67733901504184,34.93583329195813,3.649509385500589,2.9510248818558025,1.7776007702181686
methods,main,SquatL1,Passive SysID,8102,9,True,True,5.22,True,92.54536112414756,37.838064683559125,3.8734830091308465,3.5141290030004244,1.7237263524897324
methods,main,SquatL1,Passive SysID,8102,10,True,True,5.22,True,87.95119498907154,32.069474042391256,3.556813223065056,2.8959607988896896,1.7090328114007856
methods,main,SquatL1,Passive SysID,8102,11,True,True,5.22,True,93.03651495571255,38.74377794894296,3.8857199766766644,3.3683037214040414,1.756996614111837
methods,main,SquatL1,Passive SysID,8102,12,True,True,5.22,True,88.85572939152684,32.80958343005721,3.644602168036437,2.9216725316390173,1.786760906502562
methods,main,SquatL1,Passive SysID,8102,13,True,True,5.22,True,93.02345536232916,38.76334509383678,3.795958052040065,3.3747612185952764,1.735266553498684
methods,main,SquatL1,Passive SysID,8102,14,True,True,5.22,True,90.62201433962154,35.07258871693103,3.6453259023553564,2.916798231561445,1.7683163049470982
methods,main,SquatL1,Passive SysID,8102,15,True,True,5.22,True,91.60277546816269,36.35077091579028,3.7428186902775846,3.2400047292759018,1.6914603024951633
methods,main,SquatL1,Passive SysID,8102,16,False,False,5.0,True,94.66510457623967,36.744734184727626,4.179827030230323,4.288566473539081,1.8913783723960962
methods,main,SquatL1,Passive SysID,8102,17,True,True,5.22,True,93.45243674649087,40.101926542440125,3.976229761232221,3.6241950950779973,1.7303456985662546
methods,main,SquatL1,Passive SysID,8102,18,True,True,5.22,True,91.5501857215051,35.783232326065956,3.920612588526615,3.3222080886925776,1.8138943979664621
methods,main,SquatL1,Passive SysID,8102,19,True,True,5.22,True,90.5867669090969,35.43558128495692,3.923036421558176,3.620497887923781,1.76332433106737
methods,main,SquatL1,Passive SysID,8102,20,True,True,5.22,True,90.74324392500188,35.77873378824195,3.7589801242140024,3.157370993131363,1.7169943483817014
methods,main,SquatL1,Passive SysID,8102,21,True,True,5.22,True,88.21212881656673,32.0801591246112,3.687412989071622,3.1228180881099252,1.68255319423003
methods,main,SquatL1,Passive SysID,8102,22,True,True,5.22,True,89.0048089386053,32.44178414527636,3.7584082488506354,3.086952783052446,1.7760354497308517
methods,main,SquatL1,Passive SysID,8102,23,True,True,5.22,True,90.2620828766517,35.92220835502657,3.667845355731799,3.0624628155095057,1.7105160206465457
methods,main,SquatL1,Passive SysID,8102,24,True,True,5.22,True,93.58189785590811,40.336949088384785,3.953414508507426,3.5672690924305175,1.7630518286914822
methods,main,SquatL1,Passive SysID,8102,25,True,True,5.22,True,91.02791652954889,36.29903834409323,4.039484291561965,3.734749698922183,1.8006879184821365
methods,main,SquatL1,Passive SysID,8102,26,True,True,5.22,True,89.21539772273229,33.60324546873051,3.814552226181606,3.341009615762364,1.7475596857234894
methods,main,SquatL1,Passive SysID,8102,27,True,True,5.22,True,88.49225258110367,33.67988276118725,3.6002456386568396,2.8964494992191376,1.7420900092428113
methods,main,SquatL1,Passive SysID,8102,28,True,True,5.22,True,90.99891225057611,36.03345100281312,3.7597757722780565,3.1442979436445193,1.7436724942090718
methods,main,SquatL1,Passive SysID,8102,29,True,True,5.22,True,87.98599045469439,32.626982066229914,3.4855307545954655,2.8225968143702067,1.7250286785631737
methods,main,SquatL1,Passive SysID,8102,30,True,True,5.22,True,91.33087369050537,36.044500002350894,3.9451512785974794,3.557171169949381,1.7485777826571212
methods,main,SquatL1,Passive SysID,8102,31,True,True,5.22,True,90.3753703427854,34.70522723354027,3.782041348434121,2.998386726190715,1.8305712902174809
methods,main,SquatL1,Passive SysID,8103,0,True,True,5.22,True,88.47687386921814,32.48481600805218,3.752901753673386,3.224241944481477,1.710461511302545
methods,main,SquatL1,Passive SysID,8103,1,True,True,5.22,True,89.62190261616384,33.17238202403683,3.6421742188199575,3.3774814500259525,1.717825135563849
methods,main,SquatL1,Passive SysID,8103,2,True,True,5.22,True,92.30222083170142,37.57763404251629,3.821477116458552,3.364919410387312,1.728485172953482
methods,main,SquatL1,Passive SysID,8103,3,True,True,5.22,True,89.7147758443167,33.80796724427955,3.9649377626218807,3.560038917385359,1.7810992271834354
methods,main,SquatL1,Passive SysID,8103,4,True,True,5.22,True,91.42873387524583,36.898017129413816,3.667475083511091,3.065935945931304,1.7189785812082998
methods,main,SquatL1,Passive SysID,8103,5,True,True,5.22,True,90.50169768036936,32.63450214251418,3.789651235266737,3.5960874932922784,1.7960035629552509
methods,main,SquatL1,Passive SysID,8103,6,True,True,5.22,True,93.03536073499963,39.2851200296187,3.7276482034214555,3.2174424100818917,1.6537972336736617
methods,main,SquatL1,Passive SysID,8103,7,True,True,5.22,True,92.07801874632456,37.51423072060029,3.7914350879979546,3.285214204201832,1.6939760917613689
methods,main,SquatL1,Passive SysID,8103,8,True,True,5.22,True,90.23370480924521,33.90977890209358,3.4357821443861005,3.2089716297501942,1.6265696012009399
methods,main,SquatL1,Passive SysID,8103,9,True,True,5.22,True,94.99079213312957,37.62260407018011,4.547755322839185,4.573250288555471,1.91111687196025
methods,main,SquatL1,Passive SysID,8103,10,True,True,5.22,True,91.11340127182429,38.01575355195964,3.796294248751271,3.4216753972273923,1.7837559328597687
methods,main,SquatL1,Passive SysID,8103,11,True,True,5.22,True,90.74941595259313,36.49349623801538,3.6214335300051306,3.0459235352538783,1.7236744154942316
methods,main,SquatL1,Passive SysID,8103,12,True,True,5.22,True,92.29828027125855,40.111859859662964,3.8785753322590915,3.4225845371114803,1.7997165329354243
methods,main,SquatL1,Passive SysID,8103,13,True,True,5.22,True,89.0808837836626,32.931322195330594,3.6699191007673404,3.092286642665925,1.7193541919996265
methods,main,SquatL1,Passive SysID,8103,14,True,True,5.22,True,89.57313087878312,34.05151435024972,3.6647387875616215,2.9255134172827804,1.7641755243028234
methods,main,SquatL1,Passive SysID,8103,15,True,True,5.22,True,89.42534553887045,34.26057414279036,3.6947229828904398,3.1657658948414116,1.711340373756083
methods,main,SquatL1,Passive SysID,8103,16,True,True,5.22,True,88.68138351676879,34.47818807983581,3.605229504095108,3.1744606650419738,1.7160062198779746
methods,main,SquatL1,Passive SysID,8103,17,True,True,5.22,True,91.31714381571231,36.51113279898595,3.7090614440735457,3.1036555333390283,1.7102329971110717
methods,main,SquatL1,Passive SysID,8103,18,True,True,5.22,True,90.48731419745846,34.72027317920786,3.819071657605606,3.238929331502258,1.7170991419720876
methods,main,SquatL1,Passive SysID,8103,19,True,True,5.22,True,99.14600020898607,38.390601276487665,4.819054468569566,4.941095444042907,2.0955256125744524
methods,main,SquatL1,Passive SysID,8103,20,True,True,5.22,True,88.89062278389352,33.10136309748892,3.732420187537775,3.2095393774080385,1.7046420350980824
methods,main,SquatL1,Passive SysID,8103,21,True,True,5.22,True,87.5546411454056,32.03725752221235,3.3546251617470486,3.093116107136093,1.6421734234577858
methods,main,SquatL1,Passive SysID,8103,22,True,True,5.22,True,88.95573728046581,33.77182522621643,3.452657838691378,2.845961690865685,1.6597471611726233
methods,main,SquatL1,Passive SysID,8103,23,True,True,5.22,True,89.47608812351464,34.23193259137033,3.6699969736418803,3.072433738726933,1.7030831666609216
methods,main,SquatL1,Passive SysID,8103,24,True,True,5.22,True,88.89049504224155,32.78109597463936,3.665138208247867,2.960254604689281,1.7653761020695031
methods,main,SquatL1,Passive SysID,8103,25,True,True,5.22,True,89.47937933689295,33.414796428800585,3.6161776085328876,2.938655876951371,1.7014058564232424
methods,main,SquatL1,Passive SysID,8103,26,True,True,5.22,True,89.85573289982125,35.064081488205794,3.6850769083395947,3.1383825102419163,1.6998282387433683
methods,main,SquatL1,Passive SysID,8103,27,True,True,5.22,True,87.66824152586219,31.369025035032966,3.779045801831606,3.197855189318806,1.7628312025185848
methods,main,SquatL1,Passive SysID,8103,28,True,True,5.22,True,90.3496920080808,35.10130209324933,3.780808574175479,3.389175883037186,1.7170448228825126
methods,main,SquatL1,Passive SysID,8103,29,True,True,5.22,True,88.90223396917978,33.717903945104695,3.709449771309875,3.2002325781060468,1.7084285274218411
methods,main,SquatL1,Passive SysID,8103,30,True,True,5.22,True,88.36970699830651,32.20056454582499,3.7897098889832836,3.1019208565134515,1.8292204827449234
methods,main,SquatL1,Passive SysID,8103,31,True,True,5.22,True,88.99804183356457,33.39208020576803,3.5522439008745144,2.916201981302611,1.7355516602862193
methods,main,SquatL1,Active SysID,8101,0,True,True,5.22,True,91.42303799339906,37.64201192602223,3.7600234494382794,3.059323248833741,1.7145592808036123
methods,main,SquatL1,Active SysID,8101,1,True,True,5.22,True,91.07148097974064,36.61718717669731,3.6204572550795446,2.92398680588382,1.6743349927235258
methods,main,SquatL1,Active SysID,8101,2,True,True,5.22,True,91.96407862334267,38.48974316062511,3.8770100122282525,3.1454253504328373,1.7021193873183433
methods,main,SquatL1,Active SysID,8101,3,True,True,5.22,True,94.0840993881325,38.59981971159268,3.9407226439185616,3.0282294608813016,1.804943772812861
methods,main,SquatL1,Active SysID,8101,4,False,False,2.64,True,96.67197422002488,43.94586300639763,4.253238820429221,3.7307279824435833,1.7815491143275068
methods,main,SquatL1,Active SysID,8101,5,True,True,5.22,True,91.64382135254023,37.818285180952174,3.6328342608575244,2.8632872662620428,1.6599794418313814
methods,main,SquatL1,Active SysID,8101,6,True,True,5.22,True,94.53165049869007,40.77810223233099,3.7690103525709615,3.2521995415801355,1.6328746996838905
methods,main,SquatL1,Active SysID,8101,7,True,True,5.22,True,101.49910226537936,45.61353039994854,4.552366469607267,4.276397004381972,1.97092587003751
methods,main,SquatL1,Active SysID,8101,8,True,True,5.22,True,90.89653753184008,37.154853706459456,3.7872605791319605,3.0684708726663468,1.7256800643476053
methods,main,SquatL1,Active SysID,8101,9,True,True,5.22,True,92.81657152458939,39.188149522855916,3.711700696082404,2.9485368467791333,1.7007286101117607
methods,main,SquatL1,Active SysID,8101,10,True,True,5.22,True,89.32148103367487,34.536940225473074,3.7364793509183976,3.141780320069934,1.7842881133001374
methods,main,SquatL1,Active SysID,8101,11,True,True,5.22,True,89.32598704648692,34.988134467371,3.6862270479337083,3.102225774924231,1.7380202373119487
methods,main,SquatL1,Active SysID,8101,12,True,True,5.22,True,93.27793513147394,39.81393173591474,3.888753910335234,3.1338583099711204,1.7628549301306995
methods,main,SquatL1,Active SysID,8101,13,True,True,5.22,True,90.96443287268613,37.152641057799435,3.781435412948044,3.085539686587146,1.74456127803454
methods,main,SquatL1,Active SysID,8101,14,True,True,5.22,True,88.9364448617775,33.79353251622194,3.6471037737643734,3.1008476261329396,1.7007447129477413
methods,main,SquatL1,Active SysID,8101,15,True,True,5.22,True,90.54216162410746,36.396921488738585,3.499069700419996,3.125456538086397,1.6401111353230842
methods,main,SquatL1,Active SysID,8101,16,False,False,3.02,True,96.19641098365625,42.83162184069969,4.231338343503955,3.4459776499035257,1.7874434559632943
methods,main,SquatL1,Active SysID,8101,17,True,True,5.22,True,99.36006592611237,40.674653710097346,5.065052547144093,4.826174755971442,2.2259628409628958
methods,main,SquatL1,Active SysID,8101,18,True,True,5.22,True,89.14425650421197,34.19941461213939,3.6605134392461594,3.020775110813866,1.7482356691975969
methods,main,SquatL1,Active SysID,8101,19,True,True,5.22,True,93.1027058923859,39.682356344898835,3.621583363375562,3.001391050049902,1.6605787081836152
methods,main,SquatL1,Active SysID,8101,20,True,True,5.22,True,92.85589839533728,38.91805258047069,3.634928627598143,3.0515903423308655,1.6656107991570432
methods,main,SquatL1,Active SysID,8101,21,True,True,5.22,True,93.68443070504783,40.18977106548194,3.9421820897734543,3.1809125071023145,1.73963972443619
methods,main,SquatL1,Active SysID,8101,22,True,True,5.22,True,93.83523401685237,40.05932285097647,4.181916623452313,3.3886372449860938,1.809338565798676
methods,main,SquatL1,Active SysID,8101,23,True,True,5.22,True,93.04852088751014,39.83110124433844,3.804370062243689,2.9738557060019257,1.7218810857515767
methods,main,SquatL1,Active SysID,8101,24,True,True,5.22,True,92.89109600868377,38.957726060980754,3.848399238544997,3.039966624664813,1.726786719624834
methods,main,SquatL1,Active SysID,8101,25,True,True,5.22,True,94.76782948725075,41.594513090863884,3.8498841950515525,3.158273015993871,1.7268934073250153
methods,main,SquatL1,Active SysID,8101,26,True,True,5.22,True,93.17055108270543,39.95353968224627,3.77083277243021,2.8974220181002868,1.6742233470757586
methods,main,SquatL1,Active SysID,8101,27,True,True,5.22,True,92.24241147362477,38.6555587735377,3.6263806641283276,3.06726091441673,1.6901916188740411
methods,main,SquatL1,Active SysID,8101,28,True,True,5.22,True,94.32088292736363,41.003435647548976,3.800063151306832,3.2041052309216194,1.7011240661953047
methods,main,SquatL1,Active SysID,8101,29,True,True,5.22,True,88.98508891440349,33.91973979333449,3.5416615083818406,3.153062830409739,1.667923750173465
methods,main,SquatL1,Active SysID,8101,30,True,True,5.22,True,93.01843853557466,40.01439075637271,3.7484195641585107,2.950225585188697,1.7139513593749944
methods,main,SquatL1,Active SysID,8101,31,True,True,5.22,True,90.53175367413552,36.448541641750424,3.6053435292714067,2.88999919263269,1.667284732502278
methods,main,SquatL1,Active SysID,8102,0,True,True,5.22,True,90.58204194396022,36.653691974084936,3.660563031954533,2.912278707872296,1.7279600495553595
methods,main,SquatL1,Active SysID,8102,1,True,True,5.22,True,93.33399755572854,39.54400772548463,3.9250893167073095,3.2305627053493247,1.7403120460263903
methods,main,SquatL1,Active SysID,8102,2,True,True,5.22,True,94.0987634617277,40.81504467613982,3.761427048645811,2.903401368165345,1.6581517490830158
methods,main,SquatL1,Active SysID,8102,3,True,True,5.22,True,90.60594315178578,35.14766837730639,3.8124842609502387,3.0584638267060242,1.7591559200464633
methods,main,SquatL1,Active SysID,8102,4,True,True,5.22,True,90.34672288806433,35.41617186039034,3.613078157983103,2.9055591859852306,1.6837672205565533
methods,main,SquatL1,Active SysID,8102,5,True,True,5.22,True,92.80418370193817,39.39756282800265,3.739895835031784,2.982801852842437,1.6653019552976343
methods,main,SquatL1,Active SysID,8102,6,True,True,5.22,True,90.90986903918096,36.65385704122523,3.6670384535423297,3.027486134433275,1.6706480245250566
methods,main,SquatL1,Active SysID,8102,7,True,True,5.22,True,92.58699357937749,39.422643402780544,3.794488251141557,3.106537610862171,1.6918217703497156
methods,main,SquatL1,Active SysID,8102,8,True,True,5.22,True,93.82633688097629,40.1326288551845,3.8864275472268877,3.12284444983698,1.7372560642514943
methods,main,SquatL1,Active SysID,8102,9,True,True,5.22,True,95.73619124156775,42.177444962618004,3.9398967605961026,3.3253997713284846,1.709768427742318
methods,main,SquatL1,Active SysID,8102,10,True,True,5.22,True,90.00359901039688,36.1525755346419,3.6380710363353947,2.9501318830449987,1.6922538810033094
methods,main,SquatL1,Active SysID,8102,11,True,True,5.22,True,97.02976282538587,43.420697086182535,4.130450540585044,3.3608619500166226,1.691783953146614
methods,main,SquatL1,Active SysID,8102,12,True,True,5.22,True,92.10732245236241,38.203944719893464,3.828067194539166,3.053035321313445,1.7639006777719932
methods,main,SquatL1,Active SysID,8102,13,True,True,5.22,True,96.71811951055321,43.58967667461742,4.065217854385482,3.443803078299021,1.7147612591109431
methods,main,SquatL1,Active SysID,8102,14,True,True,5.22,True,93.20306190745453,39.47820572755141,3.8182080374176106,3.021405315597485,1.7254851957949762
methods,main,SquatL1,Active SysID,8102,15,True,True,5.22,True,92.50238037806315,38.80264018590955,3.5958511283989227,2.999844938416686,1.651953598843565
methods,main,SquatL1,Active SysID,8102,16,True,True,5.22,True,111.52406295630253,43.091336185889446,5.245610095735841,5.257513357018763,2.177343122090631
methods,main,SquatL1,Active SysID,8102,17,True,True,5.22,True,96.57632422423262,43.78046713872253,4.066543860160789,3.4647251557543424,1.7134866227652543
methods,main,SquatL1,Active SysID,8102,18,True,True,5.22,True,93.65809623816213,40.24589478415947,3.9239455852629224,3.1097601890366136,1.72041582161545
methods,main,SquatL1,Active SysID,8102,19,True,True,5.22,True,94.65767116946368,40.73904544336689,3.9284217690523624,3.3429776854188873,1.7079212511129571
methods,main,SquatL1,Active SysID,8102,20,True,True,5.22,True,92.41955726178053,38.98557364825717,3.7049646612838796,2.91986982764871,1.6944023324802513
methods,main,SquatL1,Active SysID,8102,21,True,True,5.22,True,90.20623300360792,36.24916429216777,3.589634795835869,3.1028241968665013,1.6634808532760548
methods,main,SquatL1,Active SysID,8102,22,True,True,5.22,True,92.09122362307899,38.68844506399077,3.800352740238872,3.047136334075768,1.691268914023411
methods,main,SquatL1,Active SysID,8102,23,True,True,5.22,True,91.93357242804788,37.836505419814394,3.5708568629042676,2.977421296772073,1.6931040922435419
methods,main,SquatL1,Active SysID,8102,24,False,False,2.86,True,97.49146631359257,44.460948841725006,4.2321549418547875,3.5993969306807627,1.7259391889003766
methods,main,SquatL1,Active SysID,8102,25,True,True,5.22,True,91.96172777474443,37.180521184590816,3.8581666310501843,3.410858987599033,1.7695063340441908
methods,main,SquatL1,Active SysID,8102,26,True,True,5.22,True,91.35756199311322,37.69405033966389,3.7125766823256137,2.949916684208022,1.7103447073802687
methods,main,SquatL1,Active SysID,8102,27,True,True,5.22,True,92.24593155221851,38.08330248340295,3.810748257429179,2.9632321661070566,1.7660780476201337
methods,main,SquatL1,Active SysID,8102,28,True,True,5.22,True,93.10999093406889,39.72947892035517,3.75151203984395,2.929838895668054,1.6841612472680036
methods,main,SquatL1,Active SysID,8102,29,True,True,5.22,True,90.50928931690197,36.63448118715938,3.6030385322317215,2.8623554582850876,1.6814842870723636
methods,main,SquatL1,Active SysID,8102,30,True,True,5.22,True,94.22075513273231,40.76094865849515,3.86557018713295,3.195778959661851,1.6849006269352147
methods,main,SquatL1,Active SysID,8102,31,True,True,5.22,True,92.28774282606526,37.19301880384946,3.8110971178073654,3.010326555593663,1.7408441242270518
methods,main,SquatL1,Active SysID,8103,0,True,True,5.22,True,89.91439159786711,36.13830362436778,3.6155870771497773,3.047051802655356,1.663672008293784
methods,main,SquatL1,Active SysID,8103,1,True,True,5.22,True,89.4999416150832,33.23792752196202,3.686254512430903,3.315985365505248,1.6955243984222852
methods,main,SquatL1,Active SysID,8103,2,True,True,5.22,True,95.09818647915894,42.10961002328593,4.014362146079961,3.3572918892381924,1.6386568796982675
methods,main,SquatL1,Active SysID,8103,3,True,True,5.22,True,90.80508405212817,36.47533763981881,3.704037171459764,3.072586759336111,1.71803751189027
methods,main,SquatL1,Active SysID,8103,4,True,True,5.22,True,92.99463346883566,39.25394333493128,3.677591954146477,3.0103249939937538,1.6778798412121638
methods,main,SquatL1,Active SysID,8103,5,True,True,5.22,True,93.87554058849672,33.638522850533285,4.302760064914403,4.001143211625005,1.8007641962692
methods,main,SquatL1,Active SysID,8103,6,False,False,3.48,True,97.23318685160271,43.82485134770137,4.094333835584927,3.3907200481300186,1.7303096719971884
methods,main,SquatL1,Active SysID,8103,7,True,True,5.22,True,95.24924203166165,42.23474736434097,3.805339077882358,2.9377424041158813,1.6472265311777932
methods,main,SquatL1,Active SysID,8103,8,True,True,5.22,True,90.975698943585,34.71694044360066,3.7026406047086455,3.3377949403678167,1.7100044174573388
methods,main,SquatL1,Active SysID,8103,9,True,True,5.22,True,107.20995170284397,44.25842654010782,5.052650145866692,4.875498024108456,2.173889222410154
methods,main,SquatL1,Active SysID,8103,10,True,True,5.22,True,94.41984584460508,40.54005506920229,4.036818312137627,3.415555278645964,1.7910554883745236
methods,main,SquatL1,Active SysID,8103,11,True,True,5.22,True,93.51810098547702,40.31917042978589,3.8104134675332193,3.007673142019288,1.7029331898000197
methods,main,SquatL1,Active SysID,8103,12,True,True,5.22,True,95.86371677103983,43.0022368896373,3.7497682466989173,2.967228222604331,1.705659294767564
methods,main,SquatL1,Active SysID,8103,13,True,True,5.22,True,90.94974885105823,36.9704626505743,3.6087549129771026,2.8940330742055558,1.6780760090395244
methods,main,SquatL1,Active SysID,8103,14,True,True,5.22,True,93.3641875365553,39.81046651374908,3.867180937263523,3.112004163773534,1.7495015369294238
methods,main,SquatL1,Active SysID,8103,15,True,True,5.22,True,91.92392232908273,38.28508034122911,3.6153326463808124,2.9935828360916052,1.6837927386174782
methods,main,SquatL1,Active SysID,8103,16,True,True,5.22,True,93.11162781244916,38.208039223060716,3.805211268719639,3.0616229837407514,1.725780922950462
methods,main,SquatL1,Active SysID,8103,17,True,True,5.22,True,92.96868988088862,39.57554514210699,3.6907141475325003,2.8797606597220824,1.6786580903486474
methods,main,SquatL1,Active SysID,8103,18,True,True,5.22,True,91.95369384764885,38.48089072895638,3.6956241534000576,2.9014104636886566,1.6738959459312734
methods,main,SquatL1,Active SysID,8103,19,True,True,5.22,True,102.15434468036264,41.35968759795414,5.06768684453316,4.832211397647353,2.243562420942064
methods,main,SquatL1,Active SysID,8103,20,True,True,5.22,True,91.19927398686173,37.13476927427619,3.6223057885907357,2.964628383377891,1.6577539454403951
methods,main,SquatL1,Active SysID,8103,21,True,True,5.22,True,89.42213625487531,34.74092206951683,3.644796280016565,3.0757217116869247,1.6728998921799096
methods,main,SquatL1,Active SysID,8103,22,True,True,5.22,True,91.26512922202821,37.12421421841864,3.54217585639748,2.877438529097514,1.6912745971139853
methods,main,SquatL1,Active SysID,8103,23,True,True,5.22,True,91.2762084187911,37.96732793033814,3.6809791700582766,2.8679665270555232,1.6798920613075017
methods,main,SquatL1,Active SysID,8103,24,True,True,5.22,True,91.33206624256394,38.030937147531105,3.777795591810929,3.0400919209155943,1.7193393718447247
methods,main,SquatL1,Active SysID,8103,25,True,True,5.22,True,92.06886996519893,38.36528312178523,3.7560733987315387,2.981432416599279,1.6917308100469088
methods,main,SquatL1,Active SysID,8103,26,True,True,5.22,True,91.29088019771687,37.77381250072429,3.5715498769058107,2.8173463132847765,1.6521085482179698
methods,main,SquatL1,Active SysID,8103,27,True,True,5.22,True,88.87469312462049,34.595816495987975,3.748737656199776,3.1600301291857695,1.7414423061593065
methods,main,SquatL1,Active SysID,8103,28,True,True,5.22,True,94.52541487170004,40.73652098188063,3.9267437804606025,3.136803266341476,1.6901930566780992
methods,main,SquatL1,Active SysID,8103,29,True,True,5.22,True,89.58556443020544,34.85665527265878,3.535635794756304,2.950626339676093,1.6673877007519635
methods,main,SquatL1,Active SysID,8103,30,True,True,5.22,True,90.5567181219048,36.19464605342104,3.752879029425703,3.0514221861891766,1.7961952958651874
methods,main,SquatL1,Active SysID,8103,31,True,True,5.22,True,92.10714154663623,38.72459036272358,3.7783111897837434,3.0632605203227796,1.7186014133591845
methods,main,SquatL1,Common torque,8101,0,True,True,5.22,True,93.31426196672142,38.155145505784645,3.9812804864675897,3.72332693715405,1.730251488532629
methods,main,SquatL1,Common torque,8101,1,True,True,5.22,True,91.21526270153672,35.566290546295384,3.7895209745287453,3.479444249364125,1.6830956098419856
methods,main,SquatL1,Common torque,8101,2,True,True,5.22,True,95.15994530043633,41.70231047576787,4.560093638587035,4.235673913250537,1.8366966894604786
methods,main,SquatL1,Common torque,8101,3,True,True,5.22,True,93.0299075746172,36.12230758700863,3.9856311812323866,3.6180178206610356,1.7095002454277861
methods,main,SquatL1,Common torque,8101,4,True,True,5.22,True,95.83866597321044,39.66201543361993,4.160292187303717,4.03037529935213,1.7402472484084535
methods,main,SquatL1,Common torque,8101,5,True,True,5.22,True,92.54277358823646,37.23567036904583,3.9095653156919026,3.5850403922794745,1.6707683806578566
methods,main,SquatL1,Common torque,8101,6,True,True,5.22,True,93.87420828160887,39.035791944450885,4.028235142704203,3.9093710355688507,1.6696557586532983
methods,main,SquatL1,Common torque,8101,7,True,True,5.22,True,94.10712354276527,37.79782025159429,4.145720911879238,4.174132179804726,1.8107287311426812
methods,main,SquatL1,Common torque,8101,8,True,True,5.22,True,93.42545859416686,39.24409601632406,4.257362899158031,3.92581090090999,1.7764645127947167
methods,main,SquatL1,Common torque,8101,9,True,True,5.22,True,93.91533640680498,38.80638079030025,4.020622180509147,3.7548419600917304,1.7226310992186555
methods,main,SquatL1,Common torque,8101,10,True,True,5.22,True,90.23184854092281,35.08734674134916,3.820228916676733,3.4924764249256466,1.7599409007955307
methods,main,SquatL1,Common torque,8101,11,True,True,5.22,True,90.57759140648483,35.351147628705654,3.8194527147753594,3.5345210058352987,1.7200691349955692
methods,main,SquatL1,Common torque,8101,12,True,True,5.22,True,95.1324769396058,40.693963267716285,4.361985139365317,4.084789167930023,1.8168239210021608
methods,main,SquatL1,Common torque,8101,13,True,True,5.22,True,93.11939690946433,38.30793154794,4.231118429849611,3.943406805708324,1.7706801172325277
methods,main,SquatL1,Common torque,8101,14,True,True,5.22,True,89.43532193165302,34.341634973952445,3.645999814271623,3.306981100812381,1.6541350008870475
methods,main,SquatL1,Common torque,8101,15,True,True,5.22,True,90.52787244036597,33.606676441287554,3.7097481456039376,3.5725039826790628,1.5947384068869015
methods,main,SquatL1,Common torque,8101,16,True,True,5.22,True,95.92715958095984,40.45620916096878,4.2479764937205395,4.004826486789003,1.8102011138727863
methods,main,SquatL1,Common torque,8101,17,True,True,5.22,True,95.66250113975624,35.08150401075759,4.348459433094481,4.39600586009475,1.9250696687716176
methods,main,SquatL1,Common torque,8101,18,True,True,5.22,True,89.1561250657447,34.0827556453112,3.674080454399345,3.3191906446891197,1.6817242671491608
methods,main,SquatL1,Common torque,8101,19,True,True,5.22,True,93.25426312182289,38.745826146448685,4.020645803496433,3.8095097391604025,1.6863367598864318
methods,main,SquatL1,Common torque,8101,20,True,True,5.22,True,92.29950726869824,37.85203764159617,3.949045111346806,3.730429312699889,1.6855014862495525
methods,main,SquatL1,Common torque,8101,21,True,True,5.22,True,93.78759663728786,38.64488447897368,4.245307831644705,3.9883161281066135,1.7769359688003785
methods,main,SquatL1,Common torque,8101,22,True,True,5.22,True,93.53536275201529,37.875462466601306,4.300185425169254,4.03876901636792,1.7452308507141385
methods,main,SquatL1,Common torque,8101,23,True,True,5.22,True,93.27768863640937,37.880182031758785,4.089375077621398,3.8600464921818207,1.7267016436616367
methods,main,SquatL1,Common torque,8101,24,True,True,5.22,True,93.08575879040053,36.67062699093111,4.06706531846004,3.7990975996810965,1.7015093318597563
methods,main,SquatL1,Common torque,8101,25,True,True,5.22,True,93.53714092399636,38.85161350649367,4.120420127396713,3.949059830910713,1.6594064711782217
methods,main,SquatL1,Common torque,8101,26,True,True,5.22,True,93.08386547513514,38.57290968181638,4.03129348917759,3.7362199402661576,1.6994413507671002
methods,main,SquatL1,Common torque,8101,27,True,True,5.22,True,93.30910877928312,39.24443960718548,4.039168501515375,3.7559680305570122,1.7064595735638899
methods,main,SquatL1,Common torque,8101,28,True,True,5.22,True,93.45438264998829,38.97034463465171,4.036376009103104,3.834674834061867,1.6876733658077059
methods,main,SquatL1,Common torque,8101,29,True,True,5.22,True,90.6926381144974,36.94810936109275,3.844409367781364,3.5301307834541413,1.680351364681912
methods,main,SquatL1,Common torque,8101,30,True,True,5.22,True,93.04527242128381,37.97178451184978,4.012977158264799,3.7390038537866497,1.6994864041594595
methods,main,SquatL1,Common torque,8101,31,True,True,5.22,True,92.06629096329087,37.16529277848584,3.8657062837420266,3.545242520602521,1.6584019387576017
methods,main,SquatL1,Common torque,8102,0,True,True,5.22,True,90.89323288303478,35.44403887778029,3.8330168171804733,3.5273173290546107,1.688347992994714
methods,main,SquatL1,Common torque,8102,1,True,True,5.22,True,93.5008944907777,37.90061806740989,4.188697431179818,3.934921510119669,1.7463924292402178
methods,main,SquatL1,Common torque,8102,2,True,True,5.22,True,91.73995170448401,36.466391282668894,3.880036407855027,3.6611962067580732,1.6633750711519932
methods,main,SquatL1,Common torque,8102,3,True,True,5.22,True,90.66227784048195,33.46605376363535,3.6562920184728975,3.277615711578495,1.647367844999269
methods,main,SquatL1,Common torque,8102,4,True,True,5.22,True,90.166202213045,34.109519509061975,3.811026838623466,3.4890230316866404,1.692570684032766
methods,main,SquatL1,Common torque,8102,5,True,True,5.22,True,90.52783770879857,36.68144270333052,3.7743402419326006,3.5308486505487835,1.6622391503132903
methods,main,SquatL1,Common torque,8102,6,True,True,5.22,True,90.10193971456636,35.46447861458272,3.7844185322639707,3.4860139326108928,1.6771103141227972
methods,main,SquatL1,Common torque,8102,7,True,True,5.22,True,92.05286666136237,37.554252932234405,4.05681909113873,3.8335094710616273,1.7096390973495397
methods,main,SquatL1,Common torque,8102,8,True,True,5.22,True,94.53250987835214,39.552958015576145,4.2137229725237475,3.902933101780164,1.768047111754782
methods,main,SquatL1,Common torque,8102,9,True,True,5.22,True,94.18024444583656,38.95863970472591,4.1335624653642995,3.9637003594753435,1.7004390201425459
methods,main,SquatL1,Common torque,8102,10,True,True,5.22,True,91.38289625135239,36.37397898844157,3.937467811062063,3.621703528004498,1.7052635287586564
methods,main,SquatL1,Common torque,8102,11,True,True,5.22,True,94.72858615327038,39.56363304632532,4.197873020235471,3.955251161511241,1.7437895859866819
methods,main,SquatL1,Common torque,8102,12,True,True,5.22,True,92.41752159198674,36.51505294408957,4.103943145146919,3.8348539375935125,1.7782889878699393
methods,main,SquatL1,Common torque,8102,13,True,True,5.22,True,94.26707663125426,39.90375353280379,4.156208316713656,3.948699337535636,1.687603785212761
methods,main,SquatL1,Common torque,8102,14,True,True,5.22,True,92.46803213657046,36.657592103487005,4.003858821950898,3.7711932388945337,1.7270777287202128
methods,main,SquatL1,Common torque,8102,15,True,True,5.22,True,92.73912226656745,38.38138607647963,3.9509047355121933,3.724306838684017,1.6789792525049718
methods,main,SquatL1,Common torque,8102,16,True,True,5.22,True,96.92525851248614,37.902543705409016,4.299895010126228,4.426587392118771,1.912917316986175
methods,main,SquatL1,Common torque,8102,17,True,True,5.22,True,94.59792957195427,39.18877765526279,4.112297227048558,3.9332697224097437,1.7386640481883104
methods,main,SquatL1,Common torque,8102,18,True,True,5.22,True,93.7156227555911,37.18203709829039,4.1729668260038135,3.9388821013349276,1.7091237282378784
methods,main,SquatL1,Common torque,8102,19,True,True,5.22,True,91.55401605685923,37.40174029383694,3.961696384402255,3.8553710843607787,1.667311167735256
methods,main,SquatL1,Common torque,8102,20,True,True,5.22,True,92.36547992824492,37.852803265730124,3.8837248560193345,3.610070065923426,1.6935039178981899
methods,main,SquatL1,Common torque,8102,21,True,True,5.22,True,92.83000988498566,39.62783900626175,4.144924704686419,3.7872083991574246,1.7304461543224556
methods,main,SquatL1,Common torque,8102,22,True,True,5.22,True,93.03918968753261,38.65322276341152,4.1640764880884955,3.8742586089349325,1.7600943236656978
methods,main,SquatL1,Common torque,8102,23,True,True,5.22,True,93.02854919234947,37.92369633070068,3.889532417751822,3.6219925671385615,1.6889303324339733
methods,main,SquatL1,Common torque,8102,24,True,True,5.22,True,96.84542832859509,41.784083725076506,4.284538382589623,4.039587142735065,1.7590733155340883
methods,main,SquatL1,Common torque,8102,25,True,True,5.22,True,90.11996288318085,34.97956368564264,3.8805690210331716,3.737428549825672,1.7138515390310245
methods,main,SquatL1,Common torque,8102,26,True,True,5.22,True,90.42358217931333,35.689634663580634,3.8414164712020096,3.5346903416269675,1.6942266072917724
methods,main,SquatL1,Common torque,8102,27,True,True,5.22,True,92.71376765752629,37.031734063686564,4.011245657722595,3.677126592041618,1.744015142220344
methods,main,SquatL1,Common torque,8102,28,True,True,5.22,True,93.59624324888937,39.080822730154246,4.016729759274701,3.7701587329052084,1.6961806093745608
methods,main,SquatL1,Common torque,8102,29,True,True,5.22,True,90.8021195499439,35.27141153976084,3.765599937301534,3.50757295546978,1.6717779024436765
methods,main,SquatL1,Common torque,8102,30,True,True,5.22,True,92.04502464708483,37.59489440315051,3.914812646206433,3.685768140737745,1.6962696731128928
methods,main,SquatL1,Common torque,8102,31,True,True,5.22,True,93.25022808645924,36.56796723843895,4.022913313604938,3.694679198204074,1.7485803756968896
methods,main,SquatL1,Common torque,8103,0,True,True,5.22,True,90.77307263378164,36.61364118204983,3.7594497825077346,3.5047865993778973,1.6715556698030625
methods,main,SquatL1,Common torque,8103,1,True,True,5.22,True,88.62468756481181,32.522054560264095,3.5406934617837353,3.2660869855976307,1.645567337578418
methods,main,SquatL1,Common torque,8103,2,True,True,5.22,True,94.23457717150893,39.8286919170371,4.227239032526681,3.970630176076681,1.7220122477486617
methods,main,SquatL1,Common torque,8103,3,True,True,5.22,True,88.87759414910738,34.10640590966328,3.5910742489577516,3.306925536983053,1.6731540827842286
methods,main,SquatL1,Common torque,8103,4,True,True,5.22,True,93.11090386187848,38.54309288581061,4.013082902149052,3.7896450004546547,1.7009188239777424
methods,main,SquatL1,Common torque,8103,5,True,True,5.22,True,88.55449607325976,31.637383019247817,3.516107598865365,3.207176847244362,1.678998892949854
methods,main,SquatL1,Common torque,8103,6,True,True,5.22,True,95.15493626662729,39.91690963555066,4.097035261446266,3.8775168014961516,1.7195312416176332
methods,main,SquatL1,Common torque,8103,7,True,True,5.22,True,93.90917484265627,39.848545191937056,3.9657083650387364,3.690156185247352,1.660112513115308
methods,main,SquatL1,Common torque,8103,8,True,True,5.22,True,90.91861518437187,32.60290334612415,3.653386558836754,3.3895679127434235,1.685419987778553
methods,main,SquatL1,Common torque,8103,9,True,True,5.22,True,94.93012459038941,34.82085521670313,4.541659699934118,4.708836332003708,1.9292746766614621
methods,main,SquatL1,Common torque,8103,10,True,True,5.22,True,91.87150746525316,35.79390956919423,3.91857135004181,3.7165337389114317,1.7117562779961122
methods,main,SquatL1,Common torque,8103,11,True,True,5.22,True,93.4278014474633,37.7312354237293,4.0326534063005885,3.7984825577021537,1.7210645177423018
methods,main,SquatL1,Common torque,8103,12,True,True,5.22,True,94.68540453327437,39.660479324642715,4.017676866752076,3.760320209056227,1.653174896920453
methods,main,SquatL1,Common torque,8103,13,True,True,5.22,True,91.09557089952095,36.010646730186615,3.7869211892486434,3.568455256219223,1.677528158723566
methods,main,SquatL1,Common torque,8103,14,True,True,5.22,True,93.56832804532449,38.4523231587784,4.1761979604257755,3.908703092084741,1.7689836431026014
methods,main,SquatL1,Common torque,8103,15,True,True,5.22,True,91.94655174398805,37.703186067514906,3.91961765959703,3.687369190110427,1.6879879587865712
methods,main,SquatL1,Common torque,8103,16,True,True,5.22,True,90.989209129939,34.537228479660726,3.67171845699834,3.3813298400493776,1.6432500361753053
methods,main,SquatL1,Common torque,8103,17,True,True,5.22,True,93.12212794069053,38.02290377130665,3.918833397240559,3.657715052044756,1.6944813686975695
methods,main,SquatL1,Common torque,8103,18,True,True,5.22,True,91.27713617988674,36.563629096722295,3.8651657625722535,3.636468326520651,1.686421180797398
methods,main,SquatL1,Common torque,8103,19,True,True,5.22,True,93.31728648911853,34.48566358086358,4.48154627446055,4.338730983972881,2.0097210996754344
methods,main,SquatL1,Common torque,8103,20,True,True,5.22,True,91.27952025486522,37.13339010140393,3.7132911486566615,3.399488188379659,1.6590950950918315
methods,main,SquatL1,Common torque,8103,21,True,True,5.22,True,88.25871699519142,31.64756992544416,3.4368655717842755,3.147060723463945,1.5897013129101643
methods,main,SquatL1,Common torque,8103,22,True,True,5.22,True,91.81421827526356,35.62407572721379,3.8235532776899923,3.5925218907593077,1.7043778273803496
methods,main,SquatL1,Common torque,8103,23,True,True,5.22,True,91.40655648665914,36.79303653278391,3.933364604462009,3.6795929517041244,1.696445468096664
methods,main,SquatL1,Common torque,8103,24,True,True,5.22,True,92.88861321754513,37.939499995316034,4.15987381438752,3.894731413532929,1.7417009127557601
methods,main,SquatL1,Common torque,8103,25,True,True,5.22,True,92.16717633395149,37.180182387166965,3.93924133649523,3.7199603430364654,1.7119450198188992
methods,main,SquatL1,Common torque,8103,26,True,True,5.22,True,92.146712400251,37.40447285545829,3.7834606266978246,3.5177167207066526,1.6655617892666417
methods,main,SquatL1,Common torque,8103,27,True,True,5.22,True,90.33607511933545,35.91164088426409,3.8528782961895782,3.5335772251427304,1.7363335839751595
methods,main,SquatL1,Common torque,8103,28,True,True,5.22,True,91.53879805985403,36.649877702058824,3.7816481451467507,3.6084230501306713,1.6775533219154235
methods,main,SquatL1,Common torque,8103,29,True,True,5.22,True,90.9951394865568,36.333254368954314,3.766052319729238,3.412506339948455,1.6388772678195511
methods,main,SquatL1,Common torque,8103,30,True,True,5.22,True,91.60084335351239,36.265912304558675,3.909580632066047,3.569740610736602,1.7766526250450696
methods,main,SquatL1,Common torque,8103,31,True,True,5.22,True,92.28393608838516,36.45297584337708,4.042167655907965,3.831697016129759,1.7240378882871412
methods,main,SquatL1,Excitation torque,8101,0,True,True,5.22,True,94.44970371851413,34.50049754084523,3.9044638825252385,3.729081412119178,1.7385840059060267
methods,main,SquatL1,Excitation torque,8101,1,True,True,5.22,True,92.41029633477945,32.82415575957477,3.7721561856410886,3.566423181953137,1.6928470956429622
methods,main,SquatL1,Excitation torque,8101,2,True,True,5.22,True,94.73430251166022,34.74874043131879,3.659209793836711,3.359198574740594,1.7248521044528355
methods,main,SquatL1,Excitation torque,8101,3,True,True,5.22,True,91.57529487579252,33.00901654488131,3.6865973201732904,3.30912933261603,1.66362657469694
methods,main,SquatL1,Excitation torque,8101,4,True,True,5.22,True,101.30243194836856,42.663448696134274,4.2844683715747935,3.8485085260960634,1.811664871085361
methods,main,SquatL1,Excitation torque,8101,5,True,True,5.22,True,91.44876373464771,32.74820462697603,3.6904056886992294,3.435348532205283,1.6667382699083297
methods,main,SquatL1,Excitation torque,8101,6,True,True,5.22,True,98.35254251591091,34.346571888053695,3.9115957683410274,3.6963446857394326,1.6716557802824619
methods,main,SquatL1,Excitation torque,8101,7,True,True,5.22,True,95.76335503525894,36.89909327368852,3.9509366133398074,3.555495554438416,1.769953340145726
methods,main,SquatL1,Excitation torque,8101,8,True,True,5.22,True,93.81359936779765,34.23190300136592,3.8427563263440128,3.640367850170213,1.7344332601844443
methods,main,SquatL1,Excitation torque,8101,9,True,True,5.22,True,95.56191585019089,34.467842606998666,3.809014736639772,3.6362737768202082,1.7074124265875326
methods,main,SquatL1,Excitation torque,8101,10,True,True,5.22,True,91.89348238629596,33.496168844956685,3.8241639434894186,3.561617419591947,1.7232895255977936
methods,main,SquatL1,Excitation torque,8101,11,True,True,5.22,True,91.45439512464411,32.72068246615406,3.6984600052277843,3.448503145705528,1.6834103145626877
methods,main,SquatL1,Excitation torque,8101,12,True,True,5.22,True,91.56412557567353,33.31843831671173,3.6745995956032496,3.3384177295145245,1.705955875809609
methods,main,SquatL1,Excitation torque,8101,13,True,True,5.22,True,94.20061966518075,34.18332588712577,3.803946358578451,3.6170247417715955,1.7235923381795473
methods,main,SquatL1,Excitation torque,8101,14,True,True,5.22,True,92.1292930990375,32.62570602546458,3.871408772648269,3.7104186586797425,1.6889168187150219
methods,main,SquatL1,Excitation torque,8101,15,True,True,5.22,True,91.15788448695073,33.35490411607798,3.5959361103943173,3.404023709910241,1.6119160910852677
methods,main,SquatL1,Excitation torque,8101,16,True,True,5.22,True,97.4941189416508,40.236198230340236,3.7407255133709736,3.3175433938996637,1.7138263523177522
methods,main,SquatL1,Excitation torque,8101,17,True,True,5.22,True,93.76587674782036,35.38045651204323,4.555163096429168,3.945015178099886,2.0817169654578174
methods,main,SquatL1,Excitation torque,8101,18,True,True,5.22,True,92.78343310366535,33.71732687544259,3.9305542633070023,3.7428056711622886,1.713426153972571
methods,main,SquatL1,Excitation torque,8101,19,True,True,5.22,True,95.85784716920278,34.4813307948474,3.7937434649890265,3.614561163513472,1.7060172350127152
methods,main,SquatL1,Excitation torque,8101,20,True,True,5.22,True,95.74683855661362,34.00727697510569,3.8554204787136155,3.746741710698988,1.7344338374513455
methods,main,SquatL1,Excitation torque,8101,21,True,True,5.22,True,95.33001087542452,34.84957236182836,3.783356241093682,3.5468230762719064,1.7581030006865428
methods,main,SquatL1,Excitation torque,8101,22,True,True,5.22,True,93.3839845552944,35.55565614863886,3.63467985663344,3.2545533178373467,1.7255747401608852
methods,main,SquatL1,Excitation torque,8101,23,True,True,5.22,True,95.54214153035754,35.082681287875744,3.744849634375348,3.4815512606939656,1.737867653021225
methods,main,SquatL1,Excitation torque,8101,24,True,True,5.22,True,91.2023869676779,33.293866232682845,3.5572283675885386,3.197608351203984,1.6544716445372136
methods,main,SquatL1,Excitation torque,8101,25,True,True,5.22,True,95.92362282535079,35.78847961093521,3.7786994411228743,3.5313737993970604,1.7177628551894515
methods,main,SquatL1,Excitation torque,8101,26,True,True,5.22,True,94.13903315528992,33.699572953359564,3.770585271548585,3.586609084784265,1.71371540278143
methods,main,SquatL1,Excitation torque,8101,27,True,True,5.22,True,95.53997369939505,34.062601433892254,3.9351402053094207,3.835283368950157,1.7540168922337869
methods,main,SquatL1,Excitation torque,8101,28,True,True,5.22,True,95.6523971638238,34.68625559901448,3.7365670974617284,3.465578131969576,1.6985479422407113
methods,main,SquatL1,Excitation torque,8101,29,True,True,5.22,True,95.36036163227452,33.79689742771136,3.8883935620278978,3.810781379223226,1.7024629805536737
methods,main,SquatL1,Excitation torque,8101,30,True,True,5.22,True,94.00515156589177,34.17323206177194,3.800413381801296,3.6125221217750307,1.7073149602441746
methods,main,SquatL1,Excitation torque,8101,31,True,True,5.22,True,93.58409900845125,32.877628685038275,3.8385341175557954,3.725351210991536,1.7175849641232053
methods,main,SquatL1,Excitation torque,8102,0,True,True,5.22,True,92.57369034448199,32.884727132776035,3.7930973752964663,3.606068111780594,1.7179926795853953
methods,main,SquatL1,Excitation torque,8102,1,True,True,5.22,True,92.94722128223867,34.686110903629526,3.601241125611976,3.322324803834207,1.7094984618074818
methods,main,SquatL1,Excitation torque,8102,2,True,True,5.22,True,93.76515759737589,33.56963063857586,3.807935873927638,3.6530559351061385,1.7037731052926157
methods,main,SquatL1,Excitation torque,8102,3,True,True,5.22,True,90.28378821697291,32.07384137948226,3.7439760208084967,3.425866610770151,1.6494898221614918
methods,main,SquatL1,Excitation torque,8102,4,True,True,5.22,True,91.05091285217216,32.869366812986044,3.725157533624974,3.449837035991875,1.6876344593845618
methods,main,SquatL1,Excitation torque,8102,5,True,True,5.22,True,92.81914785399094,32.80650190606956,3.9106926125194748,3.7668563151021344,1.704327771581312
methods,main,SquatL1,Excitation torque,8102,6,True,True,5.22,True,93.66518146028083,33.136450540670005,3.963134717363804,3.809596692918501,1.698450815519
methods,main,SquatL1,Excitation torque,8102,7,True,True,5.22,True,93.96549970067215,33.834386795517254,3.8381317963941717,3.734114425211476,1.6937267451230251
methods,main,SquatL1,Excitation torque,8102,8,True,True,5.22,True,93.56342928626164,34.26914381101251,3.7374438018233898,3.5313322740256177,1.7421982196295833
methods,main,SquatL1,Excitation torque,8102,9,True,True,5.22,True,96.26664964028818,36.02781539648678,3.8213775727409525,3.521472919780318,1.7209388658118825
methods,main,SquatL1,Excitation torque,8102,10,True,True,5.22,True,94.87259810881196,34.02899764706781,3.83244188614894,3.7109480759020492,1.7287858335668647
methods,main,SquatL1,Excitation torque,8102,11,True,True,5.22,True,96.77406964633899,37.05470170091918,3.829509671372016,3.51014768540841,1.711968986593551
methods,main,SquatL1,Excitation torque,8102,12,True,True,5.22,True,102.50064266236794,39.23569814179244,4.1729144904807605,3.7975224765767064,1.7712105328320746
methods,main,SquatL1,Excitation torque,8102,13,True,True,5.22,True,96.24035105915233,35.682814170006054,3.82998906624891,3.5998706652229706,1.7108482227858093
methods,main,SquatL1,Excitation torque,8102,14,True,True,5.22,True,95.27324881122351,34.09518613927213,3.669035927849563,3.398875308302468,1.718409871752646
methods,main,SquatL1,Excitation torque,8102,15,True,True,5.22,True,94.84976679513869,33.9064510013855,3.873838652326757,3.719317970205239,1.7063126877550439
methods,main,SquatL1,Excitation torque,8102,16,True,True,5.22,True,102.47657235047427,37.333408584623605,4.7453201782882815,4.451365229741867,2.0792080057048814
methods,main,SquatL1,Excitation torque,8102,17,True,True,5.22,True,96.72058766515876,36.99984077441918,3.858126780742248,3.496007752403158,1.7136469117842135
methods,main,SquatL1,Excitation torque,8102,18,False,False,2.46,True,113.10817601180015,47.91481540444738,4.82951043510486,4.311479777959733,1.7954304157281191
methods,main,SquatL1,Excitation torque,8102,19,True,True,5.22,True,94.54247934974109,33.77522649071319,3.8802558010710015,3.698441131532573,1.7107744289869282
methods,main,SquatL1,Excitation torque,8102,20,True,True,5.22,True,95.0078429581452,33.642324321768264,3.897093013700325,3.7474785860132727,1.707286117610878
methods,main,SquatL1,Excitation torque,8102,21,True,True,5.22,True,96.11778058548734,34.638800142075794,3.852336686068956,3.6909520167194474,1.7112683925434975
methods,main,SquatL1,Excitation torque,8102,22,True,True,5.22,True,94.76939681375178,33.99813970246588,3.879999497979558,3.7391411477189322,1.7333407719788914
methods,main,SquatL1,Excitation torque,8102,23,True,True,5.22,True,94.85840245995412,33.641184935307884,3.8608442478634157,3.7130988267160205,1.6976292804833233
methods,main,SquatL1,Excitation torque,8102,24,True,True,5.22,True,99.80472495905789,39.88106096703232,3.9579668810277875,3.626947837939895,1.7930530441237351
methods,main,SquatL1,Excitation torque,8102,25,True,True,5.22,True,92.46787508926212,32.475942415143756,3.8906457286070624,3.821209416974067,1.719701786798266
methods,main,SquatL1,Excitation torque,8102,26,True,True,5.22,True,93.92150976556911,32.863667209938356,3.9058276903464075,3.7472812898905214,1.7143631768804584
methods,main,SquatL1,Excitation torque,8102,27,True,True,5.22,True,90.69619628659646,32.940384417660525,3.7117343256866437,3.444009942277122,1.6595033963301262
methods,main,SquatL1,Excitation torque,8102,28,True,True,5.22,True,94.8570905992853,34.44254094591847,3.86217531826546,3.694923441247994,1.720343456571964
methods,main,SquatL1,Excitation torque,8102,29,True,True,5.22,True,94.54343023570216,33.39224779553374,3.780933369353584,3.6430316571671266,1.7291876001722364
methods,main,SquatL1,Excitation torque,8102,30,True,True,5.22,True,94.93719476971384,33.52391195278204,3.9343302323262828,3.7857792993803616,1.723009508671594
methods,main,SquatL1,Excitation torque,8102,31,True,True,5.22,True,91.67441533737232,32.90086928791877,3.628924097688971,3.2628521691962025,1.6472467004011275
methods,main,SquatL1,Excitation torque,8103,0,True,True,5.22,True,94.32366090794447,33.83914572554995,3.9211354044009346,3.8295004309291656,1.689066325476098
methods,main,SquatL1,Excitation torque,8103,1,True,True,5.22,True,92.66059367955594,33.26989634512705,3.89155462105603,3.7931216167353106,1.680771677173871
methods,main,SquatL1,Excitation torque,8103,2,True,True,5.22,True,96.85360263790174,35.80913037681451,3.820771908641968,3.620068199274183,1.7312860242869321
methods,main,SquatL1,Excitation torque,8103,3,True,True,5.22,True,91.87734800493497,32.75860906212968,3.8552015172708916,3.740296338894516,1.7019612345230555
methods,main,SquatL1,Excitation torque,8103,4,True,True,5.22,True,95.12139353686764,34.20680579340254,3.844025791421658,3.6922669626774356,1.7025333911299672
methods,main,SquatL1,Excitation torque,8103,5,True,True,5.22,True,94.4658590161377,33.620919705601274,4.148544972285075,4.090860916863567,1.7155679998780824
methods,main,SquatL1,Excitation torque,8103,6,True,True,5.22,True,95.72003646808014,37.54392533407896,3.632952537346093,3.247277642660552,1.6629447913102562
methods,main,SquatL1,Excitation torque,8103,7,True,True,5.22,True,95.02338273965287,34.30964919317435,3.7810717702231815,3.5431887024020354,1.6994779015299974
methods,main,SquatL1,Excitation torque,8103,8,True,True,5.22,True,92.62250323622823,35.05503325426083,4.013011578016607,3.7994436460931102,1.63229957717447
methods,main,SquatL1,Excitation torque,8103,9,True,True,5.22,True,98.15113971893969,33.94217208427459,4.589622047506049,4.288807991303358,1.966327676571151
methods,main,SquatL1,Excitation torque,8103,10,True,True,5.22,True,92.73824592216023,34.06053946905592,3.7948160242433757,3.51578923685114,1.7179491079632772
methods,main,SquatL1,Excitation torque,8103,11,True,True,5.22,True,94.2815844018748,34.370438252050064,3.8182684042892006,3.616512629522017,1.727078402158245
methods,main,SquatL1,Excitation torque,8103,12,True,True,5.22,True,93.45148883645588,34.93564046640793,3.582916346414411,3.1609159606494495,1.6879990922198091
methods,main,SquatL1,Excitation torque,8103,13,True,True,5.22,True,94.49982249257613,33.88047517263717,3.8847979742539116,3.7704379419598504,1.710756318246742
methods,main,SquatL1,Excitation torque,8103,14,True,True,5.22,True,94.0800221549342,34.32316034786364,3.757195183966501,3.5490639356565867,1.753187784096359
methods,main,SquatL1,Excitation torque,8103,15,True,True,5.22,True,94.7944561744449,33.621822561547496,3.881841018768336,3.7943685115531935,1.7600530490871527
methods,main,SquatL1,Excitation torque,8103,16,True,True,5.22,True,91.76855339912314,32.531748400288784,3.8522797878263075,3.6439850216528034,1.6526693494096976
methods,main,SquatL1,Excitation torque,8103,17,True,True,5.22,True,94.88376065242512,33.876044267850574,3.8086497755669777,3.6378601610321537,1.6905385857061375
methods,main,SquatL1,Excitation torque,8103,18,True,True,5.22,True,94.09960887949737,34.267586789965925,3.7872877141046426,3.6286325240917674,1.6991764476268263
methods,main,SquatL1,Excitation torque,8103,19,True,True,5.22,True,97.36690561919205,35.52079956916653,4.671268804253909,4.123020371276809,2.074285992152244
methods,main,SquatL1,Excitation torque,8103,20,True,True,5.22,True,94.80167978171811,33.14112618374167,3.9102499393693186,3.812181300636493,1.6915860936942984
methods,main,SquatL1,Excitation torque,8103,21,True,True,5.22,True,89.81654266030625,32.913597757448144,3.7605225835329974,3.5813246579722673,1.5899913980270701
methods,main,SquatL1,Excitation torque,8103,22,True,True,5.22,True,92.77121154608513,33.46929651729349,3.7078809682416964,3.505524184307274,1.7136933528544975
methods,main,SquatL1,Excitation torque,8103,23,True,True,5.22,True,93.42159827032957,33.513652519344646,3.8351825145364757,3.73129893532786,1.7133700896690374
methods,main,SquatL1,Excitation torque,8103,24,True,True,5.22,True,93.82946821502651,34.07657528501175,3.734575208803364,3.5514425331164126,1.7099269363413387
methods,main,SquatL1,Excitation torque,8103,25,True,True,5.22,True,94.45496388666807,34.215812302637424,3.869169183278599,3.724095087094185,1.7165562434120374
methods,main,SquatL1,Excitation torque,8103,26,True,True,5.22,True,93.82215120241014,32.975479301996714,3.8707671776892054,3.7864338236886765,1.694601557374942
methods,main,SquatL1,Excitation torque,8103,27,True,True,5.22,True,92.25849669638717,33.226048199853764,3.814119503096033,3.567661330825421,1.7006557211143793
methods,main,SquatL1,Excitation torque,8103,28,True,True,5.22,True,94.95789556086827,33.06164730194467,3.960460764860699,3.8911618741149705,1.7274628422125464
methods,main,SquatL1,Excitation torque,8103,29,True,True,5.22,True,94.2537845998626,32.97941742053542,3.828954588203053,3.7058867633189574,1.6713149533339557
methods,main,SquatL1,Excitation torque,8103,30,True,True,5.22,True,97.38787068097386,34.95188355628176,3.896879971184162,3.5453073870392275,1.6922508210530582
methods,main,SquatL1,Excitation torque,8103,31,True,True,5.22,True,94.51624690143852,34.586477995255684,3.687841148204852,3.490492168608651,1.7187860524169332
methods,main,CR7,Original,8101,0,True,True,3.92,True,124.04887793564916,43.285316669519524,6.398131799295703,5.338012512492363,2.6899767362182936
methods,main,CR7,Original,8101,1,True,True,3.92,True,122.2088888221668,43.23903748756726,6.433798457304627,5.267243673234706,2.613540611760973
methods,main,CR7,Original,8101,2,True,True,3.92,True,123.47246837171187,42.27635617290881,6.3704877175172365,5.327985995705056,2.6995873586929497
methods,main,CR7,Original,8101,3,True,True,3.92,True,126.44353045714237,43.196505400136715,6.458923902033247,5.491547160460686,2.695975570364136
methods,main,CR7,Original,8101,4,True,True,3.92,True,124.59688451140593,44.43743697404839,6.260244374809225,5.297120252816239,2.636106569785003
methods,main,CR7,Original,8101,5,True,True,3.92,True,123.5816505599821,43.12705232852468,6.310505468867525,5.237932418585798,2.638984217636707
methods,main,CR7,Original,8101,6,True,True,3.92,True,123.34667141167573,43.21403785318602,6.347023410127507,5.342693608381591,2.6879626740796003
methods,main,CR7,Original,8101,7,True,True,3.92,True,129.1001227065656,45.537786062933506,6.713353396388436,5.6288483816189,2.7017400755680088
methods,main,CR7,Original,8101,8,True,True,3.92,True,122.8351990519709,42.66164050374569,6.388115680524868,5.317678315199155,2.696668521457259
methods,main,CR7,Original,8101,9,True,True,3.92,True,123.31291951746645,42.52694686203781,6.271346933156735,5.205911503053113,2.652124755627264
methods,main,CR7,Original,8101,10,True,True,3.92,True,123.38844589715235,43.50195754758663,6.463643704196706,5.3284740382375615,2.6585649038961607
methods,main,CR7,Original,8101,11,True,True,3.92,True,122.70866574863757,42.892120003458906,6.402767165226721,5.285395677881298,2.67688830292137
methods,main,CR7,Original,8101,12,True,True,3.92,True,123.37333634934859,42.94018909927447,6.390444774464712,5.275296905066386,2.752250697176074
methods,main,CR7,Original,8101,13,True,True,3.92,True,123.21835047367976,42.58763851918712,6.341057745931262,5.287605040408402,2.6605574622977137
methods,main,CR7,Original,8101,14,True,True,3.92,True,123.72629390222721,44.22454752659909,6.496386726753981,5.366524572974536,2.6498664078994096
methods,main,CR7,Original,8101,15,True,True,3.92,True,123.41127996306304,42.68653457619435,6.254931165552644,5.253592439297542,2.662614777236548
methods,main,CR7,Original,8101,16,True,True,3.92,True,127.66232812018386,44.940807583689924,6.685812918994982,5.667840364180305,2.7569893379921186
methods,main,CR7,Original,8101,17,True,True,3.92,True,123.27839734424936,42.8234777609536,6.271030028057155,5.239899527024764,2.645143444937835
methods,main,CR7,Original,8101,18,True,True,3.92,True,123.43203188299731,44.30149457586186,6.572232413699411,5.386989029843301,2.662349023893849
methods,main,CR7,Original,8101,19,True,True,3.92,True,122.64330368745186,43.077001407988234,6.30076917510328,5.1456504082953405,2.6648348409144518
methods,main,CR7,Original,8101,20,True,True,3.92,True,122.61011636287697,43.21640452193819,6.3127496978237225,5.204424599961113,2.6566116005356917
methods,main,CR7,Original,8101,21,True,True,3.92,True,124.01095154689646,42.71442294632275,6.304050717543202,5.308895069260015,2.6860004830952584
methods,main,CR7,Original,8101,22,True,True,3.92,True,126.55116510591402,43.58660975887408,6.369616781361581,5.544003502506427,2.6763284375211853
methods,main,CR7,Original,8101,23,True,True,3.92,True,123.86944433582946,43.03016067121366,6.23600416261629,5.260540581377933,2.6467280716375146
methods,main,CR7,Original,8101,24,True,True,3.92,True,124.18145910429158,42.695663569439475,6.249032854460103,5.295537144614496,2.638227092671936
methods,main,CR7,Original,8101,25,True,True,3.92,True,123.45093567862513,42.743017650385944,6.241882015232095,5.19728705417137,2.676204767235761
methods,main,CR7,Original,8101,26,True,True,3.92,True,122.74333852995005,42.86500368717248,6.277779554064985,5.186788144747019,2.6471485383253692
methods,main,CR7,Original,8101,27,True,True,3.92,True,122.97018286552971,43.374989446167525,6.354586062452045,5.222574408342154,2.683916267207614
methods,main,CR7,Original,8101,28,True,True,3.92,True,123.19215332921952,43.45798482254148,6.279437508117221,5.196382828666269,2.6699904777701677
methods,main,CR7,Original,8101,29,True,True,3.92,True,121.74239340711677,42.82444977550525,6.491821654307114,5.321054725078577,2.7450610419874195
methods,main,CR7,Original,8101,30,True,True,3.92,True,123.72503839833567,43.61560594845466,6.240565776988519,5.270636027703522,2.668644287858797
methods,main,CR7,Original,8101,31,True,True,3.92,True,122.38609650367034,43.08355143194585,6.39319415294348,5.250821659027884,2.663390220200865
methods,main,CR7,Original,8102,0,True,True,3.92,True,122.72631845855175,43.23211503206355,6.372435120448591,5.251086537683445,2.613525729259989
methods,main,CR7,Original,8102,1,True,True,3.92,True,125.37278365101223,43.11846297766486,6.26450094104608,5.326875504743036,2.6568453264802905
methods,main,CR7,Original,8102,2,True,True,3.92,True,122.90815112112341,43.25828774440971,6.317890754957803,5.158447685881567,2.6045629304317353
methods,main,CR7,Original,8102,3,True,True,3.92,True,123.11569966789739,43.4231253800612,6.461580265794622,5.319696078010957,2.6674225587423144
methods,main,CR7,Original,8102,4,True,True,3.92,True,123.25040747247903,42.9533204587059,6.314185603112987,5.235590160349995,2.5990325542232013
methods,main,CR7,Original,8102,5,True,True,3.92,True,122.56443609497352,43.367232680356786,6.403322881672602,5.257469776375698,2.6600907491019257
methods,main,CR7,Original,8102,6,True,True,3.92,True,122.67826114978935,43.95147005856456,6.486141701345697,5.271217236999506,2.657715564702885
methods,main,CR7,Original,8102,7,True,True,3.92,True,122.98381351932817,43.175047211487744,6.327643306985646,5.248123123640907,2.744698510105798
methods,main,CR7,Original,8102,8,True,True,3.92,True,122.95068493114974,42.919735669773445,6.326147164732055,5.24605445313128,2.717761620689458
methods,main,CR7,Original,8102,9,True,True,3.92,True,123.67974450010149,43.43886736387958,6.22603676538091,5.230370108099592,2.621088989617627
methods,main,CR7,Original,8102,10,True,True,3.92,True,123.14542229822924,42.80190427989572,6.345902285503739,5.24743820571127,2.6552474955711602
methods,main,CR7,Original,8102,11,True,True,3.92,True,124.23229071030042,43.33704264365624,6.2348195808925135,5.296184043240459,2.66101764975309
methods,main,CR7,Original,8102,12,True,True,3.92,True,123.82115241462026,43.11035737387733,6.361247462225715,5.349206117021454,2.6604842375448645
methods,main,CR7,Original,8102,13,True,True,3.92,True,123.25157085645682,43.289214020162454,6.270568424618156,5.231583589340672,2.6747104057200035
methods,main,CR7,Original,8102,14,True,True,3.92,True,123.7867878077299,42.619373779260364,6.284741907107738,5.240067984415981,2.6604337700542073
methods,main,CR7,Original,8102,15,True,True,3.92,True,122.89078661226476,43.366616346851146,6.386712993950551,5.208889439377379,2.6792583878649694
methods,main,CR7,Original,8102,16,True,True,3.92,True,122.46110185705946,42.372712339123325,6.277921769787641,5.14216332612867,2.6380875568068776
methods,main,CR7,Original,8102,17,True,True,3.92,True,123.7720948722476,43.62302526679426,6.236815233174672,5.307362841373916,2.6251760780801208
methods,main,CR7,Original,8102,18,True,True,3.92,True,125.65488948539621,43.658161704947894,6.261846519614889,5.305260054039268,2.6399840555315603
methods,main,CR7,Original,8102,19,True,True,3.92,True,123.79089284141439,44.3758852179715,6.379519447479781,5.242601072758472,2.6047892660553384
methods,main,CR7,Original,8102,20,True,True,3.92,True,122.72509468535141,43.32069866788305,6.37237803917133,5.218754740696368,2.6454919538290094
methods,main,CR7,Original,8102,21,True,True,3.92,True,122.14407190122047,42.863350092925394,6.4340762940194915,5.310741226899161,2.681712937749948
methods,main,CR7,Original,8102,22,True,True,3.92,True,123.40967879390455,43.09211846567983,6.387992334405871,5.282227200347049,2.675130399858114
methods,main,CR7,Original,8102,23,True,True,3.92,True,123.10131673636634,43.1821245102037,6.329876223731043,5.182484804755846,2.63591718898267
methods,main,CR7,Original,8102,24,True,True,3.92,True,123.877836579668,43.63692910016898,6.234592199669196,5.269062739837201,2.6610641121250125
methods,main,CR7,Original,8102,25,True,True,3.92,True,122.98433943336038,43.2726061681422,6.280270578934943,5.161071256780581,2.649407769097222
methods,main,CR7,Original,8102,26,True,True,3.92,True,122.60777343635807,43.350018127228196,6.428622094627082,5.2128744766292865,2.6284839502001285
methods,main,CR7,Original,8102,27,True,True,3.92,True,123.56298052247557,43.024948381231546,6.388526789192918,5.283412375775791,2.6632538652866873
methods,main,CR7,Original,8102,28,True,True,3.92,True,123.22533203342515,43.35668112944265,6.305655294701805,5.22598289837771,2.7104448759549014
methods,main,CR7,Original,8102,29,True,True,3.92,True,122.73163773814933,42.5183391500564,6.305299746244681,5.273302709299376,2.6280938826332916
methods,main,CR7,Original,8102,30,True,True,3.92,True,122.53714195340872,43.311068456504586,6.3543411022454865,5.208950308448942,2.610051551356028
methods,main,CR7,Original,8102,31,True,True,3.92,True,124.91819601939928,42.82448698303735,6.443895219314723,5.4580683573014825,2.6857715610583766
methods,main,CR7,Original,8103,0,True,True,3.92,True,122.53195527620109,43.546555428335665,6.437306795193432,5.282473103060215,2.6786349386060846
methods,main,CR7,Original,8103,1,True,True,3.92,True,121.86939013883206,43.308690677955056,6.40516773161747,5.20853141220283,2.6528237327659134
methods,main,CR7,Original,8103,2,True,True,3.92,True,123.54404458825053,43.44563148797619,6.261838516381621,5.291601040606123,2.657370698046323
methods,main,CR7,Original,8103,3,True,True,3.92,True,122.63820248950562,43.15935688559751,6.355702135142527,5.205629229145241,2.626369467448
methods,main,CR7,Original,8103,4,True,True,3.92,True,123.42617712309207,43.30744625102055,6.28190157723021,5.2273777485221835,2.6917196073330687
methods,main,CR7,Original,8103,5,True,True,3.92,True,122.43475536863598,44.181963490944916,6.617988910286517,5.34373640715926,2.701400383212007
methods,main,CR7,Original,8103,6,True,True,3.92,True,124.92058939800438,43.489532146428026,6.27726551542486,5.373576478814286,2.6723014894930794
methods,main,CR7,Original,8103,7,True,True,3.92,True,122.69954750717243,43.17773746952432,6.3419735838419085,5.240983499388801,2.6839675631935673
methods,main,CR7,Original,8103,8,True,True,3.92,True,123.07629118871452,42.89270990601122,6.253573815800776,5.101157010163748,2.634978934315092
methods,main,CR7,Original,8103,9,True,True,3.92,True,123.0870590609057,43.214808216926755,6.274937177444905,5.14045286067551,2.6037579775604898
methods,main,CR7,Original,8103,10,True,True,3.92,True,123.58640182887416,42.80832775958097,6.286376680042332,5.22422695795188,2.6757817298384263
methods,main,CR7,Original,8103,11,True,True,3.92,True,123.43925211644196,42.87081409921152,6.259019419611659,5.201082214717809,2.6242696817007025
methods,main,CR7,Original,8103,12,True,True,3.92,True,123.72143832242594,42.81493829348982,6.235370940606249,5.218472442438892,2.620080721107864
methods,main,CR7,Original,8103,13,True,True,3.92,True,122.93644095875584,43.28582855836347,6.407371526413161,5.321727371475768,2.660091383763698
methods,main,CR7,Original,8103,14,True,True,3.92,True,123.32368817798836,43.24933476592755,6.373393651580254,5.23971921779096,2.721807364608634
methods,main,CR7,Original,8103,15,True,True,3.92,True,122.54412507722444,43.593561870880244,6.382751531776153,5.233303107203265,2.6795157194063126
methods,main,CR7,Original,8103,16,True,True,3.92,True,123.68740732969596,43.09273960263182,6.33225163771714,5.279497294860841,2.623189845002042
methods,main,CR7,Original,8103,17,True,True,3.92,True,123.3443615042248,43.457247970657114,6.3247403528502675,5.160417195078047,2.634357782526164
methods,main,CR7,Original,8103,18,True,True,3.92,True,123.47366325118593,43.15110582995889,6.362129826861301,5.237122444905558,2.709558163053272
methods,main,CR7,Original,8103,19,True,True,3.92,True,123.02907062187516,42.94180862305007,6.341766709279197,5.238551558413937,2.598477625364758
methods,main,CR7,Original,8103,20,True,True,3.92,True,122.81993656560984,43.67256530677265,6.418569951546485,5.277649120189583,2.6450090454428903
methods,main,CR7,Original,8103,21,True,True,3.92,True,124.09415244156729,42.40804513612443,6.302206413525753,5.275652440494685,2.6349141610968005
methods,main,CR7,Original,8103,22,True,True,3.92,True,123.20844758281204,43.0115452129738,6.359301119849097,5.2330404307787655,2.6299473913758513
methods,main,CR7,Original,8103,23,True,True,3.92,True,123.31376759143727,43.43150600328909,6.313709865092397,5.221596997330473,2.6639995333720385
methods,main,CR7,Original,8103,24,True,True,3.92,True,128.61011583033056,44.751371007504794,6.5589355685146105,5.6473070989521075,2.697855916281217
methods,main,CR7,Original,8103,25,True,True,3.92,True,123.22336895802994,42.964713242811676,6.353963776538928,5.291114781896367,2.6741017262307634
methods,main,CR7,Original,8103,26,True,True,3.92,True,122.24524059139813,43.164754219493915,6.400103892276649,5.247024784825259,2.6692288376749125
methods,main,CR7,Original,8103,27,True,True,3.92,True,122.72522246900704,43.70966749760049,6.517957616065451,5.381362921726233,2.657728041870575
methods,main,CR7,Original,8103,28,True,True,3.92,True,122.25591111810444,43.54107589993407,6.412118366677047,5.220139583834313,2.6337798571483626
methods,main,CR7,Original,8103,29,True,True,3.92,True,122.47654999175948,42.91406030132851,6.3329699511852535,5.176640612666087,2.6161540584388723
methods,main,CR7,Original,8103,30,True,True,3.92,True,123.47328989270684,43.73481612417714,6.548594716528239,5.42255224215956,2.6766659023934882
methods,main,CR7,Original,8103,31,True,True,3.92,True,123.02188143927941,42.81736934738691,6.316866479297477,5.283484392410169,2.688480704283388
methods,main,CR7,FT-only,8101,0,True,True,3.92,True,120.99902557249658,53.68259763164105,6.325093990963709,5.510892846166738,2.640051417460225
methods,main,CR7,FT-only,8101,1,True,True,3.92,True,119.61391360872831,52.86178104744539,6.204747670470943,5.466729959014648,2.6123006177285983
methods,main,CR7,FT-only,8101,2,True,True,3.92,True,119.56867411814284,52.45754327937785,6.14367699715963,5.487783759362774,2.7719753933167377
methods,main,CR7,FT-only,8101,3,True,True,3.92,True,121.41157859598259,53.0761685747425,6.44252047657289,5.611751206505686,2.766392454472614
methods,main,CR7,FT-only,8101,4,True,True,3.92,True,121.62451727394425,54.51667582084945,6.0469312998944815,4.913397354220836,2.481873569336324
methods,main,CR7,FT-only,8101,5,True,True,3.92,True,120.5146857656132,53.48582592979136,6.25257255827297,5.4567908970765036,2.545876776802169
methods,main,CR7,FT-only,8101,6,True,True,3.92,True,120.09869397774136,53.1786768262007,6.041842937535816,5.39404661296666,2.3898310751291403
methods,main,CR7,FT-only,8101,7,True,True,3.92,True,121.85906841610596,54.06589047627096,6.2557709845294465,5.048979673248972,2.634616433381737
methods,main,CR7,FT-only,8101,8,True,True,3.92,True,119.41018627236791,52.23536141292559,6.175980960306669,5.505571682901132,2.7216711551629897
methods,main,CR7,FT-only,8101,9,True,True,3.92,True,120.12712185918657,52.54622589314623,6.050748306555612,5.35920354600773,2.603977382370178
methods,main,CR7,FT-only,8101,10,True,True,3.92,True,119.97423390687975,52.808110592979304,6.199127245744235,5.552413820653972,2.725220910813106
methods,main,CR7,FT-only,8101,11,True,True,3.92,True,119.10481044641725,52.60262340636132,6.139447015613486,5.508865497449352,2.650452212172098
methods,main,CR7,FT-only,8101,12,True,True,3.92,True,119.50291203078046,52.31481765711759,6.169631271507136,5.4405243231377005,2.7371620881149914
methods,main,CR7,FT-only,8101,13,True,True,3.92,True,119.28199640214848,52.056939171951626,6.1559862873064555,5.530123018602004,2.7388345817822124
methods,main,CR7,FT-only,8101,14,True,True,3.92,True,120.28850356846162,53.984188918788306,6.24831301205315,5.469172480788583,2.483798427538131
methods,main,CR7,FT-only,8101,15,True,True,3.92,True,119.52800416393364,52.773980012448284,5.987812167175832,5.116805756465046,2.581871839626239
methods,main,CR7,FT-only,8101,16,True,True,3.92,True,122.33083750211617,54.22058689483966,6.395686619274571,5.155050387645694,2.730162192001127
methods,main,CR7,FT-only,8101,17,True,True,3.92,True,119.32951816760504,53.21815074141156,6.111444839771181,5.388202685271276,2.5552855098104885
methods,main,CR7,FT-only,8101,18,True,True,3.92,True,120.37279422920965,54.80494755674894,6.2053555617540965,5.409113882670233,2.5861087642978746
methods,main,CR7,FT-only,8101,19,True,True,3.92,True,119.56104571812203,53.36035975184994,5.9545264038723,5.195284665538345,2.4349266426442977
methods,main,CR7,FT-only,8101,20,True,True,3.92,True,119.91525958963821,53.870371053608125,5.983956381531474,5.229644062373309,2.4210231569516525
methods,main,CR7,FT-only,8101,21,True,True,3.92,True,119.82373756828282,52.67527905361867,6.0875146264940465,5.369545268669091,2.6842912162850383
methods,main,CR7,FT-only,8101,22,True,True,3.92,True,121.67389915137589,53.57782376717159,6.356242410622492,5.283066097480994,2.7599165210489542
methods,main,CR7,FT-only,8101,23,True,True,3.92,True,120.27057871026797,53.13220013438338,6.041582525317715,5.172418176231348,2.5931639727276625
methods,main,CR7,FT-only,8101,24,True,True,3.92,True,120.5058204255183,52.749079188683844,6.244814628959021,5.34089197653254,2.7511022265705956
methods,main,CR7,FT-only,8101,25,True,True,3.92,True,119.76539283598582,52.86905012610818,5.904559245786887,5.152481321499354,2.4932652681338476
methods,main,CR7,FT-only,8101,26,True,True,3.92,True,119.67122338363502,52.865565593048835,6.032281914338358,5.308324226523688,2.54076022902395
methods,main,CR7,FT-only,8101,27,True,True,3.92,True,119.69094725118332,53.28030382072359,5.989796072146867,5.250935441602096,2.4431995832208755
methods,main,CR7,FT-only,8101,28,True,True,3.92,True,119.99565004638816,53.48627770699207,5.891893910531489,5.126247104078095,2.4064282391230893
methods,main,CR7,FT-only,8101,29,True,True,3.92,True,119.23414819265386,53.60972639841774,6.088091953570607,5.387133794826919,2.574878049513138
methods,main,CR7,FT-only,8101,30,True,True,3.92,True,120.3430662487412,53.549733984367485,6.069584744487336,5.271194420419246,2.4935969178371367
methods,main,CR7,FT-only,8101,31,True,True,3.92,True,120.02266355878415,53.806440670011504,6.151151027410706,5.346721954812783,2.530488538076087
methods,main,CR7,FT-only,8102,0,True,True,3.92,True,119.58095493312882,53.17741116234055,6.151126754459938,5.443518732537132,2.623882023508797
methods,main,CR7,FT-only,8102,1,True,True,3.92,True,120.27651256400605,52.996199962074556,6.058933389464665,5.246434836413817,2.638209458748096
methods,main,CR7,FT-only,8102,2,True,True,3.92,True,119.99769347295027,53.86815808197449,6.129019156841488,5.351085287682667,2.467618263695669
methods,main,CR7,FT-only,8102,3,True,True,3.92,True,120.11003317991712,53.091717097882764,6.278849956280574,5.477498000628797,2.719641574138806
methods,main,CR7,FT-only,8102,4,True,True,3.92,True,120.10224469454748,53.453060239448845,6.093681017282358,5.418169727005933,2.6147899782454047
methods,main,CR7,FT-only,8102,5,True,True,3.92,True,119.70957137482645,53.953903250317424,6.0795293153450505,5.31124319486579,2.4435727761644386
methods,main,CR7,FT-only,8102,6,True,True,3.92,True,119.87454001286171,54.53438957593339,6.147505636260805,5.345027177548342,2.5163842049088494
methods,main,CR7,FT-only,8102,7,True,True,3.92,True,119.48547376457066,53.71313526569885,5.859958495635652,5.154498775526884,2.4782914208701254
methods,main,CR7,FT-only,8102,8,True,True,3.92,True,119.73386770493973,52.52981760635089,6.173367152554145,5.468751573685868,2.682741253038199
methods,main,CR7,FT-only,8102,9,True,True,3.92,True,120.25684462019233,53.42797364730458,5.847456398774772,5.085987233422612,2.3947082028353543
methods,main,CR7,FT-only,8102,10,True,True,3.92,True,119.56560827126404,52.992853342707996,6.086797950891481,5.4383907245697625,2.6362974566509614
methods,main,CR7,FT-only,8102,11,True,True,3.92,True,120.77953876604161,53.443579130612996,6.071830032960894,5.057112754902282,2.551434903064855
methods,main,CR7,FT-only,8102,12,True,True,3.92,True,120.28179378294054,52.63405673573228,6.177430042762964,5.525150575541662,2.697917231784615
methods,main,CR7,FT-only,8102,13,True,True,3.92,True,119.82812105742752,53.193406381719875,5.8953665384113805,5.106981316082191,2.4304827710208525
methods,main,CR7,FT-only,8102,14,True,True,3.92,True,119.81075079828994,52.72086145186216,6.087865369169808,5.399764287480882,2.6992147042073866
methods,main,CR7,FT-only,8102,15,True,True,3.92,True,119.68142664176864,53.50509694345348,6.069149857484933,5.283358230711276,2.4285972082711083
methods,main,CR7,FT-only,8102,16,True,True,3.92,True,119.15489904199046,52.29123795001058,5.989675500377464,5.4277028200055595,2.5445875680649768
methods,main,CR7,FT-only,8102,17,True,True,3.92,True,120.57902414250792,53.464248397971936,6.031081438223992,5.2612803958399015,2.461475940998311
methods,main,CR7,FT-only,8102,18,True,True,3.92,True,120.84496265963517,53.836780812650744,6.098081859806339,5.236767048606554,2.6528255174014146
methods,main,CR7,FT-only,8102,19,True,True,3.92,True,119.8417932735104,53.78693200364935,6.077157084591143,5.406222690857178,2.4246563598046587
methods,main,CR7,FT-only,8102,20,True,True,3.92,True,119.90914754553873,53.905770723905604,6.147292117867825,5.3348291522625795,2.4567705513868128
methods,main,CR7,FT-only,8102,21,True,True,3.92,True,119.07047351633705,52.67225722156471,6.141145574277136,5.448096876775992,2.6232728350952326
methods,main,CR7,FT-only,8102,22,True,True,3.92,True,119.80360645587979,52.410644870300814,6.189866935474668,5.531042381919659,2.701927626917075
methods,main,CR7,FT-only,8102,23,True,True,3.92,True,120.17245956699385,53.70291996119704,6.211265180478645,5.429125673667219,2.4949872077267936
methods,main,CR7,FT-only,8102,24,True,True,3.92,True,121.11352410245671,53.7448333646012,6.061122904609099,5.065936796185486,2.497672285652612
methods,main,CR7,FT-only,8102,25,True,True,3.92,True,119.74299861514272,53.79379880163916,5.884682348904252,5.162064017481651,2.4047262172659516
methods,main,CR7,FT-only,8102,26,True,True,3.92,True,119.233164444522,53.82822377910329,6.088030224865265,5.37716534991339,2.549811564179219
methods,main,CR7,FT-only,8102,27,True,True,3.92,True,119.80068054367997,52.754801404562215,6.146694942248709,5.4912064730327295,2.676145057202854
methods,main,CR7,FT-only,8102,28,True,True,3.92,True,120.23886179161995,53.61937412324662,6.102239231475844,5.271448687994076,2.5160671317087853
methods,main,CR7,FT-only,8102,29,True,True,3.92,True,119.49688004448917,52.687047581459545,6.085719660933965,5.433857237645729,2.6636831185603476
methods,main,CR7,FT-only,8102,30,True,True,3.92,True,119.5378392735928,53.51288230646267,6.032629036669538,5.2356846561916095,2.4181150230444795
methods,main,CR7,FT-only,8102,31,True,True,3.92,True,120.64776037472703,52.448142791192375,6.3193484198311625,5.627944712282676,2.659641152797497
methods,main,CR7,FT-only,8103,0,True,True,3.92,True,119.76977809207519,53.516660997024516,6.085261337321542,5.3581642641420375,2.500976807860177
methods,main,CR7,FT-only,8103,1,True,True,3.92,True,118.90824438993064,52.57378649997098,6.112972606443959,5.401915780941839,2.5644119019879623
methods,main,CR7,FT-only,8103,2,True,True,3.92,True,120.14793186344914,53.293524985684314,5.848912047192129,5.00949471209628,2.434807503508877
methods,main,CR7,FT-only,8103,3,True,True,3.92,True,119.7727034112262,54.894281470357704,5.97414723399972,5.228612539575933,2.3923880665614625
methods,main,CR7,FT-only,8103,4,True,True,3.92,True,120.26852193392446,53.090624821185315,5.991475894196555,5.226323605425188,2.4880108214738983
methods,main,CR7,FT-only,8103,5,True,True,3.92,True,119.34247384862701,53.96456931088322,6.167308153645062,5.356468183296306,2.534545866437768
methods,main,CR7,FT-only,8103,6,True,True,3.92,True,121.32109029569247,53.652847032292435,6.223290664950489,5.047198314661511,2.6501956214902735
methods,main,CR7,FT-only,8103,7,True,True,3.92,True,119.73315703924202,53.22993962984798,6.023136964083931,5.261617270827356,2.3896367290657197
methods,main,CR7,FT-only,8103,8,True,True,3.92,True,119.284912908311,52.66997797016794,5.945991450057511,5.238326535935541,2.553101535299024
methods,main,CR7,FT-only,8103,9,True,True,3.92,True,119.46553084252213,53.14406202388791,5.928011747675731,5.1834030192227765,2.4194321735118915
methods,main,CR7,FT-only,8103,10,True,True,3.92,True,120.01376790648041,52.75595553889512,6.035928778081503,5.333415787440892,2.5767055205803038
methods,main,CR7,FT-only,8103,11,True,True,3.92,True,119.79001251026929,52.92074403572689,6.08757182796605,5.378770464384099,2.652624006094949
methods,main,CR7,FT-only,8103,12,True,True,3.92,True,120.36437783177132,52.70553312792815,6.119655982612897,5.273614521502042,2.596611735537463
methods,main,CR7,FT-only,8103,13,True,True,3.92,True,120.28243994904035,54.23357201361851,6.1425357839014785,5.352014357760812,2.525572503627403
methods,main,CR7,FT-only,8103,14,True,True,3.92,True,119.91061636548463,52.63359460219153,6.197019004009823,5.512366164565063,2.709627453939708
methods,main,CR7,FT-only,8103,15,True,True,3.92,True,119.79426548503116,53.80438675306356,6.031234772423098,5.278463968660428,2.4286607175446395
methods,main,CR7,FT-only,8103,16,True,True,3.92,True,120.71355814011973,52.957895409830414,6.30464981529376,5.518479963603421,2.5290736417735125
methods,main,CR7,FT-only,8103,17,True,True,3.92,True,120.5735349089428,54.11215190574489,6.189455315422633,5.3637425345003376,2.514696563989769
methods,main,CR7,FT-only,8103,18,True,True,3.92,True,119.56637757427403,53.75562118744583,5.997901710791896,5.257565939372293,2.5093412172013334
methods,main,CR7,FT-only,8103,19,True,True,3.92,True,120.16119343614022,53.16563861326831,6.237982170673742,5.457879732408498,2.687191112863011
methods,main,CR7,FT-only,8103,20,True,True,3.92,True,119.76608119966464,53.65777489285856,6.160635257016664,5.367467815296143,2.48717268689236
methods,main,CR7,FT-only,8103,21,True,True,3.92,True,119.15876669858876,52.8647574629336,5.912711038833826,5.3530698593013195,2.609421074295766
methods,main,CR7,FT-only,8103,22,True,True,3.92,True,119.92156928663387,52.7441121248759,6.119202812053662,5.436229386028641,2.6964184582515247
methods,main,CR7,FT-only,8103,23,True,True,3.92,True,119.93562351889463,53.994701165050635,6.0025808714594655,5.237303744833145,2.5140141990396017
methods,main,CR7,FT-only,8103,24,True,True,3.92,True,118.90287693030199,52.132682904308844,6.062255151536146,5.477384256848168,2.6592757195588455
methods,main,CR7,FT-only,8103,25,True,True,3.92,True,119.29085465366938,52.55027900154922,5.958081500101773,5.313808786706859,2.570357826478535
methods,main,CR7,FT-only,8103,26,True,True,3.92,True,119.47629507699479,53.41953530037151,6.076013057014729,5.337941858659517,2.461990012151998
methods,main,CR7,FT-only,8103,27,True,True,3.92,True,120.07295232688436,53.76338595130435,6.341230721945278,5.4890150952116485,2.717638027842422
methods,main,CR7,FT-only,8103,28,True,True,3.92,True,119.31585674071052,53.473624450500374,6.006495258941578,5.262338782950735,2.4423449843463825
methods,main,CR7,FT-only,8103,29,True,True,3.92,True,119.24919037649701,52.96125264182455,6.075079598295947,5.36215255736648,2.59083779976226
methods,main,CR7,FT-only,8103,30,True,True,3.92,True,120.6965132357223,53.08408758087343,6.392178338721139,5.5721439674160695,2.630626900018865
methods,main,CR7,FT-only,8103,31,True,True,3.92,True,119.72364269394387,52.778989595261145,6.086854415270762,5.39569175294154,2.6853753059474963
methods,main,CR7,Delta action,8101,0,True,True,3.92,True,122.9741429325568,46.13725623106052,5.9819570922844205,4.701425997377338,2.8508045531187283
methods,main,CR7,Delta action,8101,1,True,True,3.92,True,123.31447342247347,45.52930095350887,5.891815426209668,4.906514699933225,2.6621782558344957
methods,main,CR7,Delta action,8101,2,False,False,1.7,True,146.08853150850288,58.54449751817054,8.034777091862416,6.934335663274988,2.987623530200999
methods,main,CR7,Delta action,8101,3,True,True,3.92,True,123.4825484949513,45.04303914799964,6.13921326778709,4.982861838946192,3.070546883482623
methods,main,CR7,Delta action,8101,4,True,True,3.92,True,127.27687425846284,51.474938234690114,6.116487514599645,4.751170513540691,2.616758458415928
methods,main,CR7,Delta action,8101,5,True,True,3.92,True,122.44559175488898,45.162095066072276,5.740677750125667,4.790039370061963,2.647854140007653
methods,main,CR7,Delta action,8101,6,True,True,3.92,True,122.05046780364918,46.16898793080616,5.587277779324799,4.620227753348312,2.479165117670597
methods,main,CR7,Delta action,8101,7,True,True,3.92,True,131.83192057038215,51.96614412859795,6.650469703639515,5.413793928851829,2.7949122595934006
methods,main,CR7,Delta action,8101,8,True,False,3.92,True,138.81270830182865,55.13848231526377,7.305678711589593,6.026714935953988,2.9067479716538305
methods,main,CR7,Delta action,8101,9,True,True,3.92,True,136.13771908120788,54.12906118235506,6.882638477816067,5.679428788713015,2.8311933069180917
methods,main,CR7,Delta action,8101,10,True,True,3.92,True,124.59601089544313,45.842471413811346,5.922040799286414,4.967522951076363,2.706184457252379
methods,main,CR7,Delta action,8101,11,True,True,3.92,True,123.77072798023737,45.86831718089101,5.934146363580755,4.916904783595749,2.7783694767019695
methods,main,CR7,Delta action,8101,12,True,True,3.92,True,124.24328410655355,47.14351787431161,6.070760332442508,4.7670331945206454,2.8866977354788546
methods,main,CR7,Delta action,8101,13,True,True,3.92,True,123.25286057545334,46.48187504906692,5.945531337535873,4.843539217151787,2.7897089658554033
methods,main,CR7,Delta action,8101,14,True,True,3.92,True,122.66123864677931,44.7924686524944,5.810390927923183,4.993551143773026,2.5281608921778522
methods,main,CR7,Delta action,8101,15,True,False,3.92,True,136.50754072188644,56.00115035844577,7.109173798971206,5.906877723941317,2.822577035857614
methods,main,CR7,Delta action,8101,16,True,True,3.92,True,131.156746290954,52.61977498890368,6.605661910102773,5.255761595704869,2.912568480329404
methods,main,CR7,Delta action,8101,17,True,True,3.92,True,122.13366836526289,45.99972214085251,5.765783791275011,4.670152420500482,2.70818515457357
methods,main,CR7,Delta action,8101,18,True,True,3.92,True,125.59356750114634,45.97222080918557,6.005036411598607,5.035709442186729,2.629998641515518
methods,main,CR7,Delta action,8101,19,True,True,3.92,True,124.68667841347806,48.221207153387105,5.730858135921026,4.696337749994403,2.555698851840101
methods,main,CR7,Delta action,8101,20,True,True,3.92,True,122.12581409071942,45.966276462978556,5.573405021834655,4.699875357224195,2.5199653515402605
methods,main,CR7,Delta action,8101,21,True,True,3.92,True,124.29514224383117,47.200207743555616,5.97984447358682,4.773152379704678,2.8318990579112464
methods,main,CR7,Delta action,8101,22,True,True,3.92,True,131.21781638889675,50.34137716320658,6.705295324999546,5.405022981992094,2.955302814114656
methods,main,CR7,Delta action,8101,23,True,True,3.92,True,124.49889600650675,47.79170858715652,5.950173424250779,4.638769568117238,2.7504311848839245
methods,main,CR7,Delta action,8101,24,True,True,3.92,True,124.65525901039267,46.94474386172894,6.066727703090376,4.854172948695882,2.8496375412920436
methods,main,CR7,Delta action,8101,25,True,True,3.92,True,125.62147147828362,48.50974070955608,5.9373987357897455,4.703205848058383,2.745618548570999
methods,main,CR7,Delta action,8101,26,True,True,3.92,True,123.02610613589786,45.901521818099795,5.86761100047556,4.864610657058827,2.728689918444449
methods,main,CR7,Delta action,8101,27,True,True,3.92,True,123.21514148282984,45.917420705675546,5.733206159420617,4.73701289944678,2.634313942347046
methods,main,CR7,Delta action,8101,28,True,True,3.92,True,123.48419760201386,47.76023260194632,5.8119021811304465,4.5325055748154695,2.615382576879036
methods,main,CR7,Delta action,8101,29,True,True,3.92,True,125.86031749889031,48.92850299755943,5.979299518248569,4.735386930170962,2.7131811019952026
methods,main,CR7,Delta action,8101,30,True,True,3.92,True,122.4113993592792,47.06952611537505,5.782302446551382,4.679355096525454,2.696504204285403
methods,main,CR7,Delta action,8101,31,True,True,3.92,True,123.28987815942489,45.55567836660543,5.847637734100681,4.828762438330151,2.6581242885849945
methods,main,CR7,Delta action,8102,0,True,True,3.92,True,122.173095985671,45.78863936699297,5.722513454301066,4.834876367286541,2.6006805141126774
methods,main,CR7,Delta action,8102,1,True,True,3.92,True,126.21929043178697,48.51788495857375,6.041585095905411,4.680123617079719,2.837014854695629
methods,main,CR7,Delta action,8102,2,True,True,3.92,True,122.28323542152187,46.227248280612784,5.627166393202815,4.674294826443025,2.5572681415887435
methods,main,CR7,Delta action,8102,3,True,True,3.92,True,124.71599819280061,45.30942139992458,5.958071224236007,5.007722494283083,2.725245443380738
methods,main,CR7,Delta action,8102,4,True,True,3.92,True,123.60521795380649,46.18325055540144,5.832480307198294,4.769758348323461,2.6556523651538275
methods,main,CR7,Delta action,8102,5,True,True,3.92,True,121.64720956061406,45.56437460438215,5.595511117644514,4.650037812542822,2.533295681387413
methods,main,CR7,Delta action,8102,6,True,True,3.92,True,122.54549724840483,45.6640645077818,5.888029220372672,4.955499099468713,2.5358448609851907
methods,main,CR7,Delta action,8102,7,False,False,1.34,True,204.0576036193031,88.01610792950014,13.507374120456365,13.266360341808758,3.054476866993607
methods,main,CR7,Delta action,8102,8,True,True,3.92,True,122.54133615784274,46.69163323758604,5.866826566445069,4.6296257368073235,2.795507521192031
methods,main,CR7,Delta action,8102,9,True,True,3.92,True,123.83676855269017,47.7078889591547,5.685398636510867,4.554847600434417,2.5601438345300984
methods,main,CR7,Delta action,8102,10,True,True,3.92,True,124.15527490872779,46.54419204205417,5.893559642187954,4.925481505876887,2.7355274412189545
methods,main,CR7,Delta action,8102,11,True,True,3.92,True,125.67803959191285,48.25122872109443,5.902210910132764,4.6310082570930104,2.7224282333950454
methods,main,CR7,Delta action,8102,12,True,True,3.92,True,124.37033606071415,47.38261771375328,6.140675525977987,4.752091078731503,2.937752908019687
methods,main,CR7,Delta action,8102,13,True,True,3.92,True,123.27352643561716,47.450119382524214,5.748780473677583,4.608223063435833,2.6055076786149987
methods,main,CR7,Delta action,8102,14,True,True,3.92,True,123.52348131646313,46.81742176755837,5.991615621744225,4.736135193347532,2.8020161808599893
methods,main,CR7,Delta action,8102,15,True,True,3.92,True,122.81276432727121,45.5771198923757,5.581173721768231,4.650344142345583,2.497192230914021
methods,main,CR7,Delta action,8102,16,True,True,3.92,True,122.81692056239903,46.28341780881219,5.8399480988780885,4.751919167518362,2.727761757263118
methods,main,CR7,Delta action,8102,17,True,True,3.92,True,124.41651206022809,48.36024238076048,5.889505170079391,4.51916441897907,2.597212670683426
methods,main,CR7,Delta action,8102,18,True,True,3.92,True,124.39248714246274,47.26812549261276,5.9527444766161794,4.8008453125756265,2.904352989054817
methods,main,CR7,Delta action,8102,19,True,True,3.92,True,122.47075101894833,46.386095028040664,5.610461423098922,4.7021671383557395,2.431819904181571
methods,main,CR7,Delta action,8102,20,True,True,3.92,True,122.14346491242776,45.669957646436174,5.640612733362764,4.665834247671791,2.5654410442880446
methods,main,CR7,Delta action,8102,21,True,True,3.92,True,126.20162824054273,49.22319600714535,6.012683535690369,4.774013582666893,2.7959786618421703
methods,main,CR7,Delta action,8102,22,True,True,3.92,True,124.52650865346664,45.849173855873616,6.008348651523141,5.0628896030500234,2.76255798496312
methods,main,CR7,Delta action,8102,23,True,True,3.92,True,122.19032389997574,45.413704861763996,5.651371601728027,4.632420608224581,2.607330916105649
methods,main,CR7,Delta action,8102,24,True,True,3.92,True,128.3632829539691,51.98490429889248,6.196057669604716,4.78798435559916,2.74503221593134
methods,main,CR7,Delta action,8102,25,True,True,3.92,True,122.38666255403206,46.477419310247285,5.680004052451637,4.624024130490682,2.5861333897925336
methods,main,CR7,Delta action,8102,26,True,True,3.92,True,123.47382060148746,45.73390419964495,5.8937635383174145,4.990046295793914,2.5823634300204374
methods,main,CR7,Delta action,8102,27,True,True,3.92,True,123.0370107548292,46.69720069835715,5.939090937126703,4.705388052637612,2.8502000719059053
methods,main,CR7,Delta action,8102,28,True,True,3.92,True,122.02574542510887,46.59925113174458,5.783040187518151,4.581237894024384,2.677603950976684
methods,main,CR7,Delta action,8102,29,True,True,3.92,True,122.8359808681795,46.44442673203144,5.965534574852685,4.701421951020068,2.77344836501435
methods,main,CR7,Delta action,8102,30,True,True,3.92,True,122.88092242819667,46.217603027232784,5.685678868710003,4.66545399503258,2.5166684148756633
methods,main,CR7,Delta action,8102,31,True,True,3.92,True,124.85585752517378,46.59583225568207,6.249899539072092,4.8656191777029,2.951389100402824
methods,main,CR7,Delta action,8103,0,True,True,3.92,True,122.89185578866997,45.88801215364748,5.782772917599871,4.647235732438723,2.619881921981065
methods,main,CR7,Delta action,8103,1,True,True,3.92,True,123.09083736492296,46.62913438435089,5.770281437077622,4.7136444830965525,2.6200275308121883
methods,main,CR7,Delta action,8103,2,False,False,1.64,True,145.62732284344574,62.86465294638322,7.9852784289425776,6.795932360507714,2.6858247349499482
methods,main,CR7,Delta action,8103,3,True,True,3.92,True,122.95368306568886,45.689304845789735,5.679668293704583,4.802987735386597,2.529246508121134
methods,main,CR7,Delta action,8103,4,True,True,3.92,True,122.13362194533329,46.50854689818529,5.732512479686491,4.571925778908877,2.6474940170753554
methods,main,CR7,Delta action,8103,5,True,True,3.92,True,127.58256478010466,47.55299284674871,6.168263507139297,5.125862624145005,2.6219903144565686
methods,main,CR7,Delta action,8103,6,True,True,3.92,True,128.2383802603134,50.40190570020022,6.236284630395383,4.8909135511166415,2.841611994862283
methods,main,CR7,Delta action,8103,7,True,True,3.92,True,121.42151033230343,45.45869192154769,5.5657375620318215,4.593791003584423,2.5703641375939026
methods,main,CR7,Delta action,8103,8,True,True,3.92,True,123.89645937117865,47.39316293237336,5.935021567298494,4.711433095607181,2.7604273004132023
methods,main,CR7,Delta action,8103,9,True,True,3.92,True,122.7341454132083,46.44791128560838,5.634910113047141,4.6588992003104925,2.555358734002482
methods,main,CR7,Delta action,8103,10,True,True,3.92,True,123.46750759707454,46.92615776037116,5.879808994323724,4.6489062210456495,2.7648649198879367
methods,main,CR7,Delta action,8103,11,True,True,3.92,True,122.75738147760649,47.03787577269348,5.877799139090106,4.738680447601992,2.8288251353608773
methods,main,CR7,Delta action,8103,12,True,True,3.92,True,123.79956375921137,46.650229148557024,5.8213516885510925,4.685637501318667,2.7492166029818206
methods,main,CR7,Delta action,8103,13,True,True,3.92,True,123.24777443034009,45.668675159843524,5.795100165465288,4.7736949316574355,2.6370357204938317
methods,main,CR7,Delta action,8103,14,True,True,3.92,True,123.56784346467886,46.85614097451063,6.016002722623294,4.70844842785385,2.8711404091315207
methods,main,CR7,Delta action,8103,15,True,True,3.92,True,121.80358623143978,46.54583951216969,5.760845271686597,4.560724218709167,2.6411349328638667
methods,main,CR7,Delta action,8103,16,True,True,3.92,True,122.81471359613593,44.425203862447255,5.660183751733437,4.731094719775936,2.575224409392884
methods,main,CR7,Delta action,8103,17,True,True,3.92,True,121.46452559804217,45.53297300376988,5.678490934194045,4.621339708743142,2.598558336506756
methods,main,CR7,Delta action,8103,18,True,True,3.92,True,123.79421806731503,46.4409767175158,5.873428695532401,4.711979879855001,2.6718189603709455
methods,main,CR7,Delta action,8103,19,True,True,3.92,True,123.9300849829862,45.7640493646649,5.850699185946168,4.864581172535305,2.6790141270217998
methods,main,CR7,Delta action,8103,20,True,True,3.92,True,122.51506918956167,45.598563248841224,5.695326703417003,4.635142071612285,2.576931358658014
methods,main,CR7,Delta action,8103,21,True,True,3.92,True,124.25235764512337,47.48893010565157,5.967656384610768,4.8400756295250575,2.780185668976858
methods,main,CR7,Delta action,8103,22,True,True,3.92,True,123.07230350581493,46.30913157877959,5.837270498133272,4.756976507232574,2.698743604028748
methods,main,CR7,Delta action,8103,23,True,True,3.92,True,123.1265996852431,46.14849903090382,5.789266913252546,4.753822635213564,2.676722070265189
methods,main,CR7,Delta action,8103,24,True,True,3.92,True,123.18508196716992,46.44481780996914,5.970141239219535,4.6673659752004575,2.8080207148908047
methods,main,CR7,Delta action,8103,25,True,True,3.92,True,123.35394843072166,47.13751245934639,5.912355088905879,4.586868523043051,2.7181413586868146
methods,main,CR7,Delta action,8103,26,True,True,3.92,True,122.30300387840319,44.98650200503611,5.637831484167066,4.780222438534089,2.5086819435763124
methods,main,CR7,Delta action,8103,27,True,True,3.92,True,125.25106218225635,45.6620738634972,6.220472011304582,5.241510942876791,2.7692996289644802
methods,main,CR7,Delta action,8103,28,True,True,3.92,True,124.09798972942448,46.320751400201935,5.777327984474884,4.803546451699075,2.5462517063169714
methods,main,CR7,Delta action,8103,29,True,True,3.92,True,123.20901505353147,45.737107170192,5.81743775222087,4.887981498726952,2.6164401230447543
methods,main,CR7,Delta action,8103,30,True,True,3.92,True,123.89393397622037,45.293157503556785,6.042646965838553,4.976703052176472,2.8433113635641534
methods,main,CR7,Delta action,8103,31,True,True,3.92,True,126.51459645864475,49.527744328882314,6.100521233527345,4.764004452675865,2.813188239552816
methods,main,CR7,Passive SysID,8101,0,True,True,3.92,True,121.33386376890537,48.54353330357941,6.035664508661574,5.315410092663825,2.6304823598341325
methods,main,CR7,Passive SysID,8101,1,True,True,3.92,True,121.29048218966197,48.08487795531268,6.014971254117303,5.2473603903770885,2.5844977482827898
methods,main,CR7,Passive SysID,8101,2,False,False,1.26,True,161.14871752860117,79.96511240792373,11.051345978223166,10.404656912260133,3.1322170270231786
methods,main,CR7,Passive SysID,8101,3,True,True,3.92,True,120.65404393008484,48.036520244071646,6.1952076885883685,5.476858280272834,2.6601023120720906
methods,main,CR7,Passive SysID,8101,4,True,True,3.92,True,129.02766469202714,58.52160305233136,6.846742460582267,5.693895207227608,2.6414751572801003
methods,main,CR7,Passive SysID,8101,5,True,True,3.92,True,119.89273546507927,48.41034266226576,6.062728540718408,5.340469060464933,2.547198016634831
methods,main,CR7,Passive SysID,8101,6,True,True,3.92,True,129.61393737633767,60.511145254889456,7.502316798935555,6.477921134716663,2.911348926934986
methods,main,CR7,Passive SysID,8101,7,True,True,3.92,True,124.68120233318194,50.38494135728358,6.151076573066123,5.336186556427957,2.5801478366864172
methods,main,CR7,Passive SysID,8101,8,False,False,1.22,True,160.83033295515534,79.06995651318114,10.934710133601406,10.32699574890492,3.0463619471522896
methods,main,CR7,Passive SysID,8101,9,True,True,3.92,True,121.40495714721978,48.618041941579726,6.042497962426624,5.279442753829596,2.603082145964593
methods,main,CR7,Passive SysID,8101,10,True,True,3.92,True,123.85928529951335,49.607092275692025,6.092326793499417,5.414833703366821,2.6078860745409878
methods,main,CR7,Passive SysID,8101,11,True,True,3.92,True,120.83465532421988,48.46431140402797,6.0339855266796025,5.2593508739971515,2.6450573331082206
methods,main,CR7,Passive SysID,8101,12,True,True,3.92,True,124.58721559232232,50.655503552932174,6.281538547591654,5.479278300955384,2.733468408413918
methods,main,CR7,Passive SysID,8101,13,False,False,1.64,True,139.07604588347175,65.41397124522341,8.26171373111051,7.472387740014834,2.8565944859140973
methods,main,CR7,Passive SysID,8101,14,True,True,3.92,True,119.5336285779947,48.6701487036729,6.063613792478039,5.283270716618382,2.5168781518508707
methods,main,CR7,Passive SysID,8101,15,False,False,1.32,True,156.14064085158094,77.42388697575726,10.478402648310617,9.682698130376576,2.881086000468811
methods,main,CR7,Passive SysID,8101,16,False,False,0.92,False,168.77814096526635,86.53229440196978,12.658052425165044,11.859197532879639,3.401715727877143
methods,main,CR7,Passive SysID,8101,17,True,True,3.92,True,122.70629643963863,48.91275814075713,5.996009369031077,5.352688571811329,2.5519552481236163
methods,main,CR7,Passive SysID,8101,18,True,True,3.92,True,120.477736828452,49.150907046568875,5.95798701627795,5.204516249222342,2.5604066551506537
methods,main,CR7,Passive SysID,8101,19,True,True,3.92,True,125.76724148871114,53.36048225210549,6.120962544022878,5.2308914628652055,2.5096100936592576
methods,main,CR7,Passive SysID,8101,20,True,True,3.92,True,124.88053225503148,52.66856084212311,6.126817279319054,5.202076196666651,2.5442356012760747
methods,main,CR7,Passive SysID,8101,21,False,False,1.62,True,140.39514915814595,66.64480260668117,8.58898803682585,7.7330935752379375,2.9845710653505826
methods,main,CR7,Passive SysID,8101,22,False,False,1.48,True,140.11070421782063,67.3508629508999,8.6236524902761,7.758980695732822,2.9960586104590137
methods,main,CR7,Passive SysID,8101,23,False,False,1.18,True,175.11171101130347,87.4210747857817,12.408659935331864,11.663996788410806,3.201302027710099
methods,main,CR7,Passive SysID,8101,24,False,False,0.9,False,169.1351882020562,86.36457847196237,12.64740790640443,11.898721241724415,3.4267175876995357
methods,main,CR7,Passive SysID,8101,25,False,False,1.48,True,144.74991470900343,69.70987844654243,9.291813579817338,8.447339696914694,3.087967002607711
methods,main,CR7,Passive SysID,8101,26,False,False,3.22,True,135.52227897499822,64.12839232023931,7.82166046137415,6.799148183113074,2.7468554302534196
methods,main,CR7,Passive SysID,8101,27,True,True,3.92,True,122.54829901968832,49.86744184285547,5.940128292207874,5.181242221164035,2.5775644617509705
methods,main,CR7,Passive SysID,8101,28,True,True,3.92,True,131.2319821802315,60.1412033246949,7.0766368357640355,5.9570136809237075,2.6263222499318566
methods,main,CR7,Passive SysID,8101,29,True,False,3.92,True,136.00240490667724,64.50626840832075,7.752619512427674,6.80858046807207,2.776294702915982
methods,main,CR7,Passive SysID,8101,30,True,True,3.92,True,125.64676185661355,52.94673394872259,6.2117793534536805,5.294268933469571,2.495448366389207
methods,main,CR7,Passive SysID,8101,31,True,True,3.92,True,126.32440466766475,53.875147446691905,6.3519178425763565,5.535801186323938,2.6405921360829026
methods,main,CR7,Passive SysID,8102,0,True,True,3.92,True,123.61075502087483,49.85454010024447,6.07907867824037,5.359226574775021,2.580420322913906
methods,main,CR7,Passive SysID,8102,1,True,True,3.92,True,123.93435907848472,49.68619910900751,6.082905102493284,5.355262449969461,2.6253976852790233
methods,main,CR7,Passive SysID,8102,2,True,True,3.92,True,134.1964354570205,60.3120019477457,7.190949184105065,6.206259624290575,2.616825932336969
methods,main,CR7,Passive SysID,8102,3,True,True,3.92,True,131.9108530040554,57.55102587259396,6.902945398697294,5.935905917992722,2.728011222834169
methods,main,CR7,Passive SysID,8102,4,True,True,3.92,True,126.4479741761281,55.32393710830475,6.401462163273873,5.530048481971112,2.6260180180070813
methods,main,CR7,Passive SysID,8102,5,True,True,3.92,True,120.16632093355298,49.19364273710825,5.8865376135211855,5.137692231265291,2.4798162417701386
methods,main,CR7,Passive SysID,8102,6,True,True,3.92,True,121.35810875951094,49.37066142257475,5.911193690460568,5.157648882041814,2.5517470950416667
methods,main,CR7,Passive SysID,8102,7,True,True,3.92,True,124.98174023326246,51.96938574791774,6.0698532095259745,5.160838599353133,2.546698724822563
methods,main,CR7,Passive SysID,8102,8,True,True,3.92,True,122.88803559605108,49.190610692656854,6.103774520148685,5.356834117957019,2.6314946773836376
methods,main,CR7,Passive SysID,8102,9,True,True,3.92,True,134.80933697127494,61.73705146890833,7.408222653124334,6.496110116908002,2.7314126433927655
methods,main,CR7,Passive SysID,8102,10,True,True,3.92,True,127.33093896242443,54.95201555938853,6.571228412986291,5.814629936442707,2.7454205866108037
methods,main,CR7,Passive SysID,8102,11,True,True,3.92,True,126.16366278462762,53.05955812247822,6.21283737812938,5.3400898021100245,2.5375739960073056
methods,main,CR7,Passive SysID,8102,12,True,True,3.92,True,122.26196370830559,48.671114109497275,6.063176503872303,5.354642080475557,2.615688407376975
methods,main,CR7,Passive SysID,8102,13,True,True,3.92,True,128.5381157519657,57.18307537017596,6.651644348128981,5.602377581075298,2.606126777831188
methods,main,CR7,Passive SysID,8102,14,True,True,3.92,True,133.85760182526232,60.52541506520484,7.156577666455759,6.358386628882794,2.7295998409380404
methods,main,CR7,Passive SysID,8102,15,True,True,3.92,True,121.77609627031345,49.4871376124705,5.88946736370523,5.1308958437054395,2.4916300587316735
methods,main,CR7,Passive SysID,8102,16,True,True,3.92,True,122.85294135327771,49.98719909753812,6.035695601802825,5.2754225215043755,2.563772923094276
methods,main,CR7,Passive SysID,8102,17,True,True,3.92,True,130.3249905191699,59.89462929582107,6.893947650800553,5.8066857217921575,2.6784711851534473
methods,main,CR7,Passive SysID,8102,18,True,True,3.92,True,126.00336598059461,51.99146118459407,6.3450952966716105,5.498874307459721,2.673192912057363
methods,main,CR7,Passive SysID,8102,19,True,True,3.92,True,124.47910291960233,52.200866888806615,6.074434243614154,5.235651050225647,2.510217552032776
methods,main,CR7,Passive SysID,8102,20,True,True,3.92,True,123.59832913663539,50.66850620405413,6.102392903531985,5.254843575937004,2.5643476382704558
methods,main,CR7,Passive SysID,8102,21,True,True,3.92,True,131.3551828793223,58.36495038934845,6.8896880840882515,5.887134838420067,2.7141820154307124
methods,main,CR7,Passive SysID,8102,22,True,True,3.92,True,133.30476044091873,58.70299936772195,6.975398455813917,6.094475816150829,2.734923843702568
methods,main,CR7,Passive SysID,8102,23,True,True,3.92,True,123.5070903495263,49.87739886052098,6.061477394723837,5.26996556143538,2.5834421257822373
methods,main,CR7,Passive SysID,8102,24,False,False,0.96,False,170.72496247354465,85.49003721279509,12.42520122901342,11.623733770715074,3.3472300266538255
methods,main,CR7,Passive SysID,8102,25,True,True,3.92,True,123.54539277023943,51.04637907016814,6.004829960494948,5.137283669592762,2.5352385952431846
methods,main,CR7,Passive SysID,8102,26,True,True,3.92,True,120.4160883101436,48.85672715414031,5.889986572646658,5.112227850168572,2.54373838633072
methods,main,CR7,Passive SysID,8102,27,True,True,3.92,True,121.4721106702287,48.53901569054021,6.055104253419882,5.317846715379393,2.649269711107419
methods,main,CR7,Passive SysID,8102,28,True,True,3.92,True,124.90910616824772,51.76370217386103,6.177386287685954,5.269823979832388,2.567006399527435
methods,main,CR7,Passive SysID,8102,29,True,True,3.92,True,123.92918643338248,50.591373023353825,6.110251426334769,5.375320100107797,2.576895124792532
methods,main,CR7,Passive SysID,8102,30,True,True,3.92,True,124.332814245743,52.00673689957924,6.1289250342242045,5.232587964852912,2.533562333532834
methods,main,CR7,Passive SysID,8102,31,True,True,3.92,True,123.58943966074096,48.262889910023134,6.256948569026439,5.545703576135025,2.7168301855656116
methods,main,CR7,Passive SysID,8103,0,False,False,3.0,True,137.17954946406147,65.0095004971061,7.868351766562384,6.831754881115993,2.7133956672594763
methods,main,CR7,Passive SysID,8103,1,True,True,3.92,True,119.68461282151648,48.60001710468498,6.004337053552363,5.174196045395645,2.5341731794591444
methods,main,CR7,Passive SysID,8103,2,True,True,3.92,True,131.14147480164505,60.33198059231302,7.026388529403211,5.896815918032004,2.6580399277451474
methods,main,CR7,Passive SysID,8103,3,True,True,3.92,True,136.4367044994721,63.22019950156999,7.441959303670013,6.541157869154664,2.6933086898323366
methods,main,CR7,Passive SysID,8103,4,True,True,3.92,True,128.5729071385999,56.69299468098775,6.5482658984008895,5.501662342015546,2.60026627303298
methods,main,CR7,Passive SysID,8103,5,True,True,3.92,True,134.81075148826878,60.482854145557404,7.281575177553795,6.329117153944169,2.675354894970777
methods,main,CR7,Passive SysID,8103,6,False,False,0.94,False,169.95858525437475,85.65680763572287,12.378031107657327,11.612741471092328,3.2915189851490907
methods,main,CR7,Passive SysID,8103,7,True,True,3.92,True,119.91562282306226,48.47748408384834,5.8972831504752845,5.129282100909399,2.5012057621891843
methods,main,CR7,Passive SysID,8103,8,True,True,3.92,True,121.34025079994721,48.91301396451115,5.854577175975198,5.091468124931224,2.56604225979551
methods,main,CR7,Passive SysID,8103,9,True,True,3.92,True,133.20907093448034,60.51588064329596,7.123650721133503,6.198499170455881,2.6630730345941713
methods,main,CR7,Passive SysID,8103,10,True,True,3.92,True,124.76058933167316,51.18859056873495,6.215251107114387,5.357230368273472,2.6238661723825696
methods,main,CR7,Passive SysID,8103,11,True,True,3.92,True,122.09033695128436,48.90307446897975,5.910240412149215,5.183810880201596,2.604718153388626
methods,main,CR7,Passive SysID,8103,12,True,True,3.92,True,121.40251144636018,48.49176254376866,6.032935257444341,5.241895819964047,2.5964413937193203
methods,main,CR7,Passive SysID,8103,13,True,True,3.92,True,126.02789989974306,54.01264724027064,6.269936027916759,5.477085890729924,2.549629182037859
methods,main,CR7,Passive SysID,8103,14,True,True,3.92,True,123.55807505895616,49.651469116231084,6.165979061674127,5.352334400245055,2.7165823162813263
methods,main,CR7,Passive SysID,8103,15,False,False,1.6,True,143.9189313330761,70.43407922990846,9.169361827638237,8.272216055774667,2.995820519018748
methods,main,CR7,Passive SysID,8103,16,True,True,3.92,True,119.70973148797638,48.291812069170476,6.148553401935572,5.383925452318376,2.561664116559594
methods,main,CR7,Passive SysID,8103,17,True,True,3.92,True,123.8003346153605,50.63991664085191,6.081836670436848,5.256067387778581,2.539143042474518
methods,main,CR7,Passive SysID,8103,18,True,True,3.92,True,137.42698607395658,63.888533631798765,7.645700178364717,6.781947076939066,2.746170252708688
methods,main,CR7,Passive SysID,8103,19,True,True,3.92,True,123.71801186334548,49.72814007545886,6.107650695320631,5.400166059211959,2.603224624248846
methods,main,CR7,Passive SysID,8103,20,True,True,3.92,True,119.85143709618842,49.011349134851095,5.946699710171892,5.1675885025623165,2.4979819185691556
methods,main,CR7,Passive SysID,8103,21,True,True,3.92,True,124.14753350613009,50.50808172823871,6.179279613606026,5.430142578294258,2.6613277677995746
methods,main,CR7,Passive SysID,8103,22,False,False,1.48,True,146.60468224450756,70.74274693398652,9.320011190446554,8.503901335882228,3.0227900329250112
methods,main,CR7,Passive SysID,8103,23,True,True,3.92,True,132.77061335511283,60.186201383080046,6.986096219367497,5.9721846895110815,2.641891609420174
methods,main,CR7,Passive SysID,8103,24,True,True,3.92,True,120.75868411334318,48.45162860535546,6.046671539456079,5.288522690335118,2.65305186252823
methods,main,CR7,Passive SysID,8103,25,True,True,3.92,True,123.96359851200205,49.74434657659283,6.032392968458393,5.344886678495366,2.5662246652453953
methods,main,CR7,Passive SysID,8103,26,True,True,3.92,True,119.97016744460736,48.43807002105148,5.878031356099797,5.137298410984219,2.4762994275008556
methods,main,CR7,Passive SysID,8103,27,True,True,3.92,True,131.73033374213716,58.56235040560446,6.930340369061488,5.9219192165795365,2.7202259661223502
methods,main,CR7,Passive SysID,8103,28,True,True,3.92,True,125.39342139192325,52.4935227293406,6.168796766929416,5.363962113263318,2.51514018741848
methods,main,CR7,Passive SysID,8103,29,False,False,1.54,True,143.69090030616155,69.83403186401951,8.88332274103929,8.02246185007355,2.6391203013554096
methods,main,CR7,Passive SysID,8103,30,False,False,1.5,True,146.50773675072395,70.0828571880436,9.919671922183964,8.86841250245627,3.294360040237831
methods,main,CR7,Passive SysID,8103,31,False,False,1.08,True,189.53707107351406,93.8533122538007,13.503721532879501,13.119478243630281,3.0334634507898954
methods,main,CR7,Active SysID,8101,0,True,True,3.92,True,122.25751048064188,47.34881595991492,6.337557965256825,5.465831136953686,2.741415894564962
methods,main,CR7,Active SysID,8101,1,True,True,3.92,True,119.68008312586848,47.681746496801125,6.200915595449145,5.389755425180679,2.5656557451075965
methods,main,CR7,Active SysID,8101,2,True,True,3.92,True,119.65996936362237,47.12090333519194,6.216868833694951,5.397497012366535,2.7309251685157867
methods,main,CR7,Active SysID,8101,3,True,True,3.92,True,121.2548683102251,48.72831601583472,6.3655702963698015,5.492975556377106,2.575277015902626
methods,main,CR7,Active SysID,8101,4,True,True,3.92,True,119.51517677518378,48.67650795075546,6.047508571894476,4.939404098266566,2.4999974305928863
methods,main,CR7,Active SysID,8101,5,True,True,3.92,True,119.49277816481911,48.144864581302436,6.221838760879879,5.2952986968690245,2.5329726666758665
methods,main,CR7,Active SysID,8101,6,True,True,3.92,True,120.22878639553393,50.14664105596147,6.124380798439804,5.0406365441538785,2.4253321939051893
methods,main,CR7,Active SysID,8101,7,True,True,3.92,True,120.43499577780062,47.99602954650928,6.2149416806719495,5.199817898611298,2.6825511906764596
methods,main,CR7,Active SysID,8101,8,True,True,3.92,True,120.28408795752142,47.18892959106817,6.212649596434752,5.463671963148135,2.725060694365824
methods,main,CR7,Active SysID,8101,9,True,True,3.92,True,119.99463039102042,47.95090772273717,6.149287683652674,5.2708187613558835,2.6221910646439675
methods,main,CR7,Active SysID,8101,10,True,True,3.92,True,132.20742407904783,49.085143267101344,6.665054511922115,6.213310698203044,2.717775346465977
methods,main,CR7,Active SysID,8101,11,True,True,3.92,True,130.4637182603006,48.37826430331776,6.619658263558185,6.087731112217121,2.7148609604276754
methods,main,CR7,Active SysID,8101,12,True,True,3.92,True,125.75525929184265,47.05840419227655,6.299040915971795,5.66892460514661,2.730992700027332
methods,main,CR7,Active SysID,8101,13,True,True,3.92,True,119.60951389573866,47.59206182485702,6.16172269778576,5.394824227776505,2.6661547381710236
methods,main,CR7,Active SysID,8101,14,True,True,3.92,True,119.90879222802612,49.007049359962146,6.251611474873905,5.372804004111514,2.522759646348018
methods,main,CR7,Active SysID,8101,15,True,True,3.92,True,119.31271074615951,47.510468156636705,6.197035194041132,5.19950040717509,2.661130221434663
methods,main,CR7,Active SysID,8101,16,True,True,3.92,True,120.19257373722185,47.55644612714859,6.222452354232549,5.157060114658628,2.688928191200476
methods,main,CR7,Active SysID,8101,17,True,True,3.92,True,123.35804237046699,47.263059471514666,6.157378572890726,5.43984113132313,2.6429214473035736
methods,main,CR7,Active SysID,8101,18,True,True,3.92,True,133.4680205562623,50.640956361678235,6.819076289350392,6.397431055040073,2.7635924665548637
methods,main,CR7,Active SysID,8101,19,True,True,3.92,True,120.03027897343713,48.81725553786668,6.031419272730324,5.128718934772922,2.5011696887494037
methods,main,CR7,Active SysID,8101,20,True,True,3.92,True,120.08304712769129,48.87778397306935,6.126214738235587,4.953134204503087,2.546700065070751
methods,main,CR7,Active SysID,8101,21,True,True,3.92,True,119.44965496075625,47.625764758261894,6.208946173274415,5.3314152080793935,2.6856037131474855
methods,main,CR7,Active SysID,8101,22,True,True,3.92,True,120.75971019982744,47.3697708170088,6.328249395370223,5.305401886096813,2.7532495607104135
methods,main,CR7,Active SysID,8101,23,True,True,3.92,True,119.21855250892702,47.84717080766473,6.1970869837234694,5.197622071466868,2.682003636964223
methods,main,CR7,Active SysID,8101,24,True,True,3.92,True,121.42085246843668,47.31147453514199,6.317808029772847,5.491746327262182,2.7876218806405193
methods,main,CR7,Active SysID,8101,25,True,True,3.92,True,119.47716583489293,48.01672297159578,6.159854220802157,5.17877263768679,2.636559084453145
methods,main,CR7,Active SysID,8101,26,True,True,3.92,True,118.71035581116227,47.90429534641891,6.131869508827515,5.246575413022339,2.6148274460834977
methods,main,CR7,Active SysID,8101,27,True,True,3.92,True,133.95900545588694,53.73640933768052,7.613847625399923,7.019719745196179,2.899343630453875
methods,main,CR7,Active SysID,8101,28,True,True,3.92,True,119.07757932241219,48.86668315508893,6.0238156279550825,5.068158137194291,2.462453800250885
methods,main,CR7,Active SysID,8101,29,True,True,3.92,True,119.68335437571953,47.729597913091425,6.21734361760159,5.382064246084034,2.664209459353934
methods,main,CR7,Active SysID,8101,30,False,False,0.86,False,152.3222249838542,70.7258557085931,12.113307319398931,11.291776825072114,4.292045386307505
methods,main,CR7,Active SysID,8101,31,True,True,3.92,True,120.24753360843432,48.35177780234145,6.26523640734067,5.13916021114222,2.6529438046581246
methods,main,CR7,Active SysID,8102,0,True,True,3.92,True,130.60100606524895,53.55259643193371,7.720640348860111,7.031950660136816,3.1151946317677957
methods,main,CR7,Active SysID,8102,1,True,True,3.92,True,127.20470972211895,47.7345424101493,6.35953291579889,5.741751702642791,2.7391989788370896
methods,main,CR7,Active SysID,8102,2,True,True,3.92,True,119.01936445365645,47.29718231045441,5.97300744509158,5.198369923688174,2.5134555441430275
methods,main,CR7,Active SysID,8102,3,True,True,3.92,True,120.09156692186986,48.462208039434245,6.2514488938927455,5.402031323710497,2.5559913268286265
methods,main,CR7,Active SysID,8102,4,True,True,3.92,True,119.79801314438474,48.062644506842425,6.069240301536901,5.3195578717341805,2.6102030317413423
methods,main,CR7,Active SysID,8102,5,True,True,3.92,True,120.11438200085539,48.18660440313298,6.164206245011782,5.078782298393085,2.5689257821081464
methods,main,CR7,Active SysID,8102,6,True,False,3.92,True,131.10289487273593,54.936396521791664,8.193403749520154,7.406782803520418,3.3128361698606894
methods,main,CR7,Active SysID,8102,7,True,True,3.92,True,119.14323747019387,48.33861846118134,6.0719235093616,5.13748256006654,2.5511374849390998
methods,main,CR7,Active SysID,8102,8,True,True,3.92,True,129.47535875113647,48.38422639369439,6.649657912762777,6.0313521819660565,2.7416057464821826
methods,main,CR7,Active SysID,8102,9,True,True,3.92,True,128.4131132659648,50.61565862343784,6.5456535486032665,5.914512555293371,2.5835935576445666
methods,main,CR7,Active SysID,8102,10,True,True,3.92,True,119.67294157488753,47.54236751098472,6.219864455127836,5.280378188721146,2.6664972777906315
methods,main,CR7,Active SysID,8102,11,False,False,0.84,False,142.06628674596473,64.57193587460641,10.159096336911265,9.415069656409129,3.6168608956621506
methods,main,CR7,Active SysID,8102,12,True,True,3.92,True,134.2426946121595,49.79470071056694,7.048881305857614,6.566878806065386,2.762614835441573
methods,main,CR7,Active SysID,8102,13,True,True,3.92,True,119.69231589109017,48.79780660860721,6.082956414265943,4.992207806617185,2.5200346097591235
methods,main,CR7,Active SysID,8102,14,True,True,3.92,True,119.24164083695818,47.14257624520933,6.151840406731825,5.330871001130018,2.681405951143724
methods,main,CR7,Active SysID,8102,15,True,True,3.92,True,133.1394176362034,54.25699373313793,7.43541995231634,6.824294923551878,2.768086838331216
methods,main,CR7,Active SysID,8102,16,False,False,1.18,True,165.2849238046615,72.25968499619215,11.223473583052963,11.07817333873494,3.105378584057297
methods,main,CR7,Active SysID,8102,17,True,True,3.92,True,119.33311674097118,48.86975883200486,6.053195743640819,4.934204909985078,2.4549856847668092
methods,main,CR7,Active SysID,8102,18,True,True,3.92,True,122.55401343999375,47.079890828348155,6.196352076110595,5.4039238532672575,2.689145121472175
methods,main,CR7,Active SysID,8102,19,True,True,3.92,True,119.22453273185934,49.55172315438077,5.995199989163317,5.034618234855845,2.4096802507071464
methods,main,CR7,Active SysID,8102,20,False,False,1.64,True,139.20998848729192,58.67683131561931,9.352315069139012,8.44605450564785,3.417050604378414
methods,main,CR7,Active SysID,8102,21,True,True,3.92,True,119.9718874522425,47.2603092712484,6.183182767385512,5.415351226263335,2.6510911524010616
methods,main,CR7,Active SysID,8102,22,True,True,3.92,True,119.49738590908024,48.42629171724839,6.2081068411109515,5.297559672742904,2.6197490145444564
methods,main,CR7,Active SysID,8102,23,True,True,3.92,True,119.03055037472114,48.641000366767535,6.242394186755368,5.251103280066679,2.5811858695336407
methods,main,CR7,Active SysID,8102,24,True,True,3.92,True,119.96682524148186,48.44155157504724,6.180091444213225,5.160366919019121,2.5655543290904403
methods,main,CR7,Active SysID,8102,25,False,False,0.88,False,147.38332834082226,66.60401769992573,10.259276090438973,9.598914327533832,3.5114491937198022
methods,main,CR7,Active SysID,8102,26,True,True,3.92,True,131.378098430265,53.590840707881206,7.527300190180669,6.891292190835419,3.0263110237051127
methods,main,CR7,Active SysID,8102,27,True,True,3.92,True,127.57377618828347,47.42411292945727,6.4017676275340305,5.788271802542546,2.7102022230278062
methods,main,CR7,Active SysID,8102,28,False,False,0.86,False,149.54376551495093,68.58011781854438,11.340526770505669,10.623388505102534,3.9085758438039453
methods,main,CR7,Active SysID,8102,29,True,True,3.92,True,119.13973961860464,47.221478809884154,6.078848721929822,5.290086974220599,2.6479787307055895
methods,main,CR7,Active SysID,8102,30,True,True,3.92,True,119.20687590430784,49.537435213485956,6.116680798885718,5.114804105438291,2.479222272972395
methods,main,CR7,Active SysID,8102,31,True,True,3.92,True,120.30648775006136,46.634142078959535,6.274727045988859,5.511213620124097,2.60242058540938
methods,main,CR7,Active SysID,8103,0,True,True,3.92,True,119.11468812237942,48.270858174808815,6.115533288014231,5.257529222756444,2.566720035755003
methods,main,CR7,Active SysID,8103,1,True,True,3.92,True,120.124606313792,47.67981593211478,6.145965934654385,5.3769766843023215,2.6270505852144908
methods,main,CR7,Active SysID,8103,2,True,True,3.92,True,119.14381519568725,48.20889035059091,6.012385499965724,4.981416464450098,2.4758730574394465
methods,main,CR7,Active SysID,8103,3,True,True,3.92,True,118.81970972805722,47.47729658980149,5.9456780879551,5.205531908552232,2.5369848528142547
methods,main,CR7,Active SysID,8103,4,True,True,3.92,True,128.4226317631293,49.35985337494407,6.490588726789123,5.884359573770805,2.6340813252229074
methods,main,CR7,Active SysID,8103,5,True,True,3.92,True,119.45356928270766,48.790648511870806,6.182981196154179,5.234742145899782,2.5368839661956435
methods,main,CR7,Active SysID,8103,6,True,True,3.92,True,122.19614088248811,47.80981751955738,6.097765358606925,5.258903653930803,2.612271296080605
methods,main,CR7,Active SysID,8103,7,True,True,3.92,True,119.86106085743049,48.44135074170706,6.186106325216061,5.207435392256965,2.5287734248714187
methods,main,CR7,Active SysID,8103,8,False,False,1.66,True,138.2377728774966,58.14110118845994,9.290625702813905,8.432578766290277,3.5928859816436107
methods,main,CR7,Active SysID,8103,9,True,True,3.92,True,118.80628938145601,49.23070582176396,6.082427226621659,5.057756745115619,2.4892884931323636
methods,main,CR7,Active SysID,8103,10,True,True,3.92,True,119.50757225692965,47.35683175041258,6.120777908547838,5.287088312580294,2.5925300696024864
methods,main,CR7,Active SysID,8103,11,True,True,3.92,True,130.12626169227406,48.570928999999275,6.512121968296498,5.950978069978477,2.75284512950213
methods,main,CR7,Active SysID,8103,12,True,True,3.92,True,119.62948827008499,47.553182791461154,6.243104225957834,5.352675404981001,2.6557547937690016
methods,main,CR7,Active SysID,8103,13,True,True,3.92,True,126.44508615615518,48.688677932526254,6.232157550790098,5.564397173168887,2.625343216051347
methods,main,CR7,Active SysID,8103,14,False,False,1.34,True,147.02455055785504,62.54027376100975,11.089942443843416,9.949088009347259,4.11839095817597
methods,main,CR7,Active SysID,8103,15,True,True,3.92,True,118.53758776258164,48.60780640752924,6.054165733728376,5.096743818231809,2.475596561346334
methods,main,CR7,Active SysID,8103,16,True,True,3.92,True,120.48021090616716,48.57194657266912,6.2677020833810255,5.380573515989427,2.532683563461307
methods,main,CR7,Active SysID,8103,17,True,True,3.92,True,120.3466008800585,48.465289405027434,6.234277407011031,5.264458408110214,2.6385706359909866
methods,main,CR7,Active SysID,8103,18,True,True,3.92,True,119.33444281377186,47.95600716185429,6.067603078217863,5.2700784284530515,2.605310246632733
methods,main,CR7,Active SysID,8103,19,True,True,3.92,True,120.49256525776875,47.95129679762808,6.1602631743841885,5.386238702723841,2.5521229842693196
methods,main,CR7,Active SysID,8103,20,True,True,3.92,True,123.52812108094041,47.913963053692,6.112937945790522,5.279035844706786,2.6031117228832543
methods,main,CR7,Active SysID,8103,21,False,False,1.52,True,142.19199531058072,61.248930609447264,9.893917761737567,8.97908064685211,3.7482313208946256
methods,main,CR7,Active SysID,8103,22,True,True,3.92,True,119.92558855771897,47.61342668431595,6.101454877211905,5.328675389960479,2.6345237841182465
methods,main,CR7,Active SysID,8103,23,True,True,3.92,True,122.159173889898,49.78134126886485,6.164525998239538,5.131864851448809,2.5900245683077108
methods,main,CR7,Active SysID,8103,24,True,True,3.92,True,119.7203336075821,47.465045469288505,6.320765846508892,5.383655089239273,2.698115941891569
methods,main,CR7,Active SysID,8103,25,True,True,3.92,True,130.45651221827396,48.533630107510675,6.514309328032671,5.997050188302065,2.6520488458398512
methods,main,CR7,Active SysID,8103,26,True,True,3.92,True,121.61811108209658,47.72751903660803,6.098236629592235,5.215308708232836,2.5868089448275775
methods,main,CR7,Active SysID,8103,27,True,True,3.92,True,119.74281227582615,47.570739835352256,6.276247022568589,5.444420414692345,2.6812824445411856
methods,main,CR7,Active SysID,8103,28,True,True,3.92,True,119.14530277031723,49.38131476803713,6.096561039197516,5.145792446121866,2.508853519987651
methods,main,CR7,Active SysID,8103,29,True,True,3.92,True,118.7102955021041,47.77870330946207,6.046699869466081,5.2596783977153745,2.5968564926586453
methods,main,CR7,Active SysID,8103,30,True,True,3.92,True,119.94018442722846,48.703407438925275,6.303937708252259,5.429084523529546,2.5840314563108997
methods,main,CR7,Active SysID,8103,31,True,True,3.92,True,119.39742745236116,47.440962371955074,6.226504462455623,5.409632135587921,2.6846255056763773
methods,main,CR7,Common torque,8101,0,True,True,3.92,True,126.65760239438495,52.230979908817034,6.379997921844473,5.677549531600667,2.536179124816832
methods,main,CR7,Common torque,8101,1,True,True,3.92,True,125.90855765816033,51.17431339917931,6.505239923404087,5.808806519957563,2.5841024759858247
methods,main,CR7,Common torque,8101,2,True,False,3.92,True,145.12886445885857,57.91524275075498,7.660904745577738,7.498776166388871,2.694386597866416
methods,main,CR7,Common torque,8101,3,True,True,3.92,True,127.43502825442788,51.43543025113788,6.461865317440726,5.827950202576593,2.5711002661953204
methods,main,CR7,Common torque,8101,4,True,True,3.92,True,141.8170744066079,66.3780583825454,8.15418015439653,7.226234268880957,2.8659364231274935
methods,main,CR7,Common torque,8101,5,True,True,3.92,True,126.14647213491173,51.72667785053864,6.44933980650549,5.761708611651115,2.5009517495782236
methods,main,CR7,Common torque,8101,6,False,False,1.02,True,172.67453777698657,85.11196645925725,11.844085912899503,10.995751724427938,3.235305458341073
methods,main,CR7,Common torque,8101,7,True,True,3.92,True,127.3064489354491,52.67768104319469,6.3008476358277035,5.587766550018807,2.5657486505634046
methods,main,CR7,Common torque,8101,8,True,False,3.92,True,144.64227561065888,64.8364663285606,8.039395563350336,7.475072321654196,2.795473089297181
methods,main,CR7,Common torque,8101,9,True,True,3.92,True,126.88226191453641,52.587004989723745,6.443472910377549,5.77965946443233,2.540972046132316
methods,main,CR7,Common torque,8101,10,True,True,3.92,True,139.2368001850881,55.580888676410886,6.9944080950967145,6.70103790068122,2.6625421147014237
methods,main,CR7,Common torque,8101,11,True,True,3.92,True,128.2973012396216,52.62223544109189,6.433435758663322,5.934594578552177,2.639049978324284
methods,main,CR7,Common torque,8101,12,True,True,3.92,True,141.41632695001903,57.473025746119454,7.431224519493066,7.155294210156558,2.709237686921467
methods,main,CR7,Common torque,8101,13,False,False,1.22,True,160.45376037240652,79.26849679264802,10.462945350389788,9.735924896468571,2.948234967270491
methods,main,CR7,Common torque,8101,14,True,True,3.92,True,125.44142949564579,51.23694552383828,6.4949538377880085,5.648206783612983,2.523993261550432
methods,main,CR7,Common torque,8101,15,False,False,0.96,False,181.3498762362764,89.05058044582748,13.358335316435657,12.607558224718847,3.684698071660468
methods,main,CR7,Common torque,8101,16,False,False,0.92,False,188.917103694941,94.32950935566392,14.714345755714133,13.881511062503627,3.9237485568147545
methods,main,CR7,Common torque,8101,17,True,True,3.92,True,126.05989229277928,52.33103077619814,6.217470049226334,5.639259334305876,2.483483267135379
methods,main,CR7,Common torque,8101,18,True,True,3.92,True,128.34706131394356,52.53329943813563,6.288129970202071,5.778583009703589,2.5462967496045397
methods,main,CR7,Common torque,8101,19,False,False,1.56,True,152.85057794000653,68.24940277124256,8.853506528157487,8.12674032137401,2.835711435512498
methods,main,CR7,Common torque,8101,20,True,True,3.92,True,141.25814011164087,62.49886038884883,7.596159328395833,6.965991531860384,2.7463908581957592
methods,main,CR7,Common torque,8101,21,False,False,1.04,True,166.0740325809626,83.20556616720565,11.268055775434776,10.317675072718304,3.2127485634958894
methods,main,CR7,Common torque,8101,22,False,False,1.56,True,149.39255847615308,71.66757365961945,8.98505778157742,8.149113187699493,2.892440771807594
methods,main,CR7,Common torque,8101,23,False,False,0.94,False,189.02058909433026,94.50125924080133,14.257823397057575,13.417323405912637,3.7827767566167743
methods,main,CR7,Common torque,8101,24,False,False,0.96,False,174.57875882580962,87.83149883856878,12.299329431415408,11.60699158023706,3.1712087647082567
methods,main,CR7,Common torque,8101,25,False,False,0.98,False,176.48046634721206,86.23911233230059,12.490272543971141,11.659098154437965,3.4829618914196696
methods,main,CR7,Common torque,8101,26,False,False,1.72,True,143.44385100255224,67.6195437101139,8.245087304756275,7.274701647172584,2.7660577907897075
methods,main,CR7,Common torque,8101,27,True,True,3.92,True,128.88901426023173,54.42335435149409,6.414233124215232,5.635369760775484,2.5460663235557606
methods,main,CR7,Common torque,8101,28,True,True,3.92,True,140.20735486139753,63.475794205259824,7.739997362447967,7.072047737283526,2.723917133241198
methods,main,CR7,Common torque,8101,29,True,True,3.92,True,142.07445309567572,60.08677362617033,7.442721340035061,7.1170694488178174,2.6823095263050134
methods,main,CR7,Common torque,8101,30,True,True,3.92,True,133.25955222193093,56.32480155831156,6.68943046007021,6.132956555826929,2.545910699358065
methods,main,CR7,Common torque,8101,31,True,True,3.92,True,142.386443704575,59.74189563118185,7.3481141827880805,6.967749633464156,2.6488277077930538
methods,main,CR7,Common torque,8102,0,True,True,3.92,True,127.72304790922928,53.25779438284814,6.389005141276045,5.72445988922706,2.559255825879056
methods,main,CR7,Common torque,8102,1,True,True,3.92,True,128.9292454760913,53.57078689832306,6.418091092646191,5.799925935843153,2.608495930682513
methods,main,CR7,Common torque,8102,2,True,True,3.92,True,125.51830576846635,51.98312189212243,6.43672962050544,5.716397525532745,2.5027881702339356
methods,main,CR7,Common torque,8102,3,True,False,3.92,True,144.8256250284532,64.05079945901042,7.905734530815969,7.371738988547307,2.7657975534677126
methods,main,CR7,Common torque,8102,4,True,True,3.92,True,135.40519149203735,56.483182115280336,6.740127824890317,6.213342189642569,2.5445400631649413
methods,main,CR7,Common torque,8102,5,True,True,3.92,True,126.66696609587,53.208124764019395,6.323099965654077,5.613483086002247,2.531025265785064
methods,main,CR7,Common torque,8102,6,True,True,3.92,True,125.26924500872263,52.156912393137475,6.3813360817590565,5.662765730677181,2.5753872573447842
methods,main,CR7,Common torque,8102,7,True,True,3.92,True,125.49663394426577,51.932773622871494,6.3749860662418065,5.707577566215302,2.625286479002716
methods,main,CR7,Common torque,8102,8,True,True,3.92,True,127.18315293813923,52.69715812829373,6.393166346304911,5.763056252065989,2.58532316347688
methods,main,CR7,Common torque,8102,9,False,False,1.54,True,155.44099563656792,75.9934266523043,10.169441371783913,9.13429908171841,3.183519434847903
methods,main,CR7,Common torque,8102,10,False,False,1.56,True,154.1391249049557,73.20405966733045,9.24660133887278,8.59137687721106,2.7849562170981503
methods,main,CR7,Common torque,8102,11,True,True,3.92,True,135.81558510424028,57.31556740954429,6.836858620785253,6.328522087742014,2.527737279061646
methods,main,CR7,Common torque,8102,12,True,True,3.92,True,127.32145913029817,52.42903443199596,6.3310302447236655,5.742618114196595,2.550874910364118
methods,main,CR7,Common torque,8102,13,False,False,1.64,True,148.2621179826601,68.0814112671008,8.509819163409247,7.7955922157714195,2.771348559877265
methods,main,CR7,Common torque,8102,14,False,False,1.32,True,158.82639056194787,78.26844666706295,10.14417970253894,9.308106588398585,2.98430137979748
methods,main,CR7,Common torque,8102,15,True,True,3.92,True,128.87169928733206,54.11759554194512,6.433892823368542,5.711558485631738,2.5274295409050387
methods,main,CR7,Common torque,8102,16,True,True,3.92,True,130.94863762647486,53.75879769804638,6.486275231710554,5.9908289650322075,2.557863023357384
methods,main,CR7,Common torque,8102,17,True,True,3.92,True,140.31273975042544,65.11614429326278,7.914385308746082,7.019892351992479,2.810651292727675
methods,main,CR7,Common torque,8102,18,True,True,3.92,True,127.36016193606552,52.70432897470014,6.351511284532353,5.74301224651039,2.5735051607537773
methods,main,CR7,Common torque,8102,19,True,True,3.92,True,125.48248253645006,52.01949122238092,6.522537359445047,5.652999817208337,2.666380200938484
methods,main,CR7,Common torque,8102,20,True,True,3.92,True,130.65072587030033,55.40438631306882,6.560604591264015,5.818797981938073,2.5419083618614855
methods,main,CR7,Common torque,8102,21,False,False,1.0,True,172.37877087053917,86.23654362824918,12.293063315857399,11.192999569492708,3.5141813535453212
methods,main,CR7,Common torque,8102,22,False,False,1.52,True,153.32049343171022,73.0087719240481,9.246180988189618,8.548886334777716,2.784928548850732
methods,main,CR7,Common torque,8102,23,True,True,3.92,True,125.80626647449886,51.93257088727049,6.448121268705259,5.73238978467328,2.529074325528235
methods,main,CR7,Common torque,8102,24,False,False,0.94,False,192.09420246500855,94.7426032565003,14.672294886032537,13.91891170514307,3.793315568958989
methods,main,CR7,Common torque,8102,25,True,True,3.92,True,132.38209014205412,55.456347159622986,6.568433983901446,5.974884468770114,2.545113730892848
methods,main,CR7,Common torque,8102,26,True,True,3.92,True,126.53512035977101,52.49995420566914,6.2805458478481215,5.666607650785328,2.599717945268003
methods,main,CR7,Common torque,8102,27,True,True,3.92,True,126.57234370385542,52.31850740377315,6.380984176221801,5.7153324720813385,2.5681824153513237
methods,main,CR7,Common torque,8102,28,True,True,3.92,True,134.11028776834948,56.64067870011471,6.752717221412036,6.178771520593961,2.5431516913661776
methods,main,CR7,Common torque,8102,29,True,True,3.92,True,129.62900062725626,54.23359076098497,6.416613081029727,5.849912939697842,2.5181171728587373
methods,main,CR7,Common torque,8102,30,True,True,3.92,True,131.21954357268694,55.94807793273161,6.523675609296512,5.926913124992456,2.5336391338835784
methods,main,CR7,Common torque,8102,31,True,True,3.92,True,126.79680063061419,50.644000908106754,6.435806070756711,5.874084418497026,2.6074195572902266
methods,main,CR7,Common torque,8103,0,False,False,1.02,True,166.04944553348042,84.52247647878076,11.657928143766773,10.469218405206956,3.4442489035707515
methods,main,CR7,Common torque,8103,1,True,True,3.92,True,125.76129734687719,52.29829795396904,6.462359124886896,5.747277027846796,2.5442791355734298
methods,main,CR7,Common torque,8103,2,True,True,3.92,True,132.89378999844584,57.73238209406333,6.7613918817949274,6.11976139996409,2.576044826000868
methods,main,CR7,Common torque,8103,3,True,True,3.92,True,131.83135393039757,54.987656913745994,6.544509744491186,5.960281550882768,2.5534967581008465
methods,main,CR7,Common torque,8103,4,True,True,3.92,True,139.1689215525281,59.97742361734875,7.161067861772687,6.693455581257787,2.6388942233669708
methods,main,CR7,Common torque,8103,5,True,False,3.92,True,146.61312178975453,64.12115761852132,8.014260385861874,7.452984705944451,2.7133390145926315
methods,main,CR7,Common torque,8103,6,False,False,0.92,False,194.74415915910566,96.46753113701023,15.07105790721765,14.27239211281104,3.9206910426488806
methods,main,CR7,Common torque,8103,7,True,True,3.92,True,125.13169733559893,52.078194714622825,6.439082223466859,5.630093807905697,2.56295674112996
methods,main,CR7,Common torque,8103,8,True,True,3.92,True,126.69925841842087,52.82041692461805,6.28208927514771,5.564154832881495,2.5402061796025985
methods,main,CR7,Common torque,8103,9,True,True,3.92,True,125.38834384166236,52.24026767796314,6.349378826170579,5.609184133435363,2.530207682102294
methods,main,CR7,Common torque,8103,10,True,True,3.92,True,125.83228608446936,52.23805109058454,6.342278485225295,5.647642198094388,2.527674794940459
methods,main,CR7,Common torque,8103,11,True,True,3.92,True,126.5240351880881,52.438263219983384,6.284333336379491,5.641103309306779,2.55224873196566
methods,main,CR7,Common torque,8103,12,True,True,3.92,True,126.12984404689978,52.17366897948829,6.310794909510574,5.6281107240472315,2.5236271866363684
methods,main,CR7,Common torque,8103,13,True,False,3.92,True,146.3373762384447,66.09716848652994,8.07736006445179,7.411260240991919,2.7185604750232084
methods,main,CR7,Common torque,8103,14,True,True,3.92,True,130.0295257854486,54.33014785665511,6.469965854707829,5.807391062451297,2.5489323299801696
methods,main,CR7,Common torque,8103,15,False,False,0.98,False,173.9376791460709,88.54350101416838,12.566729173974323,11.556949011176517,3.51130037721352
methods,main,CR7,Common torque,8103,16,True,True,3.92,True,126.55518398372195,51.58658201156127,6.4441827782834284,5.757830066271134,2.4854827064975473
methods,main,CR7,Common torque,8103,17,True,True,3.92,True,127.45442872859103,53.776094355509976,6.418524796154058,5.6082310086108365,2.543601510457935
methods,main,CR7,Common torque,8103,18,True,True,3.92,True,140.9306768274076,60.557823630135694,7.3020588226171785,6.8591737856856145,2.670125020609949
methods,main,CR7,Common torque,8103,19,True,True,3.92,True,129.82602391487427,53.561091220470125,6.39829953790913,5.722310391306243,2.5416007062277077
methods,main,CR7,Common torque,8103,20,True,True,3.92,True,126.08817953679238,52.349520823564006,6.368665185596219,5.709836729481999,2.5116000408779793
methods,main,CR7,Common torque,8103,21,True,True,3.92,True,132.63828558459718,54.26263297563431,6.618938455268627,6.082586713664788,2.6300400853546666
methods,main,CR7,Common torque,8103,22,False,False,1.64,True,148.87356952953547,67.91815305911038,8.357196789013287,7.740537073027603,2.7117606204239935
methods,main,CR7,Common torque,8103,23,False,False,1.54,True,154.66065402567702,75.81640209279101,9.757771169903247,8.783021912026221,3.0484339856827134
methods,main,CR7,Common torque,8103,24,True,True,3.92,True,125.98166307570372,51.90813322642965,6.3187956491435,5.771406694233258,2.5294760005894403
methods,main,CR7,Common torque,8103,25,True,True,3.92,True,130.01675760965583,54.45892521988137,6.468887274592545,5.7817083754777565,2.5215494857708762
methods,main,CR7,Common torque,8103,26,True,True,3.92,True,125.45912589312624,51.94771155743026,6.268176671955076,5.620030811095202,2.534466469439771
methods,main,CR7,Common torque,8103,27,False,False,1.56,True,147.7834663303539,71.47324174539924,8.826622818975427,7.943424153723474,2.7766802189067703
methods,main,CR7,Common torque,8103,28,True,True,3.92,True,140.87123900643184,59.75882433143474,7.283190480743829,6.918274599995745,2.6619745942964737
methods,main,CR7,Common torque,8103,29,False,False,0.98,False,171.6812690287289,86.2720175532921,12.172869705618258,11.212908642863708,3.4142835626997505
methods,main,CR7,Common torque,8103,30,True,True,3.92,True,142.442662430251,56.92839063736354,7.395642157418425,7.156189927867447,2.6552601268088294
methods,main,CR7,Common torque,8103,31,False,False,0.94,False,189.83578411420663,94.94001242082074,14.634378645248507,13.690761042527146,3.934947528063866
methods,main,CR7,Excitation torque,8101,0,True,True,3.92,True,126.04453310771396,56.14392157946281,6.343833616103685,5.444388514617503,2.641359349907399
methods,main,CR7,Excitation torque,8101,1,True,True,3.92,True,130.63731447282152,59.8200298589857,7.338748646383544,6.017435064480307,3.0036280088003564
methods,main,CR7,Excitation torque,8101,2,True,True,3.92,True,131.12801237546574,58.9577573412004,7.144396802049174,6.143962290844439,3.0202390197385913
methods,main,CR7,Excitation torque,8101,3,True,True,3.92,True,133.7780511831394,60.45236534456214,7.6978880344248095,6.370820935902746,3.1541058936590165
methods,main,CR7,Excitation torque,8101,4,True,True,3.92,True,125.1491230537014,57.17817706838026,6.1650052826362165,5.209205967272405,2.5571602977946446
methods,main,CR7,Excitation torque,8101,5,False,False,1.42,True,138.09435511680556,67.80459414841611,9.162133155356793,7.423585597840888,3.207890903897442
methods,main,CR7,Excitation torque,8101,6,False,False,1.28,True,152.88600442918414,75.73099381276515,11.209246821984662,9.81086544460019,3.7997655937108554
methods,main,CR7,Excitation torque,8101,7,False,False,0.9,False,215.3427213106432,103.34461870534905,18.08517497695354,17.17856494984062,4.972278811796367
methods,main,CR7,Excitation torque,8101,8,True,True,3.92,True,129.2551315281699,57.62503185942202,6.684751861608464,5.867180408197593,2.824598932584548
methods,main,CR7,Excitation torque,8101,9,True,True,3.92,True,124.88089961431906,56.35202995434124,6.347282501204961,5.310657223679527,2.6002401656785716
methods,main,CR7,Excitation torque,8101,10,True,True,3.92,True,133.98629441457416,61.15082216206045,7.323850698486037,6.21278369420195,3.009590746579236
methods,main,CR7,Excitation torque,8101,11,True,True,3.92,True,126.58429299480616,56.379346684214084,6.3238142948988125,5.6938561159868275,2.6850306914643527
methods,main,CR7,Excitation torque,8101,12,False,False,1.42,True,139.39202867166742,66.00392769475026,9.043094228538024,7.601654215359973,3.205836013298994
methods,main,CR7,Excitation torque,8101,13,False,False,0.98,False,207.0350020120561,95.74185649030386,16.185269551028536,15.61481739065329,4.487519004154651
methods,main,CR7,Excitation torque,8101,14,True,True,3.92,True,125.53605407946853,56.469932325449406,6.273282074016616,5.446721109452837,2.565913611470975
methods,main,CR7,Excitation torque,8101,15,True,True,3.92,True,131.04729859231375,59.0905252482555,6.96161258290199,5.8719364850799565,2.7886512266626964
methods,main,CR7,Excitation torque,8101,16,False,False,1.46,True,145.48319631464437,71.04850292808695,9.870356339745515,8.622521881760424,3.2362961624836375
methods,main,CR7,Excitation torque,8101,17,True,True,3.92,True,127.332108665732,57.22516910495155,6.275443924183233,5.535764986322307,2.650353238906898
methods,main,CR7,Excitation torque,8101,18,True,True,3.92,True,126.67683614482891,56.86468884713161,6.297361314143241,5.603639410293785,2.6127392088484163
methods,main,CR7,Excitation torque,8101,19,True,False,3.92,True,135.2145483677321,64.51439317704626,8.30979165405279,6.607057121501318,3.127084064711382
methods,main,CR7,Excitation torque,8101,20,False,False,0.96,False,170.75128945843164,83.04789321152087,13.093565763342646,12.004557292241207,4.140935267921967
methods,main,CR7,Excitation torque,8101,21,False,False,1.42,True,151.12694505655,72.8316722339038,10.102661630718432,8.984449217691816,3.1546158578021313
methods,main,CR7,Excitation torque,8101,22,True,True,3.92,True,129.68896516297275,57.6121546642954,6.59906400143789,5.823965822036083,2.8349725149020526
methods,main,CR7,Excitation torque,8101,23,False,False,0.96,False,184.13056127458722,87.80164751867912,14.337491666453346,13.423223599767475,4.355393831579566
methods,main,CR7,Excitation torque,8101,24,False,False,0.84,False,197.20044379535665,99.01840909715501,17.27241235167968,16.045974877849485,5.048658778694849
methods,main,CR7,Excitation torque,8101,25,False,False,0.98,False,196.80843021877604,90.90607344742682,15.138259929400904,14.492615066638994,4.340931481845831
methods,main,CR7,Excitation torque,8101,26,True,True,3.92,True,127.96081948701418,58.37503698642718,6.623368599684446,5.559094072169421,2.7653841712571055
methods,main,CR7,Excitation torque,8101,27,True,True,3.92,True,128.59809505840983,58.149334825108454,6.698343003034052,5.63837879116422,2.7194966804098186
methods,main,CR7,Excitation torque,8101,28,True,True,3.92,True,126.41951980767082,58.30939990395544,6.271373306667108,5.227591875079498,2.580505576733124
methods,main,CR7,Excitation torque,8101,29,True,True,3.92,True,129.14706470756363,59.009233951761644,6.691384128020496,5.735198208843938,2.7553455827521804
methods,main,CR7,Excitation torque,8101,30,False,False,1.44,True,135.02512371885126,65.78390489547549,8.304949688820258,6.589194645505593,2.874096774372086
methods,main,CR7,Excitation torque,8101,31,False,False,1.28,True,155.4192154044976,75.23856626057551,10.908394752092613,9.84029659902,3.4083289923548903
methods,main,CR7,Excitation torque,8102,0,True,True,3.92,True,131.3333030107076,61.37574315992443,7.2886666937133455,6.044272816941078,2.944044876756231
methods,main,CR7,Excitation torque,8102,1,True,True,3.92,True,128.6429631822449,57.811264797092456,6.36631490013395,5.598709575017343,2.710650427370061
methods,main,CR7,Excitation torque,8102,2,False,False,1.72,True,135.59807009582266,66.69086297875852,9.13840715291618,7.265675131390621,3.4006500552461922
methods,main,CR7,Excitation torque,8102,3,False,False,1.06,True,170.5618793151313,81.62585705696908,12.44831603549207,11.625974021083412,3.6803143119534893
methods,main,CR7,Excitation torque,8102,4,True,True,3.92,True,127.13367526740745,58.032220886514416,6.27942178040738,5.390718292194584,2.5699811371973196
methods,main,CR7,Excitation torque,8102,5,True,True,3.92,True,125.68913471875071,56.95629482603914,6.249367114778465,5.388083600324031,2.58279117512723
methods,main,CR7,Excitation torque,8102,6,True,True,3.92,True,128.03586790184727,58.73356554776604,6.555054364606352,5.573047410148172,2.648168905685148
methods,main,CR7,Excitation torque,8102,7,True,True,3.92,True,124.27787470272166,56.650443530171984,6.244911830966384,5.227076084095378,2.5685894688762207
methods,main,CR7,Excitation torque,8102,8,True,True,3.92,True,127.26955763449233,56.64126480029029,6.329395614754375,5.580393036140725,2.70858556541773
methods,main,CR7,Excitation torque,8102,9,False,False,1.06,True,219.51971101074145,103.24552698830337,17.319752315137805,16.706959264349955,4.6626943562498475
methods,main,CR7,Excitation torque,8102,10,False,False,0.92,False,173.82432631656778,85.33579429580472,13.60718781470606,12.464990787682217,4.215096638061648
methods,main,CR7,Excitation torque,8102,11,True,True,3.92,True,132.63487985291832,62.607794762020106,8.094024838985339,6.428748687035524,3.212894674566458
methods,main,CR7,Excitation torque,8102,12,True,True,3.92,True,127.49844409743797,56.8115432832739,6.342812996571652,5.600580632211663,2.704029162857254
methods,main,CR7,Excitation torque,8102,13,False,False,1.04,True,201.24059736378143,93.49297841661775,15.63316307891299,14.923014570136436,4.497172594014266
methods,main,CR7,Excitation torque,8102,14,False,False,0.92,False,186.02577218510365,87.82709134636042,14.486191567313675,13.571927894058291,4.2893817432082795
methods,main,CR7,Excitation torque,8102,15,True,True,3.92,True,126.59492190710093,57.26158603486536,6.211691050719002,5.289715206263605,2.57309742045801
methods,main,CR7,Excitation torque,8102,16,True,True,3.92,True,128.30000099752272,56.886261706382435,6.437453495936184,5.747074362151192,2.712575296209126
methods,main,CR7,Excitation torque,8102,17,True,True,3.92,True,126.68447901610725,58.95514549120149,6.777594342248566,5.675708428349517,2.8272121565242916
methods,main,CR7,Excitation torque,8102,18,True,False,3.92,True,135.72783395078667,64.7722334458319,8.351936864437778,6.770099275844358,3.1447317247132744
methods,main,CR7,Excitation torque,8102,19,False,False,1.16,True,159.91388328170336,79.58167031547235,11.589061295395345,10.477896703589938,3.7349806335004914
methods,main,CR7,Excitation torque,8102,20,False,False,1.42,True,136.90035092294434,67.61914835273366,9.232423823212308,7.488791494365639,3.3463837255086104
methods,main,CR7,Excitation torque,8102,21,False,False,1.48,True,136.99831169786634,66.20760467008508,8.824892492316735,7.003269700498354,3.181026192243311
methods,main,CR7,Excitation torque,8102,22,False,False,0.92,False,177.23482613880415,85.5658829813019,13.780227198296826,12.726624515978463,4.210306324905659
methods,main,CR7,Excitation torque,8102,23,False,False,1.42,True,136.01418949309615,66.30161793612349,8.935185188102986,7.072277820323177,3.210552589413856
methods,main,CR7,Excitation torque,8102,24,False,False,1.04,True,227.62595687688324,103.78494243394475,17.84063522667073,17.325805757418618,4.714544924661453
methods,main,CR7,Excitation torque,8102,25,True,True,3.92,True,134.04013919183714,64.15645450737594,8.47908185458529,6.899640215679103,3.3502846554503214
methods,main,CR7,Excitation torque,8102,26,True,True,3.92,True,125.65267604421574,57.41136082246577,6.319266260299668,5.490557362310085,2.6533932953269783
methods,main,CR7,Excitation torque,8102,27,True,True,3.92,True,126.10589132826239,56.43057324483591,6.377818061105078,5.527314043189666,2.653709400197654
methods,main,CR7,Excitation torque,8102,28,False,False,1.4,True,149.95109145832427,73.34592356598115,10.364337789576451,9.199137005507213,3.3416528043573774
methods,main,CR7,Excitation torque,8102,29,True,True,3.92,True,124.16980276828687,56.38116223950345,6.328555369033972,5.415970437397134,2.634149833638899
methods,main,CR7,Excitation torque,8102,30,True,True,3.92,True,123.63895272889631,56.44206747830057,6.209056974439413,5.157201032310401,2.552368737180367
methods,main,CR7,Excitation torque,8102,31,True,True,3.92,True,132.71501118468984,57.40072006515834,6.955092146654869,6.205955927015806,2.896436143949442
methods,main,CR7,Excitation torque,8103,0,False,False,1.42,True,143.2297606157093,72.57205454830826,10.14388739391057,8.590937048631954,3.5568125651597002
methods,main,CR7,Excitation torque,8103,1,True,True,3.92,True,124.58549764535535,56.52682663307196,6.358127758754784,5.2960416590417765,2.591259822272372
methods,main,CR7,Excitation torque,8103,2,True,True,3.92,True,123.71381284243684,56.235161610175425,6.13434340087992,5.190849357428864,2.5596517239827774
methods,main,CR7,Excitation torque,8103,3,False,False,1.04,True,168.39629343492473,82.67481146738245,12.55970658041554,11.455142801571927,3.918756627284912
methods,main,CR7,Excitation torque,8103,4,False,False,0.94,False,168.80613475972538,82.4957906345326,13.149255710673808,11.996013180170939,4.169728585032801
methods,main,CR7,Excitation torque,8103,5,True,True,3.92,True,127.22520236804019,58.100910699109335,6.396796736135707,5.384736592319767,2.5998129539064423
methods,main,CR7,Excitation torque,8103,6,False,False,0.98,False,227.47653702643342,104.6860971147384,18.042393648316207,17.535714092861735,4.755437221158707
methods,main,CR7,Excitation torque,8103,7,True,True,3.92,True,125.3026611844914,56.72646772767411,6.1841581548775535,5.183409168513536,2.559242450684083
methods,main,CR7,Excitation torque,8103,8,True,True,3.92,True,127.4164745408346,57.12031978280408,6.425120519511021,5.504276052590125,2.708986474103219
methods,main,CR7,Excitation torque,8103,9,False,False,1.04,True,231.0169472002283,106.71209085985922,18.252263452539815,17.755670089592435,4.848034073948128
methods,main,CR7,Excitation torque,8103,10,False,False,1.42,True,139.38613662331701,67.4271201543879,8.926839158758533,7.3630466285239295,3.0031441648035564
methods,main,CR7,Excitation torque,8103,11,True,True,3.92,True,126.83871331019134,57.264092813964055,6.386568528174049,5.4182136222405255,2.675034801183626
methods,main,CR7,Excitation torque,8103,12,True,True,3.92,True,129.5149376392528,58.186708399754984,7.209246643338176,5.99283890336643,3.0363082797698717
methods,main,CR7,Excitation torque,8103,13,False,False,0.94,False,162.5715126728391,79.9340413806915,12.296235878118157,11.167441339382895,3.9966837125509245
methods,main,CR7,Excitation torque,8103,14,True,True,3.92,True,129.74798308159785,58.79679781606787,6.975328041406651,5.975591852267262,2.9823401122977375
methods,main,CR7,Excitation torque,8103,15,False,False,1.42,True,143.46787069432193,71.7690298176736,9.91326584282248,8.478504637358283,3.404392250366485
methods,main,CR7,Excitation torque,8103,16,True,True,3.92,True,129.12407210789235,61.48029760285181,7.5151586662264105,5.822550014220481,2.9609483604956934
methods,main,CR7,Excitation torque,8103,17,True,False,3.92,True,134.4545488313692,64.62727755594582,8.399209578459281,6.571676926421729,3.1283214920785776
methods,main,CR7,Excitation torque,8103,18,True,True,3.92,True,126.73827403495643,58.161726129150644,6.371353704099942,5.2798732899747165,2.599108204040321
methods,main,CR7,Excitation torque,8103,19,False,False,1.52,True,148.23530401038482,71.0432916227697,9.591782104087116,8.225521286141774,2.9616492172611726
methods,main,CR7,Excitation torque,8103,20,True,True,3.92,True,125.0815997401856,56.66583016939526,6.269919184931375,5.258098286293992,2.5014300283863244
methods,main,CR7,Excitation torque,8103,21,True,True,3.92,True,131.76254385220332,57.57219519441436,6.727841615237046,6.005436452061534,2.79122776212338
methods,main,CR7,Excitation torque,8103,22,True,True,3.92,True,134.13798273456473,62.94330552816138,8.127053816601467,6.510985193737912,3.169986784606547
methods,main,CR7,Excitation torque,8103,23,False,False,0.96,False,187.0636417611274,88.9324325454371,14.530927472551538,13.684259753054562,4.373558512034745
methods,main,CR7,Excitation torque,8103,24,True,True,3.92,True,124.9863505052643,55.82914885691721,6.3093559215265635,5.542012549762182,2.6314394450674947
methods,main,CR7,Excitation torque,8103,25,True,True,3.92,True,128.73769050705414,58.060055117888886,6.492290124538915,5.659294055104999,2.689507748540794
methods,main,CR7,Excitation torque,8103,26,True,True,3.92,True,125.36745151147593,56.41398482386946,6.253790103600659,5.383070292735659,2.584299730785543
methods,main,CR7,Excitation torque,8103,27,False,False,0.98,False,174.78898336956246,83.64112493386924,13.171614204245069,12.444513759140586,3.9989202449653147
methods,main,CR7,Excitation torque,8103,28,False,False,1.42,True,146.1875808191916,71.92712027541282,10.118982194774095,8.629317932948256,3.4148241328789184
methods,main,CR7,Excitation torque,8103,29,False,False,1.42,True,149.6576301616205,73.19245530443074,10.312462104775674,9.077521308278662,3.338761826278068
methods,main,CR7,Excitation torque,8103,30,False,False,1.22,True,153.69757226236408,73.84465419719095,10.566993691025116,9.456355482322513,3.1444361103071614
methods,main,CR7,Excitation torque,8103,31,False,False,1.22,True,158.6964700154573,77.16868336286896,11.266522220091964,10.300168020766021,3.490780761372507
methods,main,StepFBL1,Original,8101,0,False,False,1.84,True,92.43419317525253,41.80728201740724,5.4938953674811755,5.1160441405495005,1.8380076232855092
methods,main,StepFBL1,Original,8101,1,False,False,2.06,True,85.0996215627993,40.78754672789385,4.701342381084533,4.444405716435055,1.6948706482976548
methods,main,StepFBL1,Original,8101,2,False,False,1.94,True,93.21739643522965,41.393543645515834,5.536327767542826,5.092366868531225,1.878293419348646
methods,main,StepFBL1,Original,8101,3,False,False,2.04,True,80.63256970265472,41.212270349792234,4.72041863836506,4.3148392947702625,1.7070096606700162
methods,main,StepFBL1,Original,8101,4,False,False,1.54,True,114.2607348520575,58.03178623776591,7.46577877947115,6.8907628023210865,2.1307853077778676
methods,main,StepFBL1,Original,8101,5,False,False,1.96,True,85.17309422009733,42.163056349838634,5.00784217846915,4.670251785615752,1.7578197054638658
methods,main,StepFBL1,Original,8101,6,False,False,2.0,True,93.4837467394636,42.9807966462243,5.5385242513511495,5.0172263013813065,1.8900029681196941
methods,main,StepFBL1,Original,8101,7,False,False,1.8,True,90.4980677373858,43.18581576112746,5.6201581954905215,5.220032030053102,1.7593345075583695
methods,main,StepFBL1,Original,8101,8,False,False,2.0,True,87.41591498802366,41.794064982513525,5.192708841879226,4.763936378654146,1.7991102717052323
methods,main,StepFBL1,Original,8101,9,False,False,1.86,True,97.0087506539212,43.89282190116982,5.688427543699872,5.323427546374856,1.8100597459770906
methods,main,StepFBL1,Original,8101,10,False,False,2.0,True,89.44148064374468,41.47070403685449,5.046687500357315,4.672555922705684,1.7723267205218731
methods,main,StepFBL1,Original,8101,11,False,False,2.22,True,81.18028543652514,40.621770570664204,4.540807136945209,4.167189748577444,1.769447677159388
methods,main,StepFBL1,Original,8101,12,False,False,2.58,True,70.9497249226652,38.90732829243304,4.0901249762147724,3.6309518406160457,1.699868745360706
methods,main,StepFBL1,Original,8101,13,False,False,1.96,True,89.53549975712771,40.6838202967093,5.197066838525168,4.8200569003979234,1.7204058569513048
methods,main,StepFBL1,Original,8101,14,False,False,2.04,True,85.809285920162,41.792296785839106,4.890770972768069,4.544441167252258,1.7359087122238999
methods,main,StepFBL1,Original,8101,15,False,False,1.78,True,99.03039767093074,44.52588277558422,6.093798736101754,5.6594211510206165,1.8979742130237898
methods,main,StepFBL1,Original,8101,16,False,False,1.68,True,92.91077010596646,44.215425060284,5.849538467238569,5.413772228064177,1.8425369886779503
methods,main,StepFBL1,Original,8101,17,False,False,1.64,True,101.59174399866524,49.83945066622359,6.051243524127193,5.844749759535184,1.8224550691160828
methods,main,StepFBL1,Original,8101,18,False,False,2.0,True,88.63908412478311,42.79775148730666,4.910473760601969,4.62752029697491,1.7247218909333815
methods,main,StepFBL1,Original,8101,19,False,False,2.14,True,90.5892174921693,41.450190755595166,5.156022094115943,4.6741887592895806,1.8166596831786868
methods,main,StepFBL1,Original,8101,20,False,False,2.0,True,92.63101126385087,42.33066307173633,5.52355638036145,5.032707808863305,1.852371702319904
methods,main,StepFBL1,Original,8101,21,False,False,1.82,True,96.05274900455565,42.680342432967045,5.6443665182376215,5.2934584777282945,1.796522758002971
methods,main,StepFBL1,Original,8101,22,False,False,1.7,True,98.38199959614116,44.623859942914144,6.034569018031636,5.614140640902238,1.86853417128081
methods,main,StepFBL1,Original,8101,23,False,False,1.78,True,98.97063081818098,44.54839281800975,6.088199765068232,5.6520405569384415,1.8659253758130476
methods,main,StepFBL1,Original,8101,24,False,False,1.86,True,93.87150913169121,44.303523135470506,5.658754921671932,5.256872697930643,1.7861215728227997
methods,main,StepFBL1,Original,8101,25,False,False,1.78,True,102.27615154803253,45.38029378084684,6.079577472337071,5.678984639405442,1.8299105190200164
methods,main,StepFBL1,Original,8101,26,False,False,1.8,True,94.68898364412976,44.94586101573458,5.717727521201994,5.348272893493672,1.7933691968635257
methods,main,StepFBL1,Original,8101,27,False,False,1.98,True,90.74364888359231,42.04600361834706,5.407561668766052,4.9463521123377285,1.8312850397711178
methods,main,StepFBL1,Original,8101,28,False,False,1.98,True,83.57695541582396,41.50972294788609,5.022912094475794,4.578996773014776,1.828835789440782
methods,main,StepFBL1,Original,8101,29,False,False,2.28,True,90.97278954330325,42.59071177393834,5.159729030288461,4.672614782388365,1.8418629468865457
methods,main,StepFBL1,Original,8101,30,False,False,1.8,True,91.91555626263795,44.86502722767133,5.7978808397772665,5.3494098747775665,1.830246981019413
methods,main,StepFBL1,Original,8101,31,False,False,2.0,True,90.11775814258563,42.338180718719165,5.297723495589018,4.928234201485239,1.7673625826889834
methods,main,StepFBL1,Original,8102,0,False,False,1.92,True,89.01983823239291,42.16621100388323,5.179737062564592,4.898858216023667,1.7866839288774525
methods,main,StepFBL1,Original,8102,1,False,False,2.14,True,82.94015625763494,40.721109723336006,4.875741789832651,4.397679070144937,1.7747406938437686
methods,main,StepFBL1,Original,8102,2,False,False,1.86,True,90.46454348547175,42.23036643208438,5.333141060811147,4.992755856553397,1.8031191583335617
methods,main,StepFBL1,Original,8102,3,False,False,1.98,True,89.24756432412272,41.26063280991454,5.0795042878487795,4.728016503357039,1.7734692183420433
methods,main,StepFBL1,Original,8102,4,False,False,2.06,True,88.00779875550242,41.73592412688762,5.014672319349326,4.640216273852095,1.8123955013065425
methods,main,StepFBL1,Original,8102,5,False,False,1.9,True,90.60856402750723,42.8629499948546,5.502441783737689,5.132812269103698,1.8221465447803782
methods,main,StepFBL1,Original,8102,6,False,False,2.1,True,81.92415310971444,40.99193237806954,4.746157142408617,4.431588596909935,1.7438915280729734
methods,main,StepFBL1,Original,8102,7,False,False,1.88,True,90.07756830995031,44.85444083971026,5.445010353922374,4.99967140117343,1.8205756613603048
methods,main,StepFBL1,Original,8102,8,False,False,1.92,True,85.38719097931273,42.165602347061636,5.127267265670753,4.788138252232986,1.7709762841510124
methods,main,StepFBL1,Original,8102,9,False,False,1.78,True,105.43238319010541,47.34025587016454,6.605165147763582,6.018693472024471,1.9314225006524142
methods,main,StepFBL1,Original,8102,10,False,False,1.9,True,93.8843152232251,43.50430233144911,5.560597466169091,5.158519836182138,1.853240391566581
methods,main,StepFBL1,Original,8102,11,False,False,1.74,True,97.29081210307409,46.66327257218199,6.004987933007276,5.5692770235797715,1.8134804553024986
methods,main,StepFBL1,Original,8102,12,False,False,1.86,True,90.44228705558619,41.815652517380244,5.339213310401732,4.9821353260456105,1.8108462686528375
methods,main,StepFBL1,Original,8102,13,False,False,1.82,True,102.02712461025173,45.65836766041957,6.28658542476009,5.7386841237646795,1.880745074679931
methods,main,StepFBL1,Original,8102,14,False,False,1.92,True,96.81654290329178,41.58268045477279,5.675500210229763,5.255092278831373,1.8443583229035434
methods,main,StepFBL1,Original,8102,15,False,False,2.02,True,93.07053832415383,42.584502747040915,5.4853851557853455,5.0066662594805775,1.8133368290533507
methods,main,StepFBL1,Original,8102,16,False,False,2.08,True,91.98094463893699,41.301077370493665,5.353957269602693,4.8929196895031,1.8071550771221412
methods,main,StepFBL1,Original,8102,17,False,False,1.82,True,100.80881384982388,47.16608032466419,6.206061163061521,5.709510554474943,1.8722812205618657
methods,main,StepFBL1,Original,8102,18,False,False,1.76,True,97.4693980220357,45.0288173865594,6.091342139839058,5.615650631737204,1.8056262168356803
methods,main,StepFBL1,Original,8102,19,False,False,2.16,True,80.27525767077826,42.748941808292265,4.534709721840625,4.141423476418388,1.7857918303162548
methods,main,StepFBL1,Original,8102,20,False,False,1.86,True,90.94503716882107,43.195869424567945,5.333414118026027,5.104182391471693,1.7860381605696751
methods,main,StepFBL1,Original,8102,21,False,False,2.24,True,86.4470906981583,40.79925552075888,4.972231986301628,4.512805748730159,1.8001280077341149
methods,main,StepFBL1,Original,8102,22,False,False,1.88,True,92.81763985788216,42.16065513966698,5.433707860493161,5.069211686030267,1.8219504247129132
methods,main,StepFBL1,Original,8102,23,False,False,1.96,True,89.95332870913533,42.572710598290264,5.254330158697328,4.89852143224954,1.7681277305253624
methods,main,StepFBL1,Original,8102,24,False,False,1.7,True,103.07118905360103,48.35592986749302,6.464189096699569,5.951115169529168,1.9153859182532758
methods,main,StepFBL1,Original,8102,25,False,False,1.88,True,95.07567836496159,43.23541930606678,5.7719323861562675,5.277855397717734,1.8624987619159066
methods,main,StepFBL1,Original,8102,26,False,False,2.02,True,88.18107862790345,40.753029998271316,5.1110739690594675,4.750402364002618,1.7684048809929276
methods,main,StepFBL1,Original,8102,27,False,False,1.86,True,88.61820867794975,41.511805025154565,5.236385462726659,4.89563504237586,1.8007636538468768
methods,main,StepFBL1,Original,8102,28,False,False,1.82,True,89.38162507433177,43.780773547176764,5.501775572751906,5.155318050640438,1.7988943530688601
methods,main,StepFBL1,Original,8102,29,False,False,1.86,True,95.95692400436192,43.61124038703333,5.637762331500936,5.190651568985272,1.8277584084957457
methods,main,StepFBL1,Original,8102,30,False,False,2.04,True,89.98073436639305,42.742936294872365,5.237340744604991,4.823925776377468,1.8198913395550274
methods,main,StepFBL1,Original,8102,31,False,False,2.22,True,79.39969349327288,41.33580773033502,4.45782240510396,4.143417708975275,1.648516423318035
methods,main,StepFBL1,Original,8103,0,False,False,2.0,True,89.7201350389905,42.69408218415202,5.320180530067251,4.852197304708349,1.8107683211579801
methods,main,StepFBL1,Original,8103,1,False,False,2.2,True,84.87145868744561,39.93833599133235,4.906487738261268,4.497172372295759,1.8125180697358199
methods,main,StepFBL1,Original,8103,2,False,False,1.84,True,99.46350541673048,45.76940042333795,6.176052995297743,5.590800344016026,1.9272691134178455
methods,main,StepFBL1,Original,8103,3,False,False,2.02,True,87.43331578754922,42.63727514282564,5.062280632302356,4.7519961006657345,1.7280836353174407
methods,main,StepFBL1,Original,8103,4,False,False,1.9,True,95.0330621988408,43.97398879254966,5.83568991490017,5.3683729203075075,1.8514948080200206
methods,main,StepFBL1,Original,8103,5,False,False,2.18,True,84.95906710568411,41.028414298492045,4.763427370828537,4.4511340229868805,1.747139892140686
methods,main,StepFBL1,Original,8103,6,False,False,1.6,True,110.724238151472,54.26795433393216,7.088981471739417,6.543681886311628,2.0307538761337836
methods,main,StepFBL1,Original,8103,7,False,False,1.88,True,89.12195853876123,43.38718927624407,5.370691112333082,5.0190537500906665,1.8414484225344845
methods,main,StepFBL1,Original,8103,8,False,False,1.84,True,93.17319497525929,42.196469623787465,5.519215864543819,5.135548675479281,1.7955748158064058
methods,main,StepFBL1,Original,8103,9,False,False,2.38,True,67.44950051388012,41.91794177395582,3.501097038442569,3.268405725394942,1.6678746475710011
methods,main,StepFBL1,Original,8103,10,False,False,1.82,True,92.99728258581882,43.44985646740173,5.611928583249199,5.253814536439196,1.833548266065745
methods,main,StepFBL1,Original,8103,11,False,False,1.9,True,93.14970532886275,42.46943467047439,5.50728402388106,5.109396545053098,1.888156679884285
methods,main,StepFBL1,Original,8103,12,False,False,1.94,True,91.39102166087999,41.424956341339104,5.364278839578523,4.938000208533689,1.7891548607207604
methods,main,StepFBL1,Original,8103,13,False,False,1.9,True,94.58928653537006,43.28356904074681,5.555983786243373,5.143762031525555,1.8192501796470133
methods,main,StepFBL1,Original,8103,14,False,False,1.98,True,90.27452613792735,42.06658627325825,5.343227178539466,4.977559796388614,1.824872258079439
methods,main,StepFBL1,Original,8103,15,False,False,1.98,True,91.7511469683174,42.9159739165475,5.521325431083525,5.048851826336067,1.831081805772041
methods,main,StepFBL1,Original,8103,16,False,False,1.84,True,94.11025893701179,44.70782778301206,5.5230141105016415,5.232845188806519,1.7522580632683196
methods,main,StepFBL1,Original,8103,17,False,False,1.92,True,89.53106863900089,42.33352031453168,5.177031325574959,4.88438811518624,1.765105955308099
methods,main,StepFBL1,Original,8103,18,False,False,1.94,True,91.35854199171776,43.18271486463841,5.494378103841218,5.119485737510831,1.8338462516868395
methods,main,StepFBL1,Original,8103,19,True,True,3.92,True,64.81523926998193,40.6597486152646,3.229992007374905,2.8336568659736114,1.5833865551327087
methods,main,StepFBL1,Original,8103,20,False,False,1.98,True,91.12838729066789,42.48610552316695,5.313717903841673,4.8976114508960436,1.8217399474335025
methods,main,StepFBL1,Original,8103,21,False,False,1.84,True,100.33544511578998,44.803193984843155,5.923152633004292,5.4942834034051495,1.8514573887267256
methods,main,StepFBL1,Original,8103,22,False,False,1.94,True,95.85969883900628,42.54569539282519,5.464619495000691,5.033208988601383,1.8235427786668719
methods,main,StepFBL1,Original,8103,23,False,False,1.86,True,97.2412408742682,45.62028248796212,5.853955108584486,5.375557029975798,1.8373703969608597
methods,main,StepFBL1,Original,8103,24,False,False,1.92,True,88.09143492062987,43.22721802624189,5.338032154623661,4.987914906734927,1.793726635248351
methods,main,StepFBL1,Original,8103,25,False,False,1.86,True,94.2322060903655,44.110956083670295,5.608876398864905,5.21080627371717,1.817916705992152
methods,main,StepFBL1,Original,8103,26,False,False,1.98,True,90.75951315804129,42.872796232903546,5.438939398246614,5.024822414290677,1.858081238116829
methods,main,StepFBL1,Original,8103,27,False,False,2.1,True,82.48317429043757,40.65763313823059,4.6777744850402385,4.376528937120794,1.7641688157503796
methods,main,StepFBL1,Original,8103,28,False,False,2.1,True,90.7644114111745,41.70120940401706,5.13660871574984,4.7379588617486785,1.7926507446656665
methods,main,StepFBL1,Original,8103,29,False,False,1.96,True,88.92088483545767,41.50993648503087,5.270215368911024,4.86553555057306,1.8211006024187586
methods,main,StepFBL1,Original,8103,30,False,False,2.34,True,77.47909406585396,40.41082080012896,4.206218016949634,3.929002172110241,1.6074673682176424
methods,main,StepFBL1,Original,8103,31,False,False,1.88,True,93.05311424672306,43.42838190833681,5.601222635493294,5.125818092251089,1.848773684726394
methods,main,StepFBL1,FT-only,8101,0,True,True,3.92,True,69.63247733558838,42.51754862026319,4.5796218433664135,3.777106819654563,1.862812416468231
methods,main,StepFBL1,FT-only,8101,1,True,True,3.92,True,74.34391387954297,41.17977395538276,4.59636125959829,3.9787284020043168,1.8205507762431077
methods,main,StepFBL1,FT-only,8101,2,True,True,3.92,True,73.11773213739693,43.524936455586364,4.695133641940481,3.886229753854173,1.901658247270527
methods,main,StepFBL1,FT-only,8101,3,False,False,2.9,True,76.9830697113865,43.18234254599848,5.041623772320428,4.459868987656175,1.809414761623841
methods,main,StepFBL1,FT-only,8101,4,False,False,2.46,True,82.46782959817135,45.369470076710826,5.46818422255778,4.694793916747162,1.984726806434559
methods,main,StepFBL1,FT-only,8101,5,True,True,3.92,True,67.43439451283872,38.989726604129515,4.368670174357506,3.7626742918334433,1.872357890412352
methods,main,StepFBL1,FT-only,8101,6,True,True,3.92,True,76.52661967837378,42.39762099155368,4.4878905761746575,3.7020287831511984,1.875158739282007
methods,main,StepFBL1,FT-only,8101,7,False,False,2.22,True,81.02676465847307,41.03768928570444,5.80858198082718,5.102824050317606,1.9013772666447506
methods,main,StepFBL1,FT-only,8101,8,True,True,3.92,True,74.29951952925248,43.548564922402015,4.808274909317816,3.971287564032795,1.8701313699254893
methods,main,StepFBL1,FT-only,8101,9,False,False,3.1,True,81.07932274474712,42.29128451539158,5.0628912284003045,4.3738863316532415,1.937691350481032
methods,main,StepFBL1,FT-only,8101,10,True,True,3.92,True,71.20316512799397,43.11732854232992,4.4275446588614,3.6969015614573264,1.8541771457678093
methods,main,StepFBL1,FT-only,8101,11,True,True,3.92,True,74.77483971218142,44.49644813635748,4.647990818202174,3.865761698217984,1.8910618852854797
methods,main,StepFBL1,FT-only,8101,12,True,True,3.92,True,71.43273812967735,43.219541280378316,4.63391446089857,3.917238495804459,1.8493916560416899
methods,main,StepFBL1,FT-only,8101,13,True,True,3.92,True,72.47890446775104,42.987275413426346,4.636233247642265,3.8983478106878358,1.8428612228329229
methods,main,StepFBL1,FT-only,8101,14,True,True,3.92,True,76.16493909550292,42.303979514190985,4.726466636097038,4.124340949919619,1.8763976902789419
methods,main,StepFBL1,FT-only,8101,15,False,False,2.88,True,79.5550390901139,42.16891352971471,5.1681215027889,4.523140936114942,1.959671085909017
methods,main,StepFBL1,FT-only,8101,16,False,False,2.38,True,80.02096391000848,43.838266522252,5.6135169936654785,4.7444307333354425,2.022198325048531
methods,main,StepFBL1,FT-only,8101,17,False,False,2.62,True,85.1717842029621,44.35221138059128,5.4936684731928604,4.813236157671372,1.9244031593064752
methods,main,StepFBL1,FT-only,8101,18,True,True,3.92,True,79.95286772540497,45.31587794571308,4.864048350992848,4.152144298482139,1.8886705202524228
methods,main,StepFBL1,FT-only,8101,19,False,False,3.32,True,81.8155966780403,43.25906930557602,4.945179186099819,4.208353517599063,1.917448694251091
methods,main,StepFBL1,FT-only,8101,20,False,False,3.34,True,79.90551538812949,43.60113083972345,4.99632188145905,4.272097730118951,1.9449508451948285
methods,main,StepFBL1,FT-only,8101,21,False,False,3.14,True,78.73103252372626,43.367418206163656,4.9716241145052305,4.323200093028663,1.9651566077023637
methods,main,StepFBL1,FT-only,8101,22,False,False,2.74,True,77.05314253326611,43.77015124103647,5.1123055414243685,4.4215824011302125,1.9127752619275225
methods,main,StepFBL1,FT-only,8101,23,False,False,3.16,True,75.85879581660862,43.39909657157743,4.927617776714152,4.2177843316966745,1.9455284322848385
methods,main,StepFBL1,FT-only,8101,24,False,False,2.9,True,75.77621914272491,42.31301743209013,4.990941174047412,4.321614469196178,1.89245188704393
methods,main,StepFBL1,FT-only,8101,25,False,False,2.3,True,87.279685569801,42.73476428510549,5.65368742466551,4.9921547659236785,1.989975202086127
methods,main,StepFBL1,FT-only,8101,26,False,False,2.94,True,80.82375826647426,42.10680852208142,5.2264229807389615,4.5291441359811415,1.9016681710843153
methods,main,StepFBL1,FT-only,8101,27,True,True,3.92,True,74.07570778372451,43.580347269261594,4.62687499865659,3.814178145945358,1.8763141225890088
methods,main,StepFBL1,FT-only,8101,28,False,False,2.76,True,87.18452531162305,43.8986479213626,5.552630438290941,4.819844583527913,1.9927505010385944
methods,main,StepFBL1,FT-only,8101,29,True,True,3.92,True,75.69731459023369,44.953106008720944,4.7016182469859125,3.756088718045843,1.894371704306167
methods,main,StepFBL1,FT-only,8101,30,False,False,2.92,True,79.02094491038713,45.25036996012289,5.258693893085451,4.506080288997642,1.9696510480051657
methods,main,StepFBL1,FT-only,8101,31,False,False,3.06,True,79.80448007970523,42.47359110594806,5.055360974782201,4.422371370329146,1.8834294921939636
methods,main,StepFBL1,FT-only,8102,0,True,True,3.92,True,76.13369643815551,43.47730331098027,4.812112777129808,4.113018162485443,1.8902523878702242
methods,main,StepFBL1,FT-only,8102,1,False,False,3.64,True,73.15540046123186,44.778933991221685,4.720893108265429,3.9788951259090735,1.9015420494383215
methods,main,StepFBL1,FT-only,8102,2,False,False,3.42,True,76.05421710193151,41.55296960720743,4.733873477725205,4.130331109421388,1.8273759765802577
methods,main,StepFBL1,FT-only,8102,3,False,False,3.52,True,78.2093823003055,41.772909838547264,4.919503201170011,4.271787215310495,1.887280344815508
methods,main,StepFBL1,FT-only,8102,4,False,False,3.26,True,78.6752304964579,44.573061830354874,4.912713949966787,4.189972110518814,1.976183409595154
methods,main,StepFBL1,FT-only,8102,5,False,False,3.52,True,80.44881857577853,44.093125412287066,5.142213903321248,4.439545983525869,1.948107006825702
methods,main,StepFBL1,FT-only,8102,6,True,True,3.92,True,69.99354845336921,42.53045318222003,4.34757264126501,3.6130446780407692,1.8198119147281027
methods,main,StepFBL1,FT-only,8102,7,False,False,3.14,True,81.43570850357436,46.61015326949565,5.195247389664609,4.31677088019946,1.9776351130052303
methods,main,StepFBL1,FT-only,8102,8,True,False,3.92,True,73.50262382722852,42.0769714184623,4.8434597921348965,4.065059658009389,1.9178388753307942
methods,main,StepFBL1,FT-only,8102,9,False,False,2.54,True,84.10069374794698,43.74699610426219,5.521887927956166,4.819050909825822,1.9988752481634071
methods,main,StepFBL1,FT-only,8102,10,True,True,3.92,True,76.76933610242071,44.35397393301123,4.823759292100125,4.056995076179277,1.933205456955944
methods,main,StepFBL1,FT-only,8102,11,False,False,2.44,True,83.19394302753638,42.733092838183495,5.544049175787155,4.883336630278327,1.9439372326885256
methods,main,StepFBL1,FT-only,8102,12,True,True,3.92,True,69.9727505575439,43.318860538733325,4.523531385286428,3.7314432115052583,1.8572124980535496
methods,main,StepFBL1,FT-only,8102,13,True,True,3.92,True,78.88963990686824,43.120793115516314,4.889232979353364,4.1449125618645075,1.943701589120104
methods,main,StepFBL1,FT-only,8102,14,False,False,3.04,True,80.14495473927781,41.76799039755971,5.018179230849109,4.430792956213359,1.9575185930037655
methods,main,StepFBL1,FT-only,8102,15,False,False,3.3,True,76.88517742999215,41.74667683888322,4.84313223564746,4.143828672510789,1.9096968319422953
methods,main,StepFBL1,FT-only,8102,16,True,True,3.92,True,73.61023154032164,44.37746487031533,4.3272785084268035,3.606504056234082,1.8126975791781619
methods,main,StepFBL1,FT-only,8102,17,False,False,2.58,True,84.36015828119906,44.605208813492254,5.175343240810418,4.532197807767828,1.8824615651670935
methods,main,StepFBL1,FT-only,8102,18,False,False,2.36,True,81.06754592521058,44.23609062758201,5.396135899200216,4.801267414241064,1.9542160241176565
methods,main,StepFBL1,FT-only,8102,19,False,False,2.9,True,81.6301784305382,43.46421844400983,5.0946928387756145,4.416794961178358,1.96394003022398
methods,main,StepFBL1,FT-only,8102,20,False,False,3.36,True,75.70263441883392,41.362154215628266,4.833576194816484,4.157687250966887,1.891646090928488
methods,main,StepFBL1,FT-only,8102,21,True,False,3.92,True,79.54243437880989,43.74594592879666,4.9666873202947235,4.1529016647989225,1.9091350211542717
methods,main,StepFBL1,FT-only,8102,22,True,True,3.92,True,70.53404851795477,41.94428252809413,4.518057339948749,3.782754834666115,1.887373656549329
methods,main,StepFBL1,FT-only,8102,23,True,True,3.92,True,72.41172120216655,41.261621963153594,4.543772686776577,3.8589306220743116,1.8223192384854532
methods,main,StepFBL1,FT-only,8102,24,False,False,2.78,True,81.37161194748653,42.118021016215586,5.278588435857391,4.552025256251045,1.9569182858518788
methods,main,StepFBL1,FT-only,8102,25,False,False,2.86,True,84.14885621740966,44.36934397791114,5.3868074773356875,4.669254855390273,1.9960485308931721
methods,main,StepFBL1,FT-only,8102,26,True,True,3.92,True,70.50743560521424,40.5650585495522,4.448970375322619,3.8601097505811377,1.888225204828113
methods,main,StepFBL1,FT-only,8102,27,True,True,3.92,True,70.84447232665063,43.17158284242643,4.6050478857602135,3.8796364661515605,1.881638745275179
methods,main,StepFBL1,FT-only,8102,28,False,False,3.54,True,77.14842535732635,43.62845841131642,5.034824833215775,4.271898219248407,1.9515291051386805
methods,main,StepFBL1,FT-only,8102,29,False,False,3.16,True,80.74290414158827,43.29692564892652,5.0381154648595015,4.302324068631691,1.9357620395926278
methods,main,StepFBL1,FT-only,8102,30,False,False,3.36,True,80.98250049786779,43.140624972549965,4.917434896263109,4.225042348533635,1.8708720312517144
methods,main,StepFBL1,FT-only,8102,31,True,True,3.92,True,75.7927739643511,42.64038546216847,4.826169416761939,4.191258629995391,1.816903674343794
methods,main,StepFBL1,FT-only,8103,0,False,False,3.32,True,79.55199667872292,44.02836241624273,5.03479346312382,4.253269252939294,1.9271960437926612
methods,main,StepFBL1,FT-only,8103,1,True,True,3.92,True,73.01757743904007,42.51947904078619,4.64916682079847,3.8820789152073045,1.8824632489363593
methods,main,StepFBL1,FT-only,8103,2,True,False,3.92,True,82.09735955839538,45.203007735302265,5.133380159331265,4.3374672188845595,1.9937891315199956
methods,main,StepFBL1,FT-only,8103,3,False,False,2.62,True,84.9625848470727,43.25921210814206,5.3362908649713985,4.711178440113307,1.948665539238628
methods,main,StepFBL1,FT-only,8103,4,False,False,2.9,True,80.27646894819621,42.55372597790782,5.290798517444401,4.58005692996404,1.974772907194377
methods,main,StepFBL1,FT-only,8103,5,True,True,3.92,True,79.33165209068325,42.808322116021415,4.822380591644454,4.152125970083698,1.8752222250232256
methods,main,StepFBL1,FT-only,8103,6,False,False,2.36,True,78.18553908076736,41.984265223328784,5.247596522114597,4.580416027917604,1.996019269346611
methods,main,StepFBL1,FT-only,8103,7,False,False,2.16,True,81.09608213497647,42.5665641011098,5.684303940424336,5.0787785801105105,2.31974505575384
methods,main,StepFBL1,FT-only,8103,8,False,False,2.84,True,84.2221877966584,41.41546605780422,5.308224359715998,4.71506585295657,1.8927258113910033
methods,main,StepFBL1,FT-only,8103,9,False,False,2.8,True,82.50701570900493,42.510274198746814,5.051255891390279,4.438481938725074,1.89292488822734
methods,main,StepFBL1,FT-only,8103,10,True,True,3.92,True,73.94382036624835,42.09739113341488,4.758318180323332,4.134957321615891,1.886407652842171
methods,main,StepFBL1,FT-only,8103,11,True,True,3.92,True,69.23194866013534,41.5268331183773,4.461401169129064,3.7244221357163827,1.8848793640338446
methods,main,StepFBL1,FT-only,8103,12,False,False,3.42,True,74.21915016703485,39.372906423745576,4.662811019939149,4.101426842605924,1.8724269103369697
methods,main,StepFBL1,FT-only,8103,13,False,False,3.26,True,77.28260214219003,44.05840784116806,4.865643993478641,4.080009427846794,1.9195167548970435
methods,main,StepFBL1,FT-only,8103,14,True,True,3.92,True,69.87083798515324,41.46046563409376,4.519031842094755,3.7817010353478087,1.8717099537359911
methods,main,StepFBL1,FT-only,8103,15,False,False,2.62,True,82.50821286320834,43.75985513379588,5.437059694786957,4.7380949210275585,2.065399401432459
methods,main,StepFBL1,FT-only,8103,16,False,False,3.02,True,76.15091353376614,40.657057898331786,4.835627259931759,4.268145167448175,1.8618743132517628
methods,main,StepFBL1,FT-only,8103,17,True,True,3.92,True,71.36909040893353,41.30430776108363,4.481308915239981,3.781045119991735,1.830427678020317
methods,main,StepFBL1,FT-only,8103,18,True,True,3.92,True,73.45699716472701,43.97297607062563,4.617911296162696,3.891764128602026,1.859412029316498
methods,main,StepFBL1,FT-only,8103,19,False,False,3.36,True,79.1559017947718,41.83618049218555,4.785904487709644,4.199466855107619,1.8281769446517526
methods,main,StepFBL1,FT-only,8103,20,False,False,3.24,True,79.65091221049164,42.4980682238308,5.014465520724124,4.324185249681506,1.9260854462351238
methods,main,StepFBL1,FT-only,8103,21,False,False,2.48,True,82.15902934389388,43.84291724614391,5.185027694640291,4.582360978247922,1.9779971838961665
methods,main,StepFBL1,FT-only,8103,22,False,False,2.64,True,87.28314815012189,42.60972224132113,5.391637737190972,4.790508216701617,1.9276384895615806
methods,main,StepFBL1,FT-only,8103,23,False,False,2.94,True,82.34281541226305,45.510490551807386,5.229262599522235,4.527890498471614,1.9870487983371181
methods,main,StepFBL1,FT-only,8103,24,True,True,3.92,True,75.3240822350035,45.09704966539832,4.927304365479133,4.15197522117315,1.9207488222721028
methods,main,StepFBL1,FT-only,8103,25,False,False,3.38,True,78.1280328237376,43.672886005076386,5.021529394659404,4.272594686725634,1.9406749776777728
methods,main,StepFBL1,FT-only,8103,26,False,False,3.6,True,76.49969565013308,42.64927898347588,4.843568585480974,4.111524946188604,1.8942908256774986
methods,main,StepFBL1,FT-only,8103,27,True,True,3.92,True,71.37472275203702,41.80210952853504,4.530015258815203,3.7970847395843768,1.869155230601683
methods,main,StepFBL1,FT-only,8103,28,False,False,3.56,True,80.30000816916117,42.58210114847272,4.877232913257356,4.2080162804804315,1.876486823313029
methods,main,StepFBL1,FT-only,8103,29,True,False,3.92,True,83.06085522683199,43.54053371219527,5.15253325083897,4.464999858768404,1.933561412447233
methods,main,StepFBL1,FT-only,8103,30,True,True,3.92,True,70.42051800551101,42.586189830072485,4.438323752053349,3.6313157136123375,1.7355651429194994
methods,main,StepFBL1,FT-only,8103,31,False,False,3.26,True,80.19964060074014,44.76455901825209,5.121603924635497,4.276635125522918,1.945444178633163
methods,main,StepFBL1,Delta action,8101,0,False,False,3.14,True,80.1454280111409,48.40350182757096,3.9821908892423465,3.9268655907651233,1.7175049961604847
methods,main,StepFBL1,Delta action,8101,1,True,True,3.92,True,75.54211373434406,47.99528241705053,3.4160863986836003,3.4674957210120554,1.568205065258107
methods,main,StepFBL1,Delta action,8101,2,True,True,3.92,True,76.17395116753141,44.67563233628675,3.6096220400883916,3.5532611040179365,1.5412545189395932
methods,main,StepFBL1,Delta action,8101,3,False,False,2.94,True,75.89300587411478,44.65646083089698,3.881416062914976,3.958620890105304,1.531525567242941
methods,main,StepFBL1,Delta action,8101,4,False,False,1.76,True,89.12947675770167,51.74108831660729,5.021889807486095,5.17478076022053,1.7607855026813022
methods,main,StepFBL1,Delta action,8101,5,False,False,3.46,True,77.83682493139631,46.434918041681705,4.051179476605243,4.122879664136041,1.7464833561126918
methods,main,StepFBL1,Delta action,8101,6,False,False,2.14,True,84.88883385034194,45.48449833544371,4.485642324636482,4.5763481798417045,1.7627400551601424
methods,main,StepFBL1,Delta action,8101,7,True,True,3.92,True,69.68092060843381,49.757440670590626,3.636812092012923,3.6134756021186862,1.7013569396518684
methods,main,StepFBL1,Delta action,8101,8,True,True,3.92,True,76.60585921122328,47.09560510545165,3.6624454979683843,3.6125568728250097,1.5671374453347329
methods,main,StepFBL1,Delta action,8101,9,True,True,3.92,True,77.50278389430567,47.19464712372188,3.6443200420472026,3.709905461157882,1.621307688595921
methods,main,StepFBL1,Delta action,8101,10,True,True,3.92,True,75.32319815281423,45.75358139805515,3.4940571145747095,3.391065503658567,1.6430821774275735
methods,main,StepFBL1,Delta action,8101,11,True,True,3.92,True,74.06650747139942,44.14709127258082,3.452298801742439,3.393899148725056,1.5580297165093513
methods,main,StepFBL1,Delta action,8101,12,True,True,3.92,True,71.71648304352621,46.76041217331591,3.3886322888685463,3.202435878778602,1.5855171584793482
methods,main,StepFBL1,Delta action,8101,13,True,True,3.92,True,77.10217327055713,46.83311038226395,3.691390517071669,3.674057646478783,1.6508457259520333
methods,main,StepFBL1,Delta action,8101,14,True,True,3.92,True,77.55868590617703,44.04212291197121,3.730102153357944,3.8534989394860655,1.6050302662414555
methods,main,StepFBL1,Delta action,8101,15,False,False,2.16,True,80.28463685577289,46.45237154312763,4.011615976365873,4.067275988887614,1.6438773815702308
methods,main,StepFBL1,Delta action,8101,16,False,False,1.58,True,102.15680400628045,63.12829260158328,5.171511526126262,4.610001732508293,1.8714149425620645
methods,main,StepFBL1,Delta action,8101,17,False,False,1.3,True,136.4662349960724,67.53202489791431,8.702652535597855,8.370773039033173,2.3042565197671396
methods,main,StepFBL1,Delta action,8101,18,True,True,3.92,True,73.39040015638366,45.57691165254692,3.465658031156846,3.4891059699218365,1.604057073561682
methods,main,StepFBL1,Delta action,8101,19,False,False,2.22,True,83.03937597471048,46.26458485471293,4.152813870040088,4.354698513515119,1.6402754092243588
methods,main,StepFBL1,Delta action,8101,20,False,False,3.06,True,77.59175287740874,44.34907164601959,3.844071660021021,3.879877186036437,1.6124002264263928
methods,main,StepFBL1,Delta action,8101,21,False,False,2.12,True,85.06773948938083,47.36909789739792,4.295853781360383,4.263278239311902,1.733218650742804
methods,main,StepFBL1,Delta action,8101,22,False,False,1.98,True,84.69780912791668,47.78852744673932,4.446737513411638,4.339896898544995,1.7077946914317323
methods,main,StepFBL1,Delta action,8101,23,False,False,2.04,True,83.21927143541102,47.140273059413595,4.334997333846667,4.288386296472554,1.773757483549308
methods,main,StepFBL1,Delta action,8101,24,False,False,2.04,True,83.01186813520795,47.20844755028638,4.256192061752543,4.37011490817333,1.6600869413249464
methods,main,StepFBL1,Delta action,8101,25,False,False,2.02,True,84.96920355251703,48.561414096143636,4.2704063861472665,4.394297673965394,1.6409502633289637
methods,main,StepFBL1,Delta action,8101,26,False,False,2.32,True,77.14552121462341,46.39528294514993,3.866314221318887,3.849611361984161,1.674330096706382
methods,main,StepFBL1,Delta action,8101,27,False,False,3.18,True,76.82948591785384,44.77925683438795,3.7721699883676094,3.8384032941937427,1.5573454648152638
methods,main,StepFBL1,Delta action,8101,28,False,False,2.18,True,80.38339495351882,44.47398628296431,4.1892474441068694,4.169192868795694,1.6148852510859224
methods,main,StepFBL1,Delta action,8101,29,False,False,2.8,True,82.51132944580337,44.16626364416081,4.119560082017037,4.046056520325639,1.6671320568840202
methods,main,StepFBL1,Delta action,8101,30,False,False,2.14,True,79.07433100073668,47.23764174559919,4.2834570586050145,4.226488095279976,1.7777877945221416
methods,main,StepFBL1,Delta action,8101,31,True,True,3.92,True,76.09698048436061,46.530182698097434,3.6825170582473157,3.7097384298691196,1.6701480340320576
methods,main,StepFBL1,Delta action,8102,0,True,True,3.92,True,75.85724171821072,44.192486038741606,3.717538994316921,3.7454954611355094,1.5921487830084828
methods,main,StepFBL1,Delta action,8102,1,False,False,2.78,True,80.47079809972308,46.048213777099285,4.137473228398953,3.977016398374884,1.7440683167204294
methods,main,StepFBL1,Delta action,8102,2,False,False,2.4,True,77.78991797511168,44.4968367526261,3.8893264024450227,4.016507324672245,1.6122785491739422
methods,main,StepFBL1,Delta action,8102,3,True,True,3.92,True,72.41960370347638,45.75606650517023,3.466752734489769,3.459028065802547,1.5944707741621638
methods,main,StepFBL1,Delta action,8102,4,True,True,3.92,True,75.637732354495,44.304854617678835,3.6271176248236126,3.53799263112073,1.6029618611014191
methods,main,StepFBL1,Delta action,8102,5,True,True,3.92,True,75.17405925878953,43.51636418544192,3.7007071639223597,3.6505090754763847,1.6061863380057237
methods,main,StepFBL1,Delta action,8102,6,True,True,3.92,True,70.60850509871482,44.32595149105904,3.4320193202567375,3.399697883390481,1.6002675469743033
methods,main,StepFBL1,Delta action,8102,7,False,False,2.28,True,78.02503520200838,46.77933859914169,3.848251733846258,3.8682740800318403,1.602886656945137
methods,main,StepFBL1,Delta action,8102,8,False,False,2.44,True,75.20147410450713,47.42545601833679,3.730522472259957,3.658176621252021,1.5996599049190405
methods,main,StepFBL1,Delta action,8102,9,False,False,2.18,True,78.91511628591051,45.34780047844539,4.122738458315786,4.200481944818692,1.6308469429607848
methods,main,StepFBL1,Delta action,8102,10,False,False,3.66,True,78.23736041230421,45.46949091110317,3.7574526874834002,3.7649450341218,1.6202009239145936
methods,main,StepFBL1,Delta action,8102,11,False,False,2.08,True,82.16054150390079,45.70715132822354,4.500178057151705,4.515553504799403,1.7512089531937733
methods,main,StepFBL1,Delta action,8102,12,True,True,3.92,True,74.09327772273022,47.67947362254244,3.5824456923785317,3.533534817697217,1.6660803802590036
methods,main,StepFBL1,Delta action,8102,13,False,False,1.98,True,84.06235755461206,46.58340058212607,4.4980261736258385,4.605215165758262,1.628667454279177
methods,main,StepFBL1,Delta action,8102,14,True,True,3.92,True,75.93882433960829,44.20582244771128,3.54973538050265,3.4298659845363484,1.6045319753246372
methods,main,StepFBL1,Delta action,8102,15,False,False,2.26,True,83.3371268543073,46.582784072807776,4.1363602336576974,4.269343273219313,1.675287739758536
methods,main,StepFBL1,Delta action,8102,16,False,False,3.0,True,79.63320690942794,44.34072870453368,3.876527999370289,3.9000635874179417,1.6133077783502598
methods,main,StepFBL1,Delta action,8102,17,False,False,1.8,True,88.3001423394095,49.40585900456885,4.916515576456491,5.055062569715912,1.7611239828007983
methods,main,StepFBL1,Delta action,8102,18,False,False,2.0,True,81.99270627015058,44.806174067425104,4.311288768396574,4.260282099196648,1.6595506938110374
methods,main,StepFBL1,Delta action,8102,19,False,False,1.92,True,87.23735453740322,46.93212600439426,4.686539461869812,4.821092935471752,1.7592181812581087
methods,main,StepFBL1,Delta action,8102,20,True,True,3.92,True,74.99694703483945,46.487458835823176,3.627095592910724,3.550999138473661,1.664914096856038
methods,main,StepFBL1,Delta action,8102,21,True,True,3.92,True,74.24083028908129,45.79968174952808,3.4913774607169126,3.489747355121081,1.536111980032733
methods,main,StepFBL1,Delta action,8102,22,True,True,3.92,True,73.98115135733369,44.833523425122465,3.553769799469266,3.505232751644733,1.593967450647659
methods,main,StepFBL1,Delta action,8102,23,True,True,3.92,True,76.66004201647658,45.187173147035665,3.748025054669262,3.9294424500198244,1.5708435382984012
methods,main,StepFBL1,Delta action,8102,24,False,False,2.0,True,81.70184805430962,48.46919411168504,4.198752522867086,4.267502345120036,1.6242602000634752
methods,main,StepFBL1,Delta action,8102,25,False,False,2.34,True,76.87856930520289,43.82378449915459,3.900781068749502,3.958088488683397,1.6214787243348254
methods,main,StepFBL1,Delta action,8102,26,True,True,3.92,True,76.4192943315851,43.1067720447278,3.655521300407794,3.585852654894882,1.5916374087143756
methods,main,StepFBL1,Delta action,8102,27,False,False,3.22,True,77.10897012988929,46.65350242560258,3.8155323491762694,3.7558555641847997,1.6691997105516123
methods,main,StepFBL1,Delta action,8102,28,False,False,2.04,True,79.24844962021861,47.50756112438016,4.181624012437721,4.085002244854406,1.678724285240291
methods,main,StepFBL1,Delta action,8102,29,True,True,3.92,True,75.97481299418135,46.4065658003921,3.658441839170483,3.660995303407259,1.6695707937998867
methods,main,StepFBL1,Delta action,8102,30,False,False,2.28,True,81.88298464137254,44.965625635985695,4.110922085642813,4.233541731772833,1.6089993253380177
methods,main,StepFBL1,Delta action,8102,31,True,True,3.92,True,74.45896266543228,47.2239365411963,3.565130526061954,3.597156581284606,1.548138493424222
methods,main,StepFBL1,Delta action,8103,0,True,True,3.92,True,74.75029545664424,47.00663076784737,3.598913137626041,3.5921038321644994,1.6361016873730756
methods,main,StepFBL1,Delta action,8103,1,True,True,3.92,True,74.17839650156509,45.57600509049499,3.495221247704493,3.4859380951858276,1.5607387941518462
methods,main,StepFBL1,Delta action,8103,2,False,False,2.0,True,85.00264641120053,46.73869058231313,4.674987997312904,4.804781698872016,1.7275462083022484
methods,main,StepFBL1,Delta action,8103,3,False,False,2.26,True,79.56419613883243,43.92862399621847,4.017390760707757,4.169382316016613,1.6209783113907152
methods,main,StepFBL1,Delta action,8103,4,False,False,2.3,True,76.26512835004331,46.72664089010518,3.8521247930884126,3.8421638034005428,1.687293953256723
methods,main,StepFBL1,Delta action,8103,5,True,True,3.92,True,75.96994932818036,45.68575286709373,3.6087361680936407,3.676429959923752,1.6044791587882337
methods,main,StepFBL1,Delta action,8103,6,False,False,1.8,True,89.28303503627338,50.83778123535812,4.897937757090701,5.079463032904951,1.7223182453543548
methods,main,StepFBL1,Delta action,8103,7,False,False,2.3,True,78.25615287420787,45.13981940704553,3.993951894996659,4.032290144235724,1.6217471738831764
methods,main,StepFBL1,Delta action,8103,8,False,False,2.16,True,82.34108023141064,47.613142728826524,4.071432253415911,4.16166313867593,1.631475643683579
methods,main,StepFBL1,Delta action,8103,9,False,False,2.1,True,86.56974243968719,45.68914527798396,4.492556672317384,4.609605313680638,1.6664997085549604
methods,main,StepFBL1,Delta action,8103,10,False,False,1.52,True,111.8762127958452,56.616755676526644,6.449104758941007,6.513847496164448,1.8817328461943668
methods,main,StepFBL1,Delta action,8103,11,True,True,3.92,True,74.76010749689392,47.247700991108836,3.541071934999749,3.3465736818416354,1.6369703241776397
methods,main,StepFBL1,Delta action,8103,12,False,False,2.22,True,85.95855938049519,46.72055940104531,4.343542264892167,4.354202691992748,1.7118084680472874
methods,main,StepFBL1,Delta action,8103,13,True,True,3.92,True,73.48305705774752,45.31537269598416,3.5792788124019768,3.57437256490192,1.6198650791198885
methods,main,StepFBL1,Delta action,8103,14,False,False,3.18,True,77.12812427390197,46.70745554488659,3.735784830265728,3.6686494684395834,1.6113301663787645
methods,main,StepFBL1,Delta action,8103,15,True,False,3.92,True,75.3733650509209,44.22498889713845,3.7233778280768117,3.747005325544192,1.5638330214540792
methods,main,StepFBL1,Delta action,8103,16,False,False,1.84,True,92.06967023783612,49.18652249555464,5.1260895076577535,5.305981594736307,1.8205304440841539
methods,main,StepFBL1,Delta action,8103,17,True,True,3.92,True,75.24839525374531,44.68095902843049,3.6355659493380528,3.689539989073538,1.5757744838935397
methods,main,StepFBL1,Delta action,8103,18,True,True,3.92,True,72.94386163692111,45.19056908696175,3.5101268758466078,3.435929258050377,1.6325252735958777
methods,main,StepFBL1,Delta action,8103,19,True,True,3.92,True,78.86183588171885,47.167975333739136,3.758867972379946,3.883470762094557,1.6329647276509809
methods,main,StepFBL1,Delta action,8103,20,False,False,2.7,True,77.77616424233867,44.69705795237272,3.803881138111744,3.852439868702514,1.6098145874033318
methods,main,StepFBL1,Delta action,8103,21,False,False,2.18,True,82.9217881562862,46.53073354891057,4.030270811869468,4.112634972441344,1.6777790233271461
methods,main,StepFBL1,Delta action,8103,22,False,False,1.18,True,174.87629676030267,83.66305362552163,11.476096600084295,11.265226614098472,2.8714410843682208
methods,main,StepFBL1,Delta action,8103,23,False,False,2.92,True,76.29177869635646,44.252085729579214,3.8211639298547473,3.8594652272357655,1.6114245599963308
methods,main,StepFBL1,Delta action,8103,24,False,False,3.26,True,79.3431320822607,45.20507081148607,3.9839031366590563,3.9858107956767816,1.6855001468101283
methods,main,StepFBL1,Delta action,8103,25,False,False,2.16,True,80.24651005865832,47.29602043073363,4.028223154519502,4.046194763444607,1.670272248056815
methods,main,StepFBL1,Delta action,8103,26,False,False,2.76,True,80.55595149604942,44.89532376674455,4.074092417962516,4.158556475199808,1.6238276102963842
methods,main,StepFBL1,Delta action,8103,27,True,True,3.92,True,70.50805872708197,45.480052481946224,3.4347388897843865,3.259612368794512,1.6246762659781964
methods,main,StepFBL1,Delta action,8103,28,False,False,2.92,True,80.09627533176288,44.54615401533225,3.8631917463536096,3.9525978179024417,1.6105675532671728
methods,main,StepFBL1,Delta action,8103,29,True,True,3.92,True,74.82627933855392,43.64496757363442,3.650636344885826,3.654502835098411,1.6048668262793555
methods,main,StepFBL1,Delta action,8103,30,False,False,3.48,True,79.23068102582023,47.87821010952532,3.8354840732472066,3.9401088470873415,1.6407438932509595
methods,main,StepFBL1,Delta action,8103,31,False,False,3.56,True,75.65626486007136,44.92968335862233,3.683083002567538,3.6192537955105872,1.5769947241284505
methods,main,StepFBL1,Passive SysID,8101,0,True,True,3.92,True,62.059107510194245,37.912030978440434,3.4318401986842044,2.6000611041148347,1.720635324135451
methods,main,StepFBL1,Passive SysID,8101,1,True,True,3.92,True,62.515366246709654,38.66034130355554,3.337632931475089,2.535826261980336,1.6703609702061413
methods,main,StepFBL1,Passive SysID,8101,2,True,True,3.92,True,64.09380684839246,39.04998372136694,3.4982939468988796,2.726348260895241,1.7366291972301984
methods,main,StepFBL1,Passive SysID,8101,3,True,True,3.92,True,60.1756503359804,41.30958951133207,2.953479217634355,2.205372042011322,1.565007530546215
methods,main,StepFBL1,Passive SysID,8101,4,True,True,3.92,True,63.53614011898509,40.78575374567254,3.751907823142755,3.218088422688748,1.8057091082936452
methods,main,StepFBL1,Passive SysID,8101,5,True,True,3.92,True,62.42045061905684,40.818051938154895,3.529584915690783,2.721761549163758,1.77485228803898
methods,main,StepFBL1,Passive SysID,8101,6,True,True,3.92,True,63.38182084560902,41.78803402490002,3.4950557365997987,2.858660182809076,1.797200172281332
methods,main,StepFBL1,Passive SysID,8101,7,True,True,3.92,True,59.39154379848556,39.43760458379295,3.2458659458109755,2.52887746909896,1.6261273769930276
methods,main,StepFBL1,Passive SysID,8101,8,True,True,3.92,True,62.23548024384125,38.72898719640687,3.369027448254727,2.6026248105623067,1.7268380244563262
methods,main,StepFBL1,Passive SysID,8101,9,True,True,3.92,True,63.06505339775123,38.3352352485499,3.278347921755268,2.5786277984048205,1.697867190425911
methods,main,StepFBL1,Passive SysID,8101,10,True,True,3.92,True,63.49738764468393,40.117564770195024,3.2615741686396955,2.518324731821285,1.657510408110033
methods,main,StepFBL1,Passive SysID,8101,11,True,True,3.92,True,64.29869268872474,40.650984244454854,3.3942712996437447,2.5853787136884594,1.6811436405936666
methods,main,StepFBL1,Passive SysID,8101,12,True,True,3.92,True,62.16967527771231,39.25737159486228,3.429362646111763,2.6473713107996963,1.716438970122996
methods,main,StepFBL1,Passive SysID,8101,13,True,True,3.92,True,62.13910833119098,38.614532112284515,3.287390956218241,2.555067522329028,1.675397109430635
methods,main,StepFBL1,Passive SysID,8101,14,True,True,3.92,True,63.95586775069422,41.15715354997164,3.4015551465386515,2.54645633162512,1.7123451349276484
methods,main,StepFBL1,Passive SysID,8101,15,True,True,3.92,True,64.56627834074321,37.98697831660398,3.808720406152682,3.092989011437602,1.8028632157575928
methods,main,StepFBL1,Passive SysID,8101,16,True,True,3.92,True,61.17316217754041,38.2094596426591,3.483917840355151,2.8926736432818427,1.768588426152031
methods,main,StepFBL1,Passive SysID,8101,17,True,True,3.92,True,61.86151305755084,39.862019950803756,3.3049580012765682,2.59625913417879,1.6872321431038138
methods,main,StepFBL1,Passive SysID,8101,18,True,True,3.92,True,64.70175856268582,42.028509289828705,3.4074961322927435,2.6413879417078197,1.6759326594603556
methods,main,StepFBL1,Passive SysID,8101,19,True,True,3.92,True,64.59684533577285,40.57202477419541,3.376388136463601,2.5383176204476965,1.721533124042809
methods,main,StepFBL1,Passive SysID,8101,20,True,True,3.92,True,62.45185996402013,40.271010205370274,3.412898490309241,2.6508729277307888,1.7725782592819979
methods,main,StepFBL1,Passive SysID,8101,21,True,True,3.92,True,66.20918164670923,38.93730016272496,3.8868074770255427,3.094755608283274,1.7815760264944955
methods,main,StepFBL1,Passive SysID,8101,22,True,True,3.92,True,60.7460803084676,38.87089285612553,3.585488235395296,2.866454804819153,1.7240230024517793
methods,main,StepFBL1,Passive SysID,8101,23,True,True,3.92,True,62.537664362842236,38.886696863286666,3.3912766795259355,2.814197215977966,1.7310717698246312
methods,main,StepFBL1,Passive SysID,8101,24,True,True,3.92,True,61.32596819586624,40.24204241692226,3.296295015257367,2.675150871506084,1.69158807233157
methods,main,StepFBL1,Passive SysID,8101,25,True,True,3.92,True,64.02857316722319,38.136570284716136,3.4200943904014065,2.8575898365073793,1.771937199806347
methods,main,StepFBL1,Passive SysID,8101,26,True,True,3.92,True,62.109841421932146,39.55185436606612,3.413911701869236,2.7080802980504664,1.7661080045043334
methods,main,StepFBL1,Passive SysID,8101,27,True,True,3.92,True,62.51073402463865,39.41892467895871,3.3488695621697357,2.6603939918026476,1.7242737018644958
methods,main,StepFBL1,Passive SysID,8101,28,True,True,3.92,True,62.453493768477884,39.27514629709102,3.436521529168614,2.7271347134366724,1.7853743476009418
methods,main,StepFBL1,Passive SysID,8101,29,True,True,3.92,True,66.98341680528556,42.473990689125785,3.6716676266243495,2.7660629285743927,1.7190828991829623
methods,main,StepFBL1,Passive SysID,8101,30,True,True,3.92,True,59.290247940709136,40.386350831852816,3.277201322156739,2.66242288179753,1.7119279262474048
methods,main,StepFBL1,Passive SysID,8101,31,True,True,3.92,True,63.87726023395289,39.95335347085704,3.5897505335524085,2.8074213035966094,1.8023892382511353
methods,main,StepFBL1,Passive SysID,8102,0,True,True,3.92,True,62.56681121190624,39.38441206599456,3.403647552061111,2.663443027939667,1.741456207349402
methods,main,StepFBL1,Passive SysID,8102,1,True,True,3.92,True,64.08130933299046,42.03838149474883,3.8885062680935825,3.0368855980263363,1.820681456788674
methods,main,StepFBL1,Passive SysID,8102,2,True,True,3.92,True,61.40298749526206,38.80481386375583,3.3568558177489147,2.6015584493601573,1.7978139603120586
methods,main,StepFBL1,Passive SysID,8102,3,True,True,3.92,True,61.81150798098029,38.343687424048554,3.2654189364266846,2.4351487096214375,1.6702965403643544
methods,main,StepFBL1,Passive SysID,8102,4,True,True,3.92,True,66.09012609488676,40.95816777339333,3.583002986879829,2.786016389426915,1.7380814407050273
methods,main,StepFBL1,Passive SysID,8102,5,True,True,3.92,True,62.98028946242261,40.0316071911224,3.4556916661107264,2.7237614364461216,1.7784309766957482
methods,main,StepFBL1,Passive SysID,8102,6,True,True,3.92,True,60.59800899197787,40.50531385613264,3.312377576667281,2.534801198846489,1.7044714256226403
methods,main,StepFBL1,Passive SysID,8102,7,True,True,3.92,True,63.849792780136696,41.50987323013866,3.558959494495344,2.787703092915402,1.7737876225870872
methods,main,StepFBL1,Passive SysID,8102,8,True,True,3.92,True,61.802346867094826,37.636723285116645,3.5139707587426665,2.7388966157662353,1.782605548159957
methods,main,StepFBL1,Passive SysID,8102,9,True,True,3.92,True,62.127698825665924,40.2754600659386,3.4813305906899012,2.843592200449451,1.7986417411380664
methods,main,StepFBL1,Passive SysID,8102,10,True,True,3.92,True,66.4354780818516,40.85497841136052,3.7786315192393163,2.990637679489655,1.7611379334760053
methods,main,StepFBL1,Passive SysID,8102,11,True,True,3.92,True,61.86081563210015,39.511628880065324,3.5975333046648976,2.947582927689821,1.8266262405226348
methods,main,StepFBL1,Passive SysID,8102,12,True,True,3.92,True,62.75641973219978,38.601592505514205,3.4255452119663823,2.6421836128742147,1.7169499720721226
methods,main,StepFBL1,Passive SysID,8102,13,True,True,3.92,True,62.450316803573145,40.27490186927969,3.3371688463567795,2.7846684924390392,1.7248724725639135
methods,main,StepFBL1,Passive SysID,8102,14,True,True,3.92,True,66.95246072281441,39.14693671330739,3.7396431679991964,2.9642862850157035,1.8172765806753772
methods,main,StepFBL1,Passive SysID,8102,15,True,True,3.92,True,61.95846917704317,40.41423283747355,3.3703289461860066,2.510092061843036,1.7229871921243411
methods,main,StepFBL1,Passive SysID,8102,16,True,True,3.92,True,64.23473456895614,38.8805318611926,3.4467946099667475,2.690603054521828,1.763577871011911
methods,main,StepFBL1,Passive SysID,8102,17,True,True,3.92,True,64.95820040282915,40.82232448707994,3.6242193128863534,3.1428635516624737,1.816989295463789
methods,main,StepFBL1,Passive SysID,8102,18,True,True,3.92,True,63.527469262929046,40.53721772030809,3.5024857981681494,3.1187404332123565,1.7270431142925562
methods,main,StepFBL1,Passive SysID,8102,19,True,True,3.92,True,62.51498679602879,42.259072973919174,3.3832583001195413,2.801857137903256,1.738683520651807
methods,main,StepFBL1,Passive SysID,8102,20,True,True,3.92,True,60.698310492300905,38.227349539806276,3.163503141251571,2.451819399331732,1.680954905889109
methods,main,StepFBL1,Passive SysID,8102,21,True,True,3.92,True,63.21339286435301,39.41759937754404,3.4319630768366434,2.5544306790360634,1.706706569143068
methods,main,StepFBL1,Passive SysID,8102,22,True,True,3.92,True,61.768881697175466,38.77322397693663,3.2130230902718186,2.4752254009589754,1.6738518248142362
methods,main,StepFBL1,Passive SysID,8102,23,True,True,3.92,True,60.364856290550264,38.451483602568715,3.203575848777395,2.4315006746076113,1.6932700849047457
methods,main,StepFBL1,Passive SysID,8102,24,True,True,3.92,True,62.53160478819412,38.519217251166886,3.4442436423358083,2.8697584633702764,1.7926821836118896
methods,main,StepFBL1,Passive SysID,8102,25,True,True,3.92,True,62.15162453292529,40.24265210453912,3.3986791928718416,2.668221463046816,1.764990776749208
methods,main,StepFBL1,Passive SysID,8102,26,True,True,3.92,True,62.103135892330634,40.05170455871656,3.3279294715384076,2.5911080443572403,1.69720772303419
methods,main,StepFBL1,Passive SysID,8102,27,True,True,3.92,True,61.40496631653415,38.71079068655528,3.3066698839325652,2.562408878535631,1.6892639677376193
methods,main,StepFBL1,Passive SysID,8102,28,True,True,3.92,True,60.34945231711586,38.51910450510383,3.4753820279563343,2.773118376694497,1.8107892670917225
methods,main,StepFBL1,Passive SysID,8102,29,True,True,3.92,True,65.52850691568226,40.24948425159059,3.5291172233588397,2.740058956792121,1.7944992350425097
methods,main,StepFBL1,Passive SysID,8102,30,True,True,3.92,True,63.20355979084631,41.0049020657607,3.4586058091551632,2.801606507119017,1.7610227827223883
methods,main,StepFBL1,Passive SysID,8102,31,True,True,3.92,True,60.842119548157086,40.83209333419072,3.2202803641932283,2.444766685199234,1.637047602571661
methods,main,StepFBL1,Passive SysID,8103,0,True,True,3.92,True,61.949511803788496,40.27425951899782,3.4012115871735884,2.5837178675855434,1.752390584748236
methods,main,StepFBL1,Passive SysID,8103,1,True,True,3.92,True,62.79372834461079,38.134942919737384,3.373448486278918,2.555221399182488,1.651813596187218
methods,main,StepFBL1,Passive SysID,8103,2,True,True,3.92,True,63.21748594030353,41.40481835793662,3.469412154962752,2.9276817102451815,1.7438958493563774
methods,main,StepFBL1,Passive SysID,8103,3,True,True,3.92,True,63.51089381826756,40.70847094229465,3.537827190398977,2.8368871863911735,1.8163028220703674
methods,main,StepFBL1,Passive SysID,8103,4,True,True,3.92,True,61.253463079652775,39.09382426436981,3.4688534155714117,2.627750604584941,1.8174639375399648
methods,main,StepFBL1,Passive SysID,8103,5,True,True,3.92,True,65.17152340028511,39.7762946203365,3.435133567211942,2.722060741481522,1.6679143808044459
methods,main,StepFBL1,Passive SysID,8103,6,True,True,3.92,True,64.52734253075559,40.891346479070556,3.566038605993116,2.9059557325407845,1.7271115901527494
methods,main,StepFBL1,Passive SysID,8103,7,True,True,3.92,True,59.951611945239016,40.55968984955874,3.375972722446117,2.659186219204395,1.7556690779010204
methods,main,StepFBL1,Passive SysID,8103,8,True,True,3.92,True,62.668019588058485,37.94033920547871,3.2891567690292707,2.683741512105667,1.7408150665345434
methods,main,StepFBL1,Passive SysID,8103,9,True,True,3.92,True,63.324121195663984,40.351688352329425,3.340029267439638,2.7609445045039473,1.742892355791822
methods,main,StepFBL1,Passive SysID,8103,10,True,True,3.92,True,61.199315320098044,37.562678409212246,3.3138316815465756,2.6429912134196294,1.7469514669706208
methods,main,StepFBL1,Passive SysID,8103,11,True,True,3.92,True,65.97545175004446,37.97415609235254,3.8809101234588352,3.075124398061264,1.8352538746583034
methods,main,StepFBL1,Passive SysID,8103,12,True,True,3.92,True,63.444463673544604,38.916104409348236,3.339333315457439,2.5814545457185285,1.7099367557767204
methods,main,StepFBL1,Passive SysID,8103,13,True,True,3.92,True,63.76432257747129,40.61682131946937,3.4351086527882373,2.608630556451729,1.7186903265223896
methods,main,StepFBL1,Passive SysID,8103,14,True,True,3.92,True,63.00557437420466,38.1376041137163,3.464605331062364,2.699257488980256,1.7310802939300813
methods,main,StepFBL1,Passive SysID,8103,15,True,True,3.92,True,63.038956156538,40.35479245328313,3.438397713649313,2.6777279964604106,1.7404041661304834
methods,main,StepFBL1,Passive SysID,8103,16,True,True,3.92,True,61.88484596000299,40.415769558010474,3.3795519992924192,2.577921310061024,1.7212496172352987
methods,main,StepFBL1,Passive SysID,8103,17,True,True,3.92,True,61.3425654165414,38.45646662995961,3.274790230765388,2.531681325377842,1.7414391376178704
methods,main,StepFBL1,Passive SysID,8103,18,True,True,3.92,True,61.18793574767505,40.467476088801746,3.3168083583772487,2.608273867931688,1.7183089479756546
methods,main,StepFBL1,Passive SysID,8103,19,True,True,3.92,True,64.88913481513342,39.47821236136719,3.343417764711698,2.6609344306032217,1.730135821001256
methods,main,StepFBL1,Passive SysID,8103,20,True,True,3.92,True,62.83803129753195,40.72247037221427,3.362772056874717,2.6577897132406854,1.7325099453791577
methods,main,StepFBL1,Passive SysID,8103,21,True,True,3.92,True,64.05898775132258,39.880483434420576,3.5241365239380245,2.8857393613712077,1.7499686627842603
methods,main,StepFBL1,Passive SysID,8103,22,True,True,3.92,True,63.93170994574744,38.56574306666396,3.3942235313908258,2.677473060614557,1.7888533922244025
methods,main,StepFBL1,Passive SysID,8103,23,True,True,3.92,True,63.30034096093802,42.5546423010192,3.5071870824376785,2.7083273516916466,1.774687810556508
methods,main,StepFBL1,Passive SysID,8103,24,True,True,3.92,True,61.87715693625307,41.53543516457157,3.476706092881377,2.630502129105282,1.732627462147905
methods,main,StepFBL1,Passive SysID,8103,25,True,True,3.92,True,65.05110681908974,39.33690892542633,3.6487103267487964,2.9206315413764243,1.7919267698810384
methods,main,StepFBL1,Passive SysID,8103,26,True,True,3.92,True,63.53433687924691,41.07271579887573,3.5133859793197484,2.7499117222194918,1.7285684196509905
methods,main,StepFBL1,Passive SysID,8103,27,True,True,3.92,True,59.76318549607756,38.948377527196456,3.1296879310420938,2.3193757023427124,1.6427250474900261
methods,main,StepFBL1,Passive SysID,8103,28,True,True,3.92,True,63.865841187747186,40.54247057298874,3.368579837548897,2.762298671079123,1.7732519572655925
methods,main,StepFBL1,Passive SysID,8103,29,True,True,3.92,True,62.10810839139214,39.75985603190679,3.439274914896392,2.63595654300197,1.7880848079934983
methods,main,StepFBL1,Passive SysID,8103,30,True,True,3.92,True,59.48451918135124,38.75505287787166,3.033004573868366,2.25052230138862,1.6220922068706312
methods,main,StepFBL1,Passive SysID,8103,31,True,True,3.92,True,66.31881276461215,40.65398882727452,3.7042810390498504,2.833083827691849,1.780518746592152
methods,main,StepFBL1,Active SysID,8101,0,True,True,3.92,True,79.4762883828607,45.9356754243547,5.191883385564378,4.271140130480018,1.875397225551793
methods,main,StepFBL1,Active SysID,8101,1,True,True,3.92,True,69.49889652695344,39.03019609006522,4.313215287013889,3.403369119336837,1.916362102845903
methods,main,StepFBL1,Active SysID,8101,2,True,True,3.92,True,76.62248376997262,43.01705501916711,4.839881474491139,3.9987253983132893,1.9165338672111194
methods,main,StepFBL1,Active SysID,8101,3,True,True,3.92,True,66.90866251633709,40.96795032225159,4.470936605362609,3.7148022657653157,1.835894112814603
methods,main,StepFBL1,Active SysID,8101,4,False,False,1.3,True,111.83297087890784,70.58866835927331,8.956888717491278,8.032290733992012,2.6989465895059546
methods,main,StepFBL1,Active SysID,8101,5,True,True,3.92,True,67.73084836997579,39.389748446770284,3.9547501402506593,3.0612858014222533,1.8718200674830126
methods,main,StepFBL1,Active SysID,8101,6,True,True,3.92,True,69.31001865684003,39.08514874066639,4.116403530082858,3.156470341257657,1.8295665689522023
methods,main,StepFBL1,Active SysID,8101,7,True,True,3.92,True,81.95272861824893,45.60010039010587,5.743557322272365,4.8196610698033915,1.9870338893071149
methods,main,StepFBL1,Active SysID,8101,8,True,True,3.92,True,74.37340752747335,42.609619481492466,4.862396062425382,3.8463265107530584,1.9456774881132968
methods,main,StepFBL1,Active SysID,8101,9,True,True,3.92,True,73.35181501379424,42.570949846412304,4.844240998143208,3.8631412987909024,2.0088122030155873
methods,main,StepFBL1,Active SysID,8101,10,True,True,3.92,True,71.59188767660584,42.24259539322504,4.344235871539293,3.476505703497622,1.9065959690162033
methods,main,StepFBL1,Active SysID,8101,11,True,True,3.92,True,72.87750681791749,43.25556385513625,4.55500144362151,3.7017434231517816,1.8916078593895402
methods,main,StepFBL1,Active SysID,8101,12,True,True,3.92,True,77.97821777587119,43.96098872793073,5.326922536989889,4.357527459768517,1.941490954424937
methods,main,StepFBL1,Active SysID,8101,13,True,True,3.92,True,78.80660759783039,42.482058150780254,5.451443498280065,4.419335072604339,1.9700834052582186
methods,main,StepFBL1,Active SysID,8101,14,True,True,3.92,True,75.71623943954859,41.1053605694102,4.633070841473279,3.9287289804554133,2.030093602663263
methods,main,StepFBL1,Active SysID,8101,15,True,True,3.92,True,75.67906811009529,42.94383018626855,5.3666716277718365,4.262242097307156,2.0127746659936157
methods,main,StepFBL1,Active SysID,8101,16,True,True,3.92,True,87.45899166744132,46.80712799881719,6.528082528000056,5.5326632516779055,2.109165855235585
methods,main,StepFBL1,Active SysID,8101,17,True,True,3.92,True,76.76245909251038,42.69609726824308,5.271312306749679,4.292077801188776,2.0445826370080726
methods,main,StepFBL1,Active SysID,8101,18,True,True,3.92,True,72.55552912646613,41.991701316019316,4.0799144628959825,3.2394616449841678,1.977464380453191
methods,main,StepFBL1,Active SysID,8101,19,True,True,3.92,True,83.2558260708694,43.63189313463482,5.387204524075038,4.3832012405270815,2.0198546500012293
methods,main,StepFBL1,Active SysID,8101,20,True,True,3.92,True,75.88125768278073,42.236898968794044,4.900328490087252,4.025724902018709,2.02423650558634
methods,main,StepFBL1,Active SysID,8101,21,True,True,3.92,True,89.3965889488892,46.632773822322875,6.171605738795364,5.085738813885687,2.0712967325043534
methods,main,StepFBL1,Active SysID,8101,22,True,True,3.92,True,76.21439418613215,44.78782828913657,5.42004573982093,4.385791077251364,1.9738419651646215
methods,main,StepFBL1,Active SysID,8101,23,True,True,3.92,True,80.54590398962178,44.168089065527006,5.868647188885224,4.807094256340108,2.148629305111722
methods,main,StepFBL1,Active SysID,8101,24,True,True,3.92,True,76.79584851978895,43.42142524166155,5.15281708964752,4.249971327220869,2.0674459388198754
methods,main,StepFBL1,Active SysID,8101,25,True,True,3.92,True,82.19483494562452,43.77663616462601,5.639553296693085,4.63280412447282,2.0624840563383584
methods,main,StepFBL1,Active SysID,8101,26,True,True,3.92,True,70.7542067784051,40.48571094735688,4.7066223682458865,3.7749186762773186,2.022222232494817
methods,main,StepFBL1,Active SysID,8101,27,True,True,3.92,True,84.59593225052576,42.95039896731763,5.9102461144586504,5.090828317598099,2.167754335338084
methods,main,StepFBL1,Active SysID,8101,28,True,True,3.92,True,79.3092923779486,43.96150165002037,5.407704738629039,4.556808739486177,2.141103449650805
methods,main,StepFBL1,Active SysID,8101,29,True,True,3.92,True,68.4640127356108,42.062863359717504,3.8310979790440807,2.8931329922441145,1.9380477581652547
methods,main,StepFBL1,Active SysID,8101,30,True,True,3.92,True,76.2051767035282,44.55510594181333,5.71167893109481,4.654903695377758,2.146502595517387
methods,main,StepFBL1,Active SysID,8101,31,True,True,3.92,True,79.45782470735318,42.08984191265248,5.30941020771476,4.500578751181885,2.1820779035272957
methods,main,StepFBL1,Active SysID,8102,0,True,True,3.92,True,73.79845536384046,42.30177121380419,4.856173315050354,3.987300344748093,1.973558653677261
methods,main,StepFBL1,Active SysID,8102,1,True,True,3.92,True,82.67213581322011,48.17991525560496,5.4621246471228995,4.470690460970524,1.9713927794818724
methods,main,StepFBL1,Active SysID,8102,2,True,True,3.92,True,74.98852765317876,43.315563498848825,4.948026329567139,4.081609499743204,1.9908484844965308
methods,main,StepFBL1,Active SysID,8102,3,True,True,3.92,True,67.50471788251267,39.540429080801985,4.368723264127353,3.4264579865061435,1.9849991043480049
methods,main,StepFBL1,Active SysID,8102,4,True,True,3.92,True,75.63856351298143,43.18497054351212,5.06719310526624,4.035773583396708,1.9935939714724182
methods,main,StepFBL1,Active SysID,8102,5,True,True,3.92,True,72.18284844982053,41.81002508546159,4.700682434024476,3.8262165346548658,2.03119277837519
methods,main,StepFBL1,Active SysID,8102,6,True,True,3.92,True,66.55400601589662,40.653848525778535,4.078106302283615,3.1174989686999792,1.9383298861148026
methods,main,StepFBL1,Active SysID,8102,7,True,True,3.92,True,75.13382396156412,43.96396731671245,5.2012574253065464,4.22823002674648,2.1369487074572864
methods,main,StepFBL1,Active SysID,8102,8,True,True,3.92,True,73.46813877114096,41.21538983207561,5.227971979116723,4.160345401337269,2.0513706169354182
methods,main,StepFBL1,Active SysID,8102,9,False,False,1.8,True,93.45518663525182,49.37409709944814,6.275722951396674,5.6885641459088685,2.188547232815261
methods,main,StepFBL1,Active SysID,8102,10,True,True,3.92,True,74.84965731105376,43.371680202123805,5.145864967036377,4.055102212984052,2.0602385479354326
methods,main,StepFBL1,Active SysID,8102,11,True,True,3.92,True,76.82878639566957,42.85030011846828,5.483806711371089,4.49624120167398,2.1166752556325514
methods,main,StepFBL1,Active SysID,8102,12,True,True,3.92,True,75.98069179603755,42.46529673221726,5.239360552898344,4.207909160106513,1.99921004469236
methods,main,StepFBL1,Active SysID,8102,13,False,False,1.46,True,109.19802807231675,61.84726527988662,7.1363924455749075,7.323370916097739,2.042003098431
methods,main,StepFBL1,Active SysID,8102,14,True,True,3.92,True,80.61002843857669,42.686003217342346,5.066252042750341,4.197063473335112,1.9251858495562664
methods,main,StepFBL1,Active SysID,8102,15,True,True,3.92,True,74.96852834578421,41.356508629103025,5.09856164905975,4.10941398852521,2.0781386482715005
methods,main,StepFBL1,Active SysID,8102,16,True,True,3.92,True,79.57288367571218,42.05066879333683,5.401811963622603,4.440298256687837,2.0878845770981465
methods,main,StepFBL1,Active SysID,8102,17,False,False,1.6,True,97.5032848311465,56.92515346567416,6.006146681727245,5.818527870487185,1.9868756179833134
methods,main,StepFBL1,Active SysID,8102,18,True,True,3.92,True,82.60227881580067,46.18565814912995,5.738665345956728,4.873030416588887,2.057513849871735
methods,main,StepFBL1,Active SysID,8102,19,True,True,3.92,True,78.61806893762872,43.3786009626467,5.06599213537066,4.242178071187659,2.1010803447718764
methods,main,StepFBL1,Active SysID,8102,20,True,True,3.92,True,75.1526431034775,42.501708052865354,4.999463331634603,4.1192063488507795,2.0282007005168987
methods,main,StepFBL1,Active SysID,8102,21,True,True,3.92,True,81.3814391137562,42.61796362115475,5.5095836408483185,4.546941441441174,2.180082535175343
methods,main,StepFBL1,Active SysID,8102,22,True,True,3.92,True,72.32556341758506,41.63020333628796,4.720564283094107,3.7555071920586185,1.9644181716074889
methods,main,StepFBL1,Active SysID,8102,23,True,True,3.92,True,72.86889606723452,41.105312941008705,4.6603276101423905,3.843616790478441,1.954550945102571
methods,main,StepFBL1,Active SysID,8102,24,True,True,3.92,True,76.76241367770052,43.512377007786576,5.67631764316161,4.562685798953738,2.0699281267122247
methods,main,StepFBL1,Active SysID,8102,25,True,True,3.92,True,83.08692370604739,43.53633139807047,5.788941127093833,5.033591729441704,2.1677582786835345
methods,main,StepFBL1,Active SysID,8102,26,True,True,3.92,True,74.7098457000966,44.0347513214809,4.517369192169492,3.6888950778803182,1.9146759208893387
methods,main,StepFBL1,Active SysID,8102,27,True,True,3.92,True,77.53554729355292,43.36930426669974,5.4236929120915045,4.380823601304619,2.0369017074030826
methods,main,StepFBL1,Active SysID,8102,28,True,True,3.92,True,73.85622831862035,42.83922461454287,5.05957614574018,4.075397697956249,1.9762307139955304
methods,main,StepFBL1,Active SysID,8102,29,True,True,3.92,True,77.67650366608244,42.010306157683004,5.251398457009249,4.31451058501111,2.126893173112796
methods,main,StepFBL1,Active SysID,8102,30,True,True,3.92,True,82.76770191576689,42.49906359982928,5.145551463341487,4.506215343011656,2.0590700624139435
methods,main,StepFBL1,Active SysID,8102,31,True,True,3.92,True,70.65684240114905,41.92431544718663,4.530650878713698,3.739797049392838,1.848788442328146
methods,main,StepFBL1,Active SysID,8103,0,True,True,3.92,True,78.40793866731374,42.85399013545346,5.534342431364093,4.582248083931233,2.2140392003096405
methods,main,StepFBL1,Active SysID,8103,1,True,True,3.92,True,76.16176253676866,41.82682918725659,5.049818144948192,4.140344581716903,1.9805178349495776
methods,main,StepFBL1,Active SysID,8103,2,False,False,1.58,True,100.92797379749469,57.66053212120925,6.5407757483097075,6.264189991655918,2.0983277700004344
methods,main,StepFBL1,Active SysID,8103,3,True,True,3.92,True,84.828154434729,43.273169880130304,5.480902505466525,4.787389185277699,2.1057620622487474
methods,main,StepFBL1,Active SysID,8103,4,False,False,2.86,True,84.23265332839176,43.97339004695551,6.12471364554589,5.291152174960015,2.248046400756404
methods,main,StepFBL1,Active SysID,8103,5,True,True,3.92,True,73.94300232513837,40.15224922631822,4.697405428535501,3.8038179615007226,1.9142509131777845
methods,main,StepFBL1,Active SysID,8103,6,False,False,1.6,True,89.20062934270689,55.53640235754221,6.000585572571202,5.358959733170542,2.171549447379483
methods,main,StepFBL1,Active SysID,8103,7,True,True,3.92,True,74.73158575084864,40.39833747521017,4.700978805545755,4.106330996604843,2.0329680979113074
methods,main,StepFBL1,Active SysID,8103,8,True,True,3.92,True,91.32622219201956,44.28512722095372,6.096844056038965,5.3646020046518625,2.0888963733815413
methods,main,StepFBL1,Active SysID,8103,9,True,True,3.92,True,94.48665746191621,45.80936409950987,6.1562982240345985,5.485533454722791,2.082980449689152
methods,main,StepFBL1,Active SysID,8103,10,True,True,3.92,True,76.32749937940977,42.19693159712223,5.327904115890527,4.337593386915091,1.9540186985392174
methods,main,StepFBL1,Active SysID,8103,11,True,True,3.92,True,76.80758482260327,44.95133543597611,4.952889067026496,4.003812075491421,1.9774300192257577
methods,main,StepFBL1,Active SysID,8103,12,True,True,3.92,True,75.07060366667704,40.88509909219236,4.824324624025352,3.9793075170071224,1.8942466393686423
methods,main,StepFBL1,Active SysID,8103,13,True,True,3.92,True,83.90285428377335,43.321199288652075,5.7185465828962405,4.875291253283522,2.232428776948104
methods,main,StepFBL1,Active SysID,8103,14,True,True,3.92,True,76.14516223894837,42.98233352053068,5.165818117937488,4.108168972890775,1.9716295381807196
methods,main,StepFBL1,Active SysID,8103,15,False,False,1.46,True,102.83483070237017,64.11751975406992,7.147487172030287,7.201432755507472,2.186779083240624
methods,main,StepFBL1,Active SysID,8103,16,True,True,3.92,True,74.66256452885632,40.55130818538137,4.517692368521386,3.800873100741517,1.936737230525084
methods,main,StepFBL1,Active SysID,8103,17,True,True,3.92,True,70.51151305717802,41.0289767737213,4.553689282650325,3.7072033340569255,1.9642496102418168
methods,main,StepFBL1,Active SysID,8103,18,True,True,3.92,True,74.05660390579823,46.036618924317374,4.682641700286127,3.8349285318569164,1.9105682535782813
methods,main,StepFBL1,Active SysID,8103,19,True,True,3.92,True,85.70619888992721,42.116641686522264,5.434838591365348,4.6929217090434925,2.0486561461760338
methods,main,StepFBL1,Active SysID,8103,20,True,True,3.92,True,70.25928409610036,39.99030516682791,4.429856128338537,3.563161756315691,1.9888576164245244
methods,main,StepFBL1,Active SysID,8103,21,True,True,3.92,True,79.44216635195751,43.69803297876713,5.419159273238157,4.447927945524549,2.0759974540284833
methods,main,StepFBL1,Active SysID,8103,22,True,True,3.92,True,85.98866999381822,42.33796158236849,5.613163869437231,4.839869535775303,2.081774230240754
methods,main,StepFBL1,Active SysID,8103,23,False,False,2.26,True,80.52430071604202,44.2885149326373,5.442482697945902,4.844465009935402,2.157022689577943
methods,main,StepFBL1,Active SysID,8103,24,True,True,3.92,True,70.75594872007775,42.130395959628416,4.642049554948655,3.7037302555554423,1.9678538257194713
methods,main,StepFBL1,Active SysID,8103,25,True,True,3.92,True,73.48872264773814,42.24562775325904,5.20445870539275,4.1416207741920905,2.1269663648836805
methods,main,StepFBL1,Active SysID,8103,26,True,True,3.92,True,69.18295902580579,40.07352662354753,4.281972253815009,3.432231991564582,1.913956225905138
methods,main,StepFBL1,Active SysID,8103,27,True,True,3.92,True,69.9940422756645,40.892865962264906,4.427162614161832,3.5572448880521446,1.9009564580670517
methods,main,StepFBL1,Active SysID,8103,28,True,True,3.92,True,72.65207183667795,40.50131188947407,4.4523792782623755,3.648915455102335,1.9446234137705067
methods,main,StepFBL1,Active SysID,8103,29,True,True,3.92,True,69.27934243442974,40.810782713998805,4.33342347773409,3.506929833845648,1.9878420034509905
methods,main,StepFBL1,Active SysID,8103,30,True,True,3.92,True,73.49300217410476,41.15782680377333,4.661671199728027,3.834784339941312,1.9063330671268537
methods,main,StepFBL1,Active SysID,8103,31,True,True,3.92,True,71.36458334792313,41.50491620336767,4.793599073535349,3.756132113309725,2.026609839542519
methods,main,StepFBL1,Common torque,8101,0,True,True,3.92,True,60.16452908452487,37.24790903752856,3.3643658167549964,2.371212541680141,1.715284583769537
methods,main,StepFBL1,Common torque,8101,1,True,True,3.92,True,61.718177868669635,36.053065884168454,3.228932189003145,2.6007779931990167,1.6530422573817793
methods,main,StepFBL1,Common torque,8101,2,True,True,3.92,True,66.50900267110009,36.628315896489546,3.539604680696356,2.8724696415999427,1.7076080810442702
methods,main,StepFBL1,Common torque,8101,3,True,True,3.92,True,64.16031983922367,38.990788502429936,3.4241609922473213,2.6230275727485224,1.716705458379795
methods,main,StepFBL1,Common torque,8101,4,True,True,3.92,True,69.32108022117613,39.588609591686,3.9434769686548927,3.389490003756728,1.7700161693059338
methods,main,StepFBL1,Common torque,8101,5,True,True,3.92,True,57.416455373545375,36.99203349944013,3.2060195219587624,2.1530485390651286,1.6822044405251955
methods,main,StepFBL1,Common torque,8101,6,True,True,3.92,True,61.47874431517022,35.146748529653244,3.554136163347281,2.906075140201355,1.8246279713264488
methods,main,StepFBL1,Common torque,8101,7,True,True,3.92,True,66.77490777856246,38.153598617870855,3.3527745967273526,2.8599138663793995,1.6543035095601477
methods,main,StepFBL1,Common torque,8101,8,True,True,3.92,True,63.92247564105155,37.137415159891596,3.45697614212215,2.662239485724499,1.7232187256621736
methods,main,StepFBL1,Common torque,8101,9,True,True,3.92,True,73.3008860635851,37.538021746686205,3.886959960806212,3.4984624643357853,1.7231255719130671
methods,main,StepFBL1,Common torque,8101,10,True,True,3.92,True,66.0306993594835,37.09966164763785,3.329801675546471,2.704960933980404,1.6376697275355154
methods,main,StepFBL1,Common torque,8101,11,True,True,3.92,True,66.86883628390264,35.33188534053225,3.602142928410184,3.1088048534299944,1.7007718574788973
methods,main,StepFBL1,Common torque,8101,12,True,True,3.92,True,63.83558056154412,38.071777798363925,3.5486821661539527,2.6089979733720736,1.7304755261326528
methods,main,StepFBL1,Common torque,8101,13,True,True,3.92,True,66.811045656786,36.42003111985935,3.470724340676522,2.820953847644125,1.707267103322168
methods,main,StepFBL1,Common torque,8101,14,True,True,3.92,True,62.95809843570579,35.583248906104046,3.3649049596161382,2.806534381598316,1.683672017707297
methods,main,StepFBL1,Common torque,8101,15,False,False,2.54,True,73.84534848249749,39.517743752993844,4.083225863885638,3.601566236937099,1.721695176808504
methods,main,StepFBL1,Common torque,8101,16,False,False,2.34,True,74.16614238494519,40.97542823080295,4.195918779888826,3.568303903321719,1.75435799122017
methods,main,StepFBL1,Common torque,8101,17,True,True,3.92,True,67.46181678941515,36.13856076003291,3.4678215320175374,3.046931395352248,1.6889300764453965
methods,main,StepFBL1,Common torque,8101,18,True,True,3.92,True,64.02279625092359,37.03185647505593,3.2877549456145165,2.652380814920837,1.6346450555089387
methods,main,StepFBL1,Common torque,8101,19,True,True,3.92,True,60.83144667669016,37.77711552893249,3.25078017327117,2.1283493368401505,1.7098767767634009
methods,main,StepFBL1,Common torque,8101,20,True,True,3.92,True,66.29684086007657,36.39039547303054,3.4685591600434393,3.0511058627154473,1.673749634799772
methods,main,StepFBL1,Common torque,8101,21,True,True,3.92,True,63.4976057965546,37.4102461802036,3.32581722918262,2.404502042224662,1.6899173542141332
methods,main,StepFBL1,Common torque,8101,22,True,True,3.92,True,71.04608538200279,38.117011113651614,3.54581906048224,3.0441417506576207,1.665025179287621
methods,main,StepFBL1,Common torque,8101,23,False,False,2.72,True,74.0871120806046,38.8994539184621,4.01030866483063,3.45789393327404,1.7463573832517363
methods,main,StepFBL1,Common torque,8101,24,True,True,3.92,True,64.8721616925933,37.58065430763324,3.331988179055335,2.6116229249926444,1.670402598717343
methods,main,StepFBL1,Common torque,8101,25,False,False,2.82,True,71.33452528298308,37.72905401871867,3.7019084475021367,3.1948857775324373,1.7061941352296834
methods,main,StepFBL1,Common torque,8101,26,True,True,3.92,True,63.07675074643153,35.056822482843266,3.4306798631265645,2.962471544902343,1.6504342238029737
methods,main,StepFBL1,Common torque,8101,27,True,True,3.92,True,62.373742632915224,34.88238664230555,3.335591766447541,2.8167604436877305,1.645709599586259
methods,main,StepFBL1,Common torque,8101,28,False,False,2.7,True,68.41776384969444,37.36092041450755,4.037229560154636,3.6411127294971544,1.7443191933533806
methods,main,StepFBL1,Common torque,8101,29,True,True,3.92,True,64.06468500593898,37.09383547070672,3.505552692314555,2.8318597511208052,1.6725036972259957
methods,main,StepFBL1,Common torque,8101,30,False,False,2.94,True,70.79271555760452,37.810171997851654,4.118142644521485,3.586814267393639,1.7333137338259956
methods,main,StepFBL1,Common torque,8101,31,True,True,3.92,True,65.20515903393904,36.54222313442159,3.4209849849774217,2.8699591032935157,1.6951610518913942
methods,main,StepFBL1,Common torque,8102,0,True,True,3.92,True,65.20346758104601,36.266828156178136,3.3427813199813445,2.883890055768121,1.654642948023918
methods,main,StepFBL1,Common torque,8102,1,True,True,3.92,True,67.41886702692376,38.552194545765836,3.4224035693574555,2.645284586643254,1.6977719091985781
methods,main,StepFBL1,Common torque,8102,2,True,True,3.92,True,69.0755020358646,36.44683590950904,3.602968683980477,3.205277130203936,1.7341758949611106
methods,main,StepFBL1,Common torque,8102,3,True,True,3.92,True,64.95129956282983,35.96549326164142,3.428988840660258,2.8491914137416514,1.6955038771854443
methods,main,StepFBL1,Common torque,8102,4,True,True,3.92,True,66.66060185968615,35.91583816360689,3.450956039180236,2.9524690208964888,1.643177568739975
methods,main,StepFBL1,Common torque,8102,5,True,True,3.92,True,67.96967792812845,36.30289219531087,3.595840477823737,3.109261524084655,1.789368495298635
methods,main,StepFBL1,Common torque,8102,6,True,True,3.92,True,63.54853852076786,36.30269284500846,3.424388196372712,2.913470928838681,1.7012529560862981
methods,main,StepFBL1,Common torque,8102,7,False,False,3.54,True,71.13087540603014,37.56244701786193,4.015764101028975,3.60073494220666,1.7208502159715957
methods,main,StepFBL1,Common torque,8102,8,True,True,3.92,True,62.74556088868287,36.013832397692255,3.3467398082957502,2.66509256654598,1.7134227544820213
methods,main,StepFBL1,Common torque,8102,9,False,False,2.5,True,73.67774883743922,38.990095398327654,4.072778894521373,3.730039119945537,1.7116288053014956
methods,main,StepFBL1,Common torque,8102,10,True,True,3.92,True,66.66153784660153,36.847019984187824,3.4320334734859745,2.9133089423385456,1.669845028850859
methods,main,StepFBL1,Common torque,8102,11,False,False,2.6,True,73.3432480575139,39.711280416525305,4.12779518086615,3.731097698787238,1.7028855379279122
methods,main,StepFBL1,Common torque,8102,12,True,True,3.92,True,64.50362670131453,36.062607025954556,3.380704330140205,2.700008072529542,1.690019257860936
methods,main,StepFBL1,Common torque,8102,13,False,False,3.3,True,71.69989780566664,38.220890055184924,3.918102812135659,3.514986832493749,1.722654755418528
methods,main,StepFBL1,Common torque,8102,14,True,True,3.92,True,68.61859125956914,35.57751928958374,3.452317614031743,3.027904311651878,1.6668121576845922
methods,main,StepFBL1,Common torque,8102,15,True,True,3.92,True,63.45256754595738,36.41201161073571,3.3621817313024804,2.4860313183218863,1.7226139533260763
methods,main,StepFBL1,Common torque,8102,16,True,True,3.92,True,64.1244852227745,34.379670393436896,3.491067505740769,3.0167702524557782,1.6733451091580855
methods,main,StepFBL1,Common torque,8102,17,True,False,3.92,True,69.15114500228088,37.304993555612235,4.020910802762301,3.514672604396164,1.7355901730983965
methods,main,StepFBL1,Common torque,8102,18,False,False,2.44,True,74.24267249499836,38.70858273196839,4.004834939250294,3.5189126221243914,1.6887250460212697
methods,main,StepFBL1,Common torque,8102,19,True,True,3.92,True,67.71476883072727,35.82272615029014,3.624857811606376,3.1807454274324516,1.7014185056697098
methods,main,StepFBL1,Common torque,8102,20,True,True,3.92,True,65.51702386836983,35.18901369334608,3.5498540753629833,3.100804297284343,1.6829791327458747
methods,main,StepFBL1,Common torque,8102,21,True,True,3.92,True,61.924029806673346,35.592127816788526,3.440717701000933,2.618710729842983,1.6801386267758003
methods,main,StepFBL1,Common torque,8102,22,True,True,3.92,True,65.20189489608113,35.97705949212914,3.3953107718530235,2.8695940302915792,1.663004778934347
methods,main,StepFBL1,Common torque,8102,23,True,True,3.92,True,63.02038758542129,36.43261156226142,3.299434611864099,2.7837655665056107,1.6825886619108197
methods,main,StepFBL1,Common torque,8102,24,False,False,2.38,True,72.60816041393745,40.33746867817518,4.01401337471079,3.6271887001325687,1.6837313875824096
methods,main,StepFBL1,Common torque,8102,25,True,True,3.92,True,66.42813795166832,35.818280586385086,3.701442120201968,3.2747813438133444,1.6803151059384198
methods,main,StepFBL1,Common torque,8102,26,True,True,3.92,True,66.2590634971743,36.74198004085988,3.412219540520561,2.9597998658462346,1.665410178927294
methods,main,StepFBL1,Common torque,8102,27,True,True,3.92,True,63.74212178921365,36.49528129580181,3.3596176834732745,2.561443358704872,1.7159713734303377
methods,main,StepFBL1,Common torque,8102,28,True,True,3.92,True,66.42393359098918,38.03559228949917,3.578389999452146,2.963981941456907,1.7462343063664065
methods,main,StepFBL1,Common torque,8102,29,True,True,3.92,True,64.79660406738275,36.81211037234181,3.3465693735013966,2.7658937903681515,1.680055089065713
methods,main,StepFBL1,Common torque,8102,30,True,True,3.92,True,63.888659686664084,36.27950169183144,3.342478688451689,2.8417383093225133,1.696570780210471
methods,main,StepFBL1,Common torque,8102,31,True,True,3.92,True,64.33250879274283,38.265216561262,3.442028667309991,2.677239908535764,1.6868236613444891
methods,main,StepFBL1,Common torque,8103,0,True,True,3.92,True,64.0007590533864,37.22716638913072,3.4523996147209837,2.8228302749176657,1.6882491610318824
methods,main,StepFBL1,Common torque,8103,1,True,True,3.92,True,62.160543951035756,35.77814915799218,3.3855225820158448,2.735306959244514,1.7067932105040193
methods,main,StepFBL1,Common torque,8103,2,False,False,3.46,True,69.66047566760976,37.47576329191576,4.076182516677121,3.632867510836415,1.732412883167616
methods,main,StepFBL1,Common torque,8103,3,True,True,3.92,True,65.21307351141124,35.62011230402491,3.416688920312892,3.043437219020721,1.6237164723453728
methods,main,StepFBL1,Common torque,8103,4,True,True,3.92,True,66.8050661247983,36.13394348220065,3.4861845452668456,3.030654864469728,1.7146193745615983
methods,main,StepFBL1,Common torque,8103,5,True,True,3.92,True,62.82718281486288,36.48318764954715,3.3899701463825207,2.6964604408634743,1.6794604564878068
methods,main,StepFBL1,Common torque,8103,6,True,True,3.92,True,69.14215165229038,37.63897100919811,3.829363685516572,3.3306403623418284,1.7110744606789032
methods,main,StepFBL1,Common torque,8103,7,True,True,3.92,True,65.23518184262156,37.50177462918247,3.4435609925011823,3.029691283259275,1.6825977780604835
methods,main,StepFBL1,Common torque,8103,8,True,True,3.92,True,68.7823213199962,37.27842356723327,3.5444759884114965,3.124947853376536,1.6773723979163875
methods,main,StepFBL1,Common torque,8103,9,False,False,2.76,True,73.57392389712037,38.58581070556166,3.9100138429674565,3.5135374864744846,1.7096752323709017
methods,main,StepFBL1,Common torque,8103,10,True,True,3.92,True,67.56236798703172,36.28210094935656,3.391870478972323,2.87938053508999,1.6702601110021866
methods,main,StepFBL1,Common torque,8103,11,True,True,3.92,True,60.96129736545741,37.06203341933229,3.3241727434548016,2.262285746810638,1.6844744927903215
methods,main,StepFBL1,Common torque,8103,12,True,True,3.92,True,60.370141843224204,35.87711093467552,3.170292507073102,2.3644407281462434,1.6180252245684452
methods,main,StepFBL1,Common torque,8103,13,True,True,3.92,True,67.27200510494721,36.92931851464919,3.482459342977309,2.9848655107546236,1.7085141731782807
methods,main,StepFBL1,Common torque,8103,14,True,True,3.92,True,67.70301720761577,36.61990171262188,3.492793019505167,2.9886503329562415,1.6672735821332454
methods,main,StepFBL1,Common torque,8103,15,True,True,3.92,True,64.40606174104242,35.864798789587745,3.494828693895586,3.048153212004739,1.6554446919730723
methods,main,StepFBL1,Common torque,8103,16,True,True,3.92,True,68.2669041544508,36.77259447737209,3.4374962763401573,2.879184628298224,1.669312868661177
methods,main,StepFBL1,Common torque,8103,17,True,True,3.92,True,67.83227526687274,36.83907349115753,3.5257406464902306,3.1560645951443727,1.6951214899458102
methods,main,StepFBL1,Common torque,8103,18,True,True,3.92,True,68.24931558290703,37.34540399886648,3.5885904364207932,3.1662216525537237,1.7224640653695806
methods,main,StepFBL1,Common torque,8103,19,True,True,3.92,True,66.6071370918697,36.13486655016081,3.352443051911623,2.838797528856289,1.662014053210614
methods,main,StepFBL1,Common torque,8103,20,True,True,3.92,True,60.89465710938762,35.37047317689547,3.2947575847375083,2.679575529885822,1.6461157955822645
methods,main,StepFBL1,Common torque,8103,21,True,True,3.92,True,73.77745436648686,37.94563120911313,3.8469100627488935,3.326334469835828,1.7451821069510784
methods,main,StepFBL1,Common torque,8103,22,True,True,3.92,True,68.69357490666707,36.42382531398635,3.405230612538442,2.8258359634045265,1.6935903846908391
methods,main,StepFBL1,Common torque,8103,23,True,True,3.92,True,68.70792015870023,37.946164208792744,3.5207257681977135,3.126600141581188,1.6648753353000019
methods,main,StepFBL1,Common torque,8103,24,True,True,3.92,True,66.86482771417377,36.45837905359013,3.620298333413715,3.1814332087945245,1.713525674796598
methods,main,StepFBL1,Common torque,8103,25,True,True,3.92,True,69.69472067345157,37.08083867435755,3.6539633652249934,3.2072612861129,1.7174716695082282
methods,main,StepFBL1,Common torque,8103,26,True,True,3.92,True,63.821478752578614,36.812441401516715,3.3585760060447503,2.801869971725435,1.6516795282107304
methods,main,StepFBL1,Common torque,8103,27,True,True,3.92,True,61.707365037103614,36.299771790823755,3.3505934059457294,2.6421310531520463,1.6779991165205632
methods,main,StepFBL1,Common torque,8103,28,True,True,3.92,True,64.23280577645535,35.900735547905256,3.3317173180723807,2.6610308255707795,1.7248790675606442
methods,main,StepFBL1,Common torque,8103,29,True,True,3.92,True,63.70084048663976,36.13114067316015,3.4153299649735525,2.9156445249631777,1.7096773002523118
methods,main,StepFBL1,Common torque,8103,30,True,True,3.92,True,65.98726477825886,36.9671288886798,3.5265775661691094,2.871735945884066,1.6931919115986267
methods,main,StepFBL1,Common torque,8103,31,True,True,3.92,True,67.96781599832268,35.27521729463958,3.840758760310505,3.3784087158673035,1.7169156314346405
methods,main,StepFBL1,Excitation torque,8101,0,True,True,3.92,True,91.66778083307204,42.38182047665342,6.971050863319662,5.81348554848582,2.379573272059398
methods,main,StepFBL1,Excitation torque,8101,1,True,True,3.92,True,70.3955288296644,39.75503069893054,5.5679516597574,4.600431594043418,2.1521605139460207
methods,main,StepFBL1,Excitation torque,8101,2,False,False,3.06,True,93.61778347950725,43.582403300125954,6.992277874735247,5.801781462752562,2.489428887266176
methods,main,StepFBL1,Excitation torque,8101,3,True,True,3.92,True,83.75182916582128,43.06353277778389,6.662074960828478,5.669230232604957,2.3512495435919054
methods,main,StepFBL1,Excitation torque,8101,4,False,False,2.24,True,107.32757597942685,50.297386107519664,8.433815345699381,7.02258237344915,2.7938631627870456
methods,main,StepFBL1,Excitation torque,8101,5,True,True,3.92,True,79.27940010475321,42.71334262444006,6.37793608629298,5.197558829455477,2.332418182626102
methods,main,StepFBL1,Excitation torque,8101,6,True,True,3.92,True,71.43468231865388,41.44347879159357,5.616566955568171,4.1461597940409645,2.220419439552444
methods,main,StepFBL1,Excitation torque,8101,7,True,True,3.92,True,74.97843305635638,45.01024812519473,6.272969928883442,5.318813116439708,2.304087073384776
methods,main,StepFBL1,Excitation torque,8101,8,False,False,2.94,True,84.51880107389921,42.59439265076798,6.622830871965168,5.320308390847295,2.424506682453849
methods,main,StepFBL1,Excitation torque,8101,9,True,True,3.92,True,90.25732812256155,42.27512165412767,6.8105858218269475,5.679408601362477,2.473073290087206
methods,main,StepFBL1,Excitation torque,8101,10,True,True,3.92,True,84.98449486798829,42.91160385834162,6.449147434060121,5.376311499338212,2.3261929496900478
methods,main,StepFBL1,Excitation torque,8101,11,True,True,3.92,True,88.74603864141051,44.32175401867546,6.669339471605224,5.493611879269492,2.447683936745761
methods,main,StepFBL1,Excitation torque,8101,12,True,True,3.92,True,89.21864891270079,43.42188898325781,7.252076195016903,6.161739973243407,2.589495637273471
methods,main,StepFBL1,Excitation torque,8101,13,True,True,3.92,True,90.65546464658364,42.485434266900896,7.082884729380905,5.878353160334836,2.574499227311016
methods,main,StepFBL1,Excitation torque,8101,14,True,True,3.92,True,69.23415165912235,42.743203644135974,4.999784161191552,3.8917313961180975,2.1542785238695066
methods,main,StepFBL1,Excitation torque,8101,15,True,True,3.92,True,100.19045131767975,45.57559427032377,7.378016649779172,6.214844589529108,2.5187962841720046
methods,main,StepFBL1,Excitation torque,8101,16,True,True,3.92,True,114.16668710136241,49.55478004471749,8.185674928460807,6.937056240664722,2.7886233008654426
methods,main,StepFBL1,Excitation torque,8101,17,True,True,3.92,True,87.36526069867628,44.415989774573895,6.755819732870755,5.652281555432316,2.3209076337292034
methods,main,StepFBL1,Excitation torque,8101,18,False,False,3.36,True,75.03763933055387,43.53106675601932,5.842983197535301,4.640842607727302,2.205133617672903
methods,main,StepFBL1,Excitation torque,8101,19,True,True,3.92,True,76.72766998122285,40.42148912793426,6.161381079300805,4.882570898843874,2.3898208700453147
methods,main,StepFBL1,Excitation torque,8101,20,True,True,3.92,True,78.93371112130079,42.84550172950448,6.6335868167473135,5.106807407556931,2.583734189795539
methods,main,StepFBL1,Excitation torque,8101,21,True,True,3.92,True,97.82379015504512,44.414963606339036,7.377232279463325,6.135109856511078,2.640178226624125
methods,main,StepFBL1,Excitation torque,8101,22,False,False,1.7,True,122.40382339957092,47.04104241918161,8.540651395073917,7.589324377895788,2.7500300832739586
methods,main,StepFBL1,Excitation torque,8101,23,True,True,3.92,True,101.8242439839357,47.243255424037876,7.783146212854183,6.462358016178191,2.7217113804453494
methods,main,StepFBL1,Excitation torque,8101,24,True,True,3.92,True,96.55777015306371,45.945017454173346,7.4020314236598574,6.213721742012845,2.575422852857761
methods,main,StepFBL1,Excitation torque,8101,25,True,True,3.92,True,98.38792650408142,45.846131544070715,7.347717958732,6.2138841679595656,2.523541428493073
methods,main,StepFBL1,Excitation torque,8101,26,True,True,3.92,True,87.8183727281977,43.25676027311168,7.007864395086815,5.720931675689888,2.6063189548910355
methods,main,StepFBL1,Excitation torque,8101,27,True,True,3.92,True,84.26441974063931,41.88493501036908,6.7200020646428476,5.374432834298301,2.496590691370095
methods,main,StepFBL1,Excitation torque,8101,28,True,True,3.92,True,68.71354835157825,41.336633663693235,5.759851164178303,4.45073665877917,2.299306372867303
methods,main,StepFBL1,Excitation torque,8101,29,True,True,3.92,True,77.09349316922108,42.53576445027518,6.215810242941829,4.548407211862356,2.3884722858037253
methods,main,StepFBL1,Excitation torque,8101,30,True,True,3.92,True,90.23626685219791,46.82358118678946,7.251476652425259,6.149102053682533,2.5883272762105265
methods,main,StepFBL1,Excitation torque,8101,31,True,True,3.92,True,76.11590921575875,42.02311100895384,6.173278602399277,5.035715463200275,2.275639053436544
methods,main,StepFBL1,Excitation torque,8102,0,True,True,3.92,True,85.97986231009055,42.79760040707979,6.671774302150814,5.643260653110003,2.351791591896999
methods,main,StepFBL1,Excitation torque,8102,1,True,True,3.92,True,104.24097474907057,47.24793187935444,7.811734483256211,6.533871140426748,2.741484776674139
methods,main,StepFBL1,Excitation torque,8102,2,True,True,3.92,True,81.55387413342083,41.56265742191787,6.612670944052886,5.657402784339331,2.3765084663794966
methods,main,StepFBL1,Excitation torque,8102,3,True,True,3.92,True,85.3345559371816,40.891289946545804,6.60323204553349,5.475421064122659,2.3272664678735815
methods,main,StepFBL1,Excitation torque,8102,4,True,True,3.92,True,93.08967372312036,45.91442058669772,6.889426942564319,5.78648035671155,2.4497743169001716
methods,main,StepFBL1,Excitation torque,8102,5,True,True,3.92,True,80.69220571392145,43.818287922556735,6.4761915877055225,5.263898720911942,2.4107839253033236
methods,main,StepFBL1,Excitation torque,8102,6,True,True,3.92,True,70.18180129436374,42.27413404598414,4.885987693176078,3.877472616509,2.257406274341692
methods,main,StepFBL1,Excitation torque,8102,7,True,True,3.92,True,81.33146920808137,45.532308595774744,6.554506986283833,5.070875006186425,2.4616949679022615
methods,main,StepFBL1,Excitation torque,8102,8,True,True,3.92,True,86.8610863784181,42.222896879089895,6.921230414099974,5.685822083087789,2.510347381801577
methods,main,StepFBL1,Excitation torque,8102,9,True,True,3.92,True,92.67577222514804,46.58240484097429,7.279290675752463,5.948571996651594,2.633159508090559
methods,main,StepFBL1,Excitation torque,8102,10,True,True,3.92,True,92.65402806847577,45.833596176979114,6.992722637706902,5.80825521565341,2.5119258611581086
methods,main,StepFBL1,Excitation torque,8102,11,False,False,3.44,True,101.20292974143264,47.20725564451201,7.598024478166245,6.355310391483354,2.6297568392242368
methods,main,StepFBL1,Excitation torque,8102,12,True,True,3.92,True,84.07525731231003,42.18783744769517,6.631665036631365,5.527773257870925,2.359211043025388
methods,main,StepFBL1,Excitation torque,8102,13,True,True,3.92,True,69.68625179481997,42.33451434613273,5.958589053463848,4.448374431595302,2.378878159704499
methods,main,StepFBL1,Excitation torque,8102,14,True,True,3.92,True,100.85464077789341,44.86720393975325,7.268093928004259,6.228855679163303,2.481073493263067
methods,main,StepFBL1,Excitation torque,8102,15,True,True,3.92,True,74.12322021372526,40.68537151578434,6.185816944356677,4.908050691746082,2.3978667033622756
methods,main,StepFBL1,Excitation torque,8102,16,True,True,3.92,True,84.79940205793486,43.21624348882295,6.866900326694098,5.615726389595769,2.5137674321853347
methods,main,StepFBL1,Excitation torque,8102,17,False,False,2.22,True,97.38133183904131,46.769536740270766,7.755444133034174,6.401660044708994,2.7533562231470494
methods,main,StepFBL1,Excitation torque,8102,18,True,True,3.92,True,104.58536642724472,49.45568757757644,7.4003528042521936,6.282625573115874,2.541290195910611
methods,main,StepFBL1,Excitation torque,8102,19,True,True,3.92,True,77.9010266356429,44.80765094142138,6.47725511866357,5.067634149090078,2.458339344955799
methods,main,StepFBL1,Excitation torque,8102,20,True,True,3.92,True,86.54813048033841,41.5019561695766,6.796009330570946,5.644277358922062,2.484090800912009
methods,main,StepFBL1,Excitation torque,8102,21,False,False,2.6,True,80.12856175077368,40.51033242885482,6.258149941800439,4.874981705197679,2.3862280801585753
methods,main,StepFBL1,Excitation torque,8102,22,True,False,3.92,True,88.89602330220445,42.09133414614075,6.7437244656765465,5.6102765302992,2.391002880720331
methods,main,StepFBL1,Excitation torque,8102,23,True,True,3.92,True,79.69938182436837,40.76536976648706,6.4419425255363905,5.428593692602068,2.332726399526145
methods,main,StepFBL1,Excitation torque,8102,24,False,False,2.34,True,102.89816881709781,47.805953547206535,7.953048882367779,6.613214469702606,2.753250608584324
methods,main,StepFBL1,Excitation torque,8102,25,True,True,3.92,True,67.65340823218662,42.29111174369624,5.6238033476736655,4.410832048503164,2.339890762087925
methods,main,StepFBL1,Excitation torque,8102,26,True,True,3.92,True,83.8825907830535,42.30628717376603,6.582949049398116,5.553972378840411,2.4041729220098915
methods,main,StepFBL1,Excitation torque,8102,27,True,True,3.92,True,86.7813178740712,42.55888193272081,6.751790842320221,5.654527969224075,2.446641811471114
methods,main,StepFBL1,Excitation torque,8102,28,False,False,2.3,True,100.54930225130313,45.99290539149002,7.790226330430835,6.488749408562501,2.7543724892283237
methods,main,StepFBL1,Excitation torque,8102,29,True,True,3.92,True,86.00939170291167,43.57452723431326,6.741174462900144,5.550601530418142,2.4341853601406855
methods,main,StepFBL1,Excitation torque,8102,30,True,True,3.92,True,71.70295777368203,40.4753244030301,5.957696133289671,4.543932724722733,2.338812554975832
methods,main,StepFBL1,Excitation torque,8102,31,True,True,3.92,True,84.26407471191094,42.2898844590093,6.5826275233230875,5.654701725763858,2.26474044188336
methods,main,StepFBL1,Excitation torque,8103,0,True,True,3.92,True,70.86433095335141,43.92638021339272,4.81268546539843,3.5570584180280607,2.149332401931722
methods,main,StepFBL1,Excitation torque,8103,1,True,True,3.92,True,80.99680181554032,40.370371584235684,6.335077724264661,5.182972893675733,2.317921692808588
methods,main,StepFBL1,Excitation torque,8103,2,True,True,3.92,True,89.85604777677528,46.013802620738026,7.334145170752964,5.870604848628569,2.682035338484335
methods,main,StepFBL1,Excitation torque,8103,3,True,True,3.92,True,82.10719422137612,43.69485781951345,6.56548613223157,5.5274073936151416,2.350965468774678
methods,main,StepFBL1,Excitation torque,8103,4,True,True,3.92,True,83.51882154787614,43.01484572645752,6.741775412267603,5.435902885750345,2.503469660407179
methods,main,StepFBL1,Excitation torque,8103,5,True,True,3.92,True,73.47785365801671,39.66676439332808,5.932175257133483,4.944139184408259,2.263116035287574
methods,main,StepFBL1,Excitation torque,8103,6,False,False,1.96,True,96.47964055717271,46.41565561779466,7.544957055375354,6.300245486651625,2.742398086107765
methods,main,StepFBL1,Excitation torque,8103,7,True,True,3.92,True,67.37782889651801,40.324341702680584,5.424406523177855,4.091742339901554,2.167206336910608
methods,main,StepFBL1,Excitation torque,8103,8,True,True,3.92,True,86.39498623603095,41.71005987103166,6.777338997612419,5.741988984457005,2.40215902773434
methods,main,StepFBL1,Excitation torque,8103,9,True,True,3.92,True,69.06888400637649,43.01886384834683,5.0840974691787055,4.221609078232354,2.031741011212006
methods,main,StepFBL1,Excitation torque,8103,10,True,True,3.92,True,90.45137276701234,43.06378376402899,7.0313688072302245,5.953084134691341,2.380333592927962
methods,main,StepFBL1,Excitation torque,8103,11,True,True,3.92,True,92.38447441717523,42.75340646952161,6.959249163686384,5.854619597773259,2.4567979599427443
methods,main,StepFBL1,Excitation torque,8103,12,True,True,3.92,True,89.09860542322039,42.49942701934644,6.942846685956626,5.965669187499882,2.427378723840048
methods,main,StepFBL1,Excitation torque,8103,13,True,True,3.92,True,73.57355445204057,42.35173951684271,5.936781794980404,4.705080241198973,2.303437112538117
methods,main,StepFBL1,Excitation torque,8103,14,True,True,3.92,True,86.51889162772791,41.67650610434646,6.717052457480038,5.569061340147871,2.4117484664595894
methods,main,StepFBL1,Excitation torque,8103,15,True,True,3.92,True,66.93906811826643,40.5876642134096,5.320482273396567,4.0086119228678445,2.223132870739325
methods,main,StepFBL1,Excitation torque,8103,16,True,True,3.92,True,84.76951377608486,44.2353372489729,6.6727116918400755,5.306522305946086,2.4334447669214225
methods,main,StepFBL1,Excitation torque,8103,17,True,True,3.92,True,79.22357965989654,40.78880601919905,6.392936146584854,5.313225731504066,2.367947934879689
methods,main,StepFBL1,Excitation torque,8103,18,True,True,3.92,True,88.72775994722797,44.821441521722676,6.842229560935932,5.6943206864772495,2.42439666462596
methods,main,StepFBL1,Excitation torque,8103,19,False,False,3.64,True,73.92560603133528,46.229864047511775,5.049581035528408,4.058936442630316,2.266659969655291
methods,main,StepFBL1,Excitation torque,8103,20,True,True,3.92,True,76.74176797781396,41.29046678121105,6.219855676111128,4.860259797352354,2.4331077722271783
methods,main,StepFBL1,Excitation torque,8103,21,True,True,3.92,True,92.16790207751525,45.700814734766645,7.06614459444988,5.843604072724482,2.507083793491875
methods,main,StepFBL1,Excitation torque,8103,22,True,True,3.92,True,82.83565113147472,41.5544085813973,6.544851867631262,5.5169014994881325,2.3586812031813436
methods,main,StepFBL1,Excitation torque,8103,23,True,True,3.92,True,83.79040273595452,46.5151485274827,6.688469279032514,5.3288685593135785,2.4232135391348817
methods,main,StepFBL1,Excitation torque,8103,24,True,True,3.92,True,86.0680230370392,45.515990605200514,6.7642922367031835,5.531860829416465,2.4133845082758842
methods,main,StepFBL1,Excitation torque,8103,25,False,False,3.8,True,93.13809722368227,45.52957683873021,7.000265953970205,5.812570985561446,2.4567489571579726
methods,main,StepFBL1,Excitation torque,8103,26,True,True,3.92,True,75.7086360979372,42.29846572215366,6.313961782098144,4.761573023363952,2.3942104602489453
methods,main,StepFBL1,Excitation torque,8103,27,True,True,3.92,True,80.62348381632634,40.75193806357537,6.391020544329292,5.264928185760554,2.390994278271285
methods,main,StepFBL1,Excitation torque,8103,28,True,True,3.92,True,73.51900614624057,40.34423786309531,5.985144825542819,4.701770527737284,2.382148594073163
methods,main,StepFBL1,Excitation torque,8103,29,True,True,3.92,True,66.81256596583516,40.14344286169237,5.349797705740503,4.124448125332885,2.2845072167385063
methods,main,StepFBL1,Excitation torque,8103,30,True,True,3.92,True,74.63021955947777,39.73957537198953,6.082244243891296,5.107891877803727,2.241942075157691
methods,main,StepFBL1,Excitation torque,8103,31,True,True,3.92,True,85.01599431977674,43.617746325170764,6.660018385136325,5.346762316997861,2.4641821853774
selection,primary,StepFBL1,Random windows,8101,0,False,False,1.64,True,109.07224488145536,47.942141824892694,6.980043212113081,6.617488385523474,1.9764439281475918
selection,primary,StepFBL1,Random windows,8101,1,False,False,1.94,True,86.62077530137587,41.874322543405135,5.026801585127039,4.990612351397792,1.8182545030866866
selection,primary,StepFBL1,Random windows,8101,2,False,False,1.8,True,93.00674902445942,44.81422929811901,5.718975153177105,5.4157752516380455,1.9390025434993416
selection,primary,StepFBL1,Random windows,8101,3,False,False,2.16,True,73.66250349207692,41.43368000158415,4.426159563475935,4.132948123861761,1.6985155144224544
selection,primary,StepFBL1,Random windows,8101,4,False,False,1.46,True,120.00018976742581,58.05535078993981,7.823588282779263,7.280548715575427,2.0955248202397523
selection,primary,StepFBL1,Random windows,8101,5,False,False,1.84,True,80.49607960197942,42.891595651125385,4.8275115136758675,4.660705841737992,1.7639646669164106
selection,primary,StepFBL1,Random windows,8101,6,False,False,1.7,True,94.90058184287595,46.50464827275094,5.707891859022959,5.6276299801911085,1.9080328270045543
selection,primary,StepFBL1,Random windows,8101,7,False,False,1.6,True,101.08166482984647,51.99843130298687,6.481841913227242,6.226855143239073,1.8904844043757614
selection,primary,StepFBL1,Random windows,8101,8,False,False,2.4,True,83.63112463231917,42.91815561166438,5.405364795902238,4.9111494931322675,1.83751385681658
selection,primary,StepFBL1,Random windows,8101,9,False,False,1.56,True,111.42937623908344,50.862082837834315,6.873378018680622,6.619965321156998,1.9296844101251327
selection,primary,StepFBL1,Random windows,8101,10,False,False,1.72,True,100.9707939155865,45.367483274614536,6.192477626104609,5.886039777823694,1.8708138072448126
selection,primary,StepFBL1,Random windows,8101,11,False,False,1.66,True,103.37188665132776,46.60636207539702,6.347770815280124,6.075081180431794,1.9769734608290663
selection,primary,StepFBL1,Random windows,8101,12,False,False,1.62,True,101.63623261985224,47.50155056729137,6.456708155532481,6.067889796049666,1.9180569598680428
selection,primary,StepFBL1,Random windows,8101,13,False,False,1.8,True,96.76335530653154,44.03666863380591,6.097488248665376,5.739047981761254,1.8649492763429618
selection,primary,StepFBL1,Random windows,8101,14,False,False,1.9,True,83.73735844889937,42.209562793175536,4.868932376308194,4.766551207689305,1.7734891625102027
selection,primary,StepFBL1,Random windows,8101,15,False,False,2.1,True,82.69833082481549,43.87536697626712,5.26469965255795,4.880076762580784,1.8773424744774225
selection,primary,StepFBL1,Random windows,8101,16,False,False,1.52,True,118.37102576203145,57.496686449749625,7.841998811224968,7.235926885229247,2.09102810737441
selection,primary,StepFBL1,Random windows,8101,17,False,False,1.7,True,93.04285252110532,45.94007317941839,5.6611182493547885,5.643421963623444,1.8531167842234137
selection,primary,StepFBL1,Random windows,8101,18,False,False,1.82,True,89.3011965719697,43.08827688725286,5.061629822929932,5.013149230564365,1.775689349481452
selection,primary,StepFBL1,Random windows,8101,19,False,False,1.48,True,113.28317832231079,52.809785580672155,6.801821932583862,6.7669582979466885,1.9705435099556186
selection,primary,StepFBL1,Random windows,8101,20,False,False,1.46,True,105.09893266941528,50.30571836766226,6.347458016952402,6.301121537657384,1.948317366248367
selection,primary,StepFBL1,Random windows,8101,21,False,False,1.6,True,108.80964995577683,49.45157581743948,6.841052616709878,6.416335875711175,1.9167174152988917
selection,primary,StepFBL1,Random windows,8101,22,False,False,1.6,True,108.37671243195778,48.81774286078729,7.026172241838388,6.650841188594166,2.0101824853668653
selection,primary,StepFBL1,Random windows,8101,23,False,False,1.54,True,114.898015496391,51.85918568300685,7.375972059672943,6.889606372240876,2.0267482688205716
selection,primary,StepFBL1,Random windows,8101,24,False,False,1.7,True,98.99901749796649,47.41456441721611,6.207680725077061,5.944682884627049,1.884752608580771
selection,primary,StepFBL1,Random windows,8101,25,False,False,1.5,True,119.32630483088975,53.905082248696246,7.5342299866789215,7.085904939154818,1.990777068869032
selection,primary,StepFBL1,Random windows,8101,26,False,False,1.72,True,90.6420626999256,46.14781219864547,5.566212985964241,5.533727258191043,1.8612166473412157
selection,primary,StepFBL1,Random windows,8101,27,False,False,1.46,True,108.84793922963728,51.49360362221712,6.699847202976948,6.635738408601617,1.9757142061981983
selection,primary,StepFBL1,Random windows,8101,28,False,False,1.54,True,104.75190754840672,52.0856464184063,6.455535570570897,6.2273932576208955,1.9596157103208516
selection,primary,StepFBL1,Random windows,8101,29,False,False,1.68,True,97.8468939760453,46.984965271698144,5.799030119178132,5.674106907796591,1.9516686298697221
selection,primary,StepFBL1,Random windows,8101,30,False,False,1.58,True,104.38293889174989,50.3110283838616,6.853621139247243,6.404436489619567,1.985501835027321
selection,primary,StepFBL1,Random windows,8101,31,False,False,1.74,True,94.12707680313945,44.75440369410537,5.714806073323037,5.636324532969451,1.898990480957415
selection,primary,StepFBL1,Random windows,8102,0,False,False,1.78,True,89.92136898698854,43.73004807581033,5.416869912952267,5.295915372721695,1.8619525234006669
selection,primary,StepFBL1,Random windows,8102,1,False,False,1.52,True,115.7992532725971,51.88140207592753,7.396595780956478,6.843233508909109,2.0485310565196975
selection,primary,StepFBL1,Random windows,8102,2,False,False,1.66,True,93.34966840869015,46.63820048005129,5.608169663556678,5.55455990618451,1.9263396706459457
selection,primary,StepFBL1,Random windows,8102,3,False,False,1.7,True,98.80779982124558,44.77606663462551,6.017761863209481,5.892590947736551,1.9119835180733278
selection,primary,StepFBL1,Random windows,8102,4,False,False,1.66,True,103.38192518809002,47.65704721011238,6.325531532934044,6.043385524835697,1.9821354851437498
selection,primary,StepFBL1,Random windows,8102,5,False,False,1.62,True,101.48014206055768,47.10382969475221,6.315911117134115,6.150259893599391,1.9663633300920322
selection,primary,StepFBL1,Random windows,8102,6,False,False,1.84,True,82.53318521119323,42.55432489364261,4.874399593935089,4.7081746829069075,1.7561831456719459
selection,primary,StepFBL1,Random windows,8102,7,False,False,1.52,True,107.98351476791312,53.579909907674875,6.791168329901619,6.547793070943195,1.9693972402247588
selection,primary,StepFBL1,Random windows,8102,8,False,False,1.7,True,97.39407846106214,46.59256819807396,6.212890236979056,5.9690376675092,1.8758708286728722
selection,primary,StepFBL1,Random windows,8102,9,False,False,1.44,True,117.76500294198541,56.69223048387799,7.441739709556093,7.125267983909525,2.052850858904095
selection,primary,StepFBL1,Random windows,8102,10,False,False,1.6,True,108.66141545940694,48.98560545815457,6.831179499038525,6.5635130807932915,2.012821952143628
selection,primary,StepFBL1,Random windows,8102,11,False,False,1.44,True,105.07434299063372,51.55023118754186,6.567821327937138,6.465009497727922,1.9737029488548792
selection,primary,StepFBL1,Random windows,8102,12,False,False,1.74,True,99.57180908118292,44.975907639538775,6.368805206693974,6.032316450730259,1.8820742459383537
selection,primary,StepFBL1,Random windows,8102,13,False,False,1.36,True,124.79941084451859,60.516581652792816,7.884523667193855,8.158417008562422,1.9517919687113627
selection,primary,StepFBL1,Random windows,8102,14,False,False,1.66,True,103.38709904045267,46.55717933158248,6.156198530439028,5.999783359832855,1.9209824370313524
selection,primary,StepFBL1,Random windows,8102,15,False,False,1.72,True,94.53894202378318,46.26851735349672,5.772369075759002,5.717791303481014,1.903351551178689
selection,primary,StepFBL1,Random windows,8102,16,False,False,2.36,True,72.98144179670352,41.42811917481325,4.123329530083321,3.8957020387947794,1.7356461665068972
selection,primary,StepFBL1,Random windows,8102,17,False,False,1.34,True,131.91757298937787,63.22571534614102,8.469238650020143,8.961454535067976,1.9909260447373425
selection,primary,StepFBL1,Random windows,8102,18,False,False,1.56,True,98.97787326433962,50.40490160847171,6.139935898224113,5.858970648866416,1.973552006074139
selection,primary,StepFBL1,Random windows,8102,19,False,False,1.68,True,93.27790571049906,47.534589889542815,5.58871282836069,5.547331917702973,1.8672809450770567
selection,primary,StepFBL1,Random windows,8102,20,False,False,1.6,True,99.87750430108831,47.9785801660271,6.118627902311825,6.0291532473202984,1.967720850793183
selection,primary,StepFBL1,Random windows,8102,21,False,False,1.66,True,100.2763793659204,47.28459093751588,6.126773371668084,5.961897453431064,1.9901892466639712
selection,primary,StepFBL1,Random windows,8102,22,False,False,1.66,True,104.63037882196632,46.12918156928699,6.538944104548129,6.216818038995881,1.8939905088838223
selection,primary,StepFBL1,Random windows,8102,23,False,False,1.7,True,92.46947917022048,45.610425904972615,5.567337482774041,5.512986532623152,1.867038807833681
selection,primary,StepFBL1,Random windows,8102,24,False,False,1.5,True,116.29801325621821,57.175933856653536,7.4094287521594655,6.949744764537348,2.061095437503792
selection,primary,StepFBL1,Random windows,8102,25,False,False,1.6,True,103.33737863515842,48.93839128830423,6.402131040062804,6.224987951619773,1.9751594561363264
selection,primary,StepFBL1,Random windows,8102,26,False,False,1.72,True,92.41416806464302,45.35173972982549,5.418759964920124,5.293194727612835,1.8526109201097822
selection,primary,StepFBL1,Random windows,8102,27,False,False,1.74,True,97.66604481262017,45.212148904238305,6.198827782227375,5.8834726998270135,1.8752430335725345
selection,primary,StepFBL1,Random windows,8102,28,False,False,1.6,True,104.96118763072712,49.68115965776751,6.847418206257233,6.495496660022515,1.9296672025003008
selection,primary,StepFBL1,Random windows,8102,29,False,False,1.68,True,100.44831124283574,46.910524515768316,6.103896971015884,5.9912915294676345,1.9488471167307126
selection,primary,StepFBL1,Random windows,8102,30,False,False,1.6,True,91.81145317268698,46.54848029538145,5.398979703959429,5.473801582243585,1.8070634524502514
selection,primary,StepFBL1,Random windows,8102,31,False,False,1.88,True,84.67959115534843,42.988986872680115,5.0828256814943,4.917976408630296,1.8239608034323185
selection,primary,StepFBL1,Random windows,8103,0,False,False,1.64,True,100.86906932905164,47.21698127823221,6.258676064992062,6.124576651926971,1.9507475805621475
selection,primary,StepFBL1,Random windows,8103,1,False,False,2.28,True,79.30381001464404,41.11451732565904,4.696145893498257,4.4446924492262765,1.8049326830999441
selection,primary,StepFBL1,Random windows,8103,2,False,False,1.34,True,128.09692672252783,60.83616330424397,8.235405368793366,8.337392185101669,2.1257917364474013
selection,primary,StepFBL1,Random windows,8103,3,False,False,1.7,True,89.25123908975567,46.107437107688604,5.252664821770768,5.228041434744899,1.7855643795855873
selection,primary,StepFBL1,Random windows,8103,4,False,False,1.66,True,98.53775570891152,47.53127602309078,6.164255538311458,6.052173488795537,1.9512314551133865
selection,primary,StepFBL1,Random windows,8103,5,False,False,2.0,True,84.77613026343558,42.08660060943356,4.9523691839487745,4.963115522645486,1.8153063129425546
selection,primary,StepFBL1,Random windows,8103,6,False,False,1.38,True,118.91908476662518,57.148187205310876,7.614763874208023,7.399812345987978,2.1290269454351245
selection,primary,StepFBL1,Random windows,8103,7,False,False,1.7,True,89.91406241060152,46.28903992379908,5.458373435575067,5.3687074021274315,1.79893003150052
selection,primary,StepFBL1,Random windows,8103,8,False,False,1.62,True,101.72232574207119,49.06018498772694,6.208361043920959,6.07608063313708,1.911487584055744
selection,primary,StepFBL1,Random windows,8103,9,False,False,1.58,True,100.57169068052053,50.22986728903415,6.082771130405116,5.9569141966127725,1.9556199586520202
selection,primary,StepFBL1,Random windows,8103,10,False,False,1.7,True,96.78008183080013,47.05686518327981,6.0822953195954055,5.809374614137495,1.9105428111306033
selection,primary,StepFBL1,Random windows,8103,11,False,False,1.56,True,114.03207585938539,50.96565339500187,7.2007090848982545,6.784364999173618,1.9772396516832424
selection,primary,StepFBL1,Random windows,8103,12,False,False,1.68,True,93.33945477737062,46.93466277849231,5.51531694603033,5.435983209274202,1.8527132135964814
selection,primary,StepFBL1,Random windows,8103,13,False,False,1.84,True,87.4874755476683,43.89934796932479,5.150657567326791,5.040428092684693,1.8048664839449933
selection,primary,StepFBL1,Random windows,8103,14,False,False,1.62,True,110.37829167783477,49.003018922255286,7.014893713851291,6.652771186161941,1.9591445359308453
selection,primary,StepFBL1,Random windows,8103,15,False,False,1.42,True,110.71026410455401,53.341656236735105,6.85185532380907,6.703032134640778,1.9621094958791572
selection,primary,StepFBL1,Random windows,8103,16,False,False,1.74,True,88.33732418504783,44.59223060991969,5.260607198666799,5.198988790780942,1.7703399138574236
selection,primary,StepFBL1,Random windows,8103,17,False,False,1.66,True,93.9889557574879,46.331220159780166,5.636033603796049,5.535970648953707,1.91774537648164
selection,primary,StepFBL1,Random windows,8103,18,False,False,1.66,True,101.8471033728243,47.270782762083726,6.359738052386643,6.165384732230943,1.9536650217676552
selection,primary,StepFBL1,Random windows,8103,19,False,False,2.14,True,90.23484683940106,42.1003751437682,5.416162502065092,5.247176073485069,1.8579493870729653
selection,primary,StepFBL1,Random windows,8103,20,False,False,1.78,True,89.88602625782322,44.55696671585029,5.217118422354614,5.238088012127121,1.7714359804369082
selection,primary,StepFBL1,Random windows,8103,21,False,False,1.56,True,110.38575709032867,49.9527488475401,6.833425477571668,6.62018910098703,1.9930030666494982
selection,primary,StepFBL1,Random windows,8103,22,False,False,1.64,True,102.60687756719534,47.1963106017269,6.097018940151081,6.087577934972801,1.9588442458841788
selection,primary,StepFBL1,Random windows,8103,23,False,False,1.62,True,98.53535962448103,48.22235023107249,5.9632029356327445,5.897137605348972,1.8853995616715846
selection,primary,StepFBL1,Random windows,8103,24,False,False,1.64,True,99.55931720305797,46.75178221614351,6.196720528444257,6.0380866007335765,1.9173120135198476
selection,primary,StepFBL1,Random windows,8103,25,False,False,1.46,True,108.96414856541406,50.16591266540261,6.7514160265524,6.619239408848755,2.0046399455994486
selection,primary,StepFBL1,Random windows,8103,26,False,False,1.72,True,95.547922934226,45.96420753977693,5.769119929967534,5.832128615979757,1.8820444951127757
selection,primary,StepFBL1,Random windows,8103,27,False,False,1.9,True,91.7649215454445,42.67202957976736,5.688453674980293,5.327454662612545,1.8510844453368125
selection,primary,StepFBL1,Random windows,8103,28,False,False,1.76,True,92.14678446203101,45.31704391687227,5.369385887527952,5.409154715544147,1.8083586209441878
selection,primary,StepFBL1,Random windows,8103,29,False,False,1.68,True,94.3813810352501,45.81635055874977,5.713657544748717,5.606655442619966,1.8930188409603361
selection,primary,StepFBL1,Random windows,8103,30,False,False,2.42,True,84.61184457572728,40.34771110976277,5.157194582187804,4.867609948309278,1.784110448187381
selection,primary,StepFBL1,Random windows,8103,31,False,False,1.62,True,105.73012036363093,48.22847482199163,6.633030084694357,6.3451987086497175,1.9323049931716183
selection,primary,StepFBL1,Servo-error coverage,8101,0,False,False,1.86,True,98.56515156081706,43.6219779577981,6.162898718942381,5.719013002616453,1.8846047148234093
selection,primary,StepFBL1,Servo-error coverage,8101,1,False,False,2.04,True,93.11057148189073,42.98543694691833,5.6099791766649405,5.29305966080692,1.7607700715795824
selection,primary,StepFBL1,Servo-error coverage,8101,2,False,False,1.78,True,103.26089047679419,43.27146241031388,6.351492409724291,5.88640031211287,1.8793916760402976
selection,primary,StepFBL1,Servo-error coverage,8101,3,False,False,2.06,True,88.01330330095082,42.426070620840704,5.432026827552664,5.050673683114321,1.6896051374747267
selection,primary,StepFBL1,Servo-error coverage,8101,4,False,False,1.54,True,118.31656688085008,50.91359341812289,7.795806592193507,6.903555238640179,2.140629532936043
selection,primary,StepFBL1,Servo-error coverage,8101,5,False,False,1.9,True,97.23182787974102,43.1830411604039,6.120362388122543,5.7133998741819765,1.8736452246005555
selection,primary,StepFBL1,Servo-error coverage,8101,6,False,False,1.76,True,109.16977349982437,44.92872637003096,6.762693338533133,6.160882908936682,1.9985590625180334
selection,primary,StepFBL1,Servo-error coverage,8101,7,False,False,1.52,True,117.68728156809364,56.58149740165497,7.884611947663246,6.804091850059777,2.0500907219335374
selection,primary,StepFBL1,Servo-error coverage,8101,8,False,False,1.7,True,109.2880513081539,44.638538877061,6.906030160924035,6.332682794593788,1.9113520020243864
selection,primary,StepFBL1,Servo-error coverage,8101,9,False,False,1.72,True,111.41896472920463,45.11194396746484,6.905758815860296,6.349001985366237,1.9119916958273195
selection,primary,StepFBL1,Servo-error coverage,8101,10,False,False,1.84,True,101.5823524410624,43.37732341835078,6.109086925667105,5.669811173638181,1.8285354103397
selection,primary,StepFBL1,Servo-error coverage,8101,11,False,False,1.88,True,100.93283620849066,42.85039355800305,6.113968750785458,5.6720689083912985,1.85150813362203
selection,primary,StepFBL1,Servo-error coverage,8101,12,False,False,1.76,True,105.15604494999154,43.80288820737992,6.612458766852754,6.0332815437872584,1.8378765061273556
selection,primary,StepFBL1,Servo-error coverage,8101,13,False,False,1.74,True,103.9614671117997,44.46270532348429,6.545557361901121,6.078405859157635,1.879953360245984
selection,primary,StepFBL1,Servo-error coverage,8101,14,False,False,1.76,True,106.10349032427926,44.28547125048096,6.562449872822329,6.094837814562544,1.8882192332267482
selection,primary,StepFBL1,Servo-error coverage,8101,15,False,False,1.6,True,116.08062040549291,48.081608400602384,7.388613205501972,6.664412256401915,2.004763434856902
selection,primary,StepFBL1,Servo-error coverage,8101,16,False,False,1.54,True,114.39934756969674,53.336406499495666,7.614124315465024,6.643047785994986,2.091672136456424
selection,primary,StepFBL1,Servo-error coverage,8101,17,False,False,1.68,True,106.61775418771805,45.57649318618948,6.769750011911855,6.22185620593044,1.88887992014574
selection,primary,StepFBL1,Servo-error coverage,8101,18,False,False,1.78,True,107.83570568631657,44.5529070314016,6.4872566230369735,6.058651661314124,1.8384758468104578
selection,primary,StepFBL1,Servo-error coverage,8101,19,False,False,1.74,True,118.26035673417421,45.88192657377008,7.281123161203806,6.72410816632547,1.9814971373424664
selection,primary,StepFBL1,Servo-error coverage,8101,20,False,False,1.76,True,106.19791098935228,44.16733596811663,6.607090507090537,6.063267193204343,1.9350597939814045
selection,primary,StepFBL1,Servo-error coverage,8101,21,False,False,1.62,True,112.35003602252043,47.373026557001914,6.964559891303536,6.3749821537720806,1.9632420887753794
selection,primary,StepFBL1,Servo-error coverage,8101,22,False,False,1.58,True,113.24877093109319,46.30004737986206,7.335384671707384,6.619959185252842,2.039339373093204
selection,primary,StepFBL1,Servo-error coverage,8101,23,False,False,1.62,True,112.40528844355245,46.61461299008338,7.171605946859715,6.370584074368857,1.9856829348360674
selection,primary,StepFBL1,Servo-error coverage,8101,24,False,False,1.56,True,109.70077810868345,46.72970037600318,7.041821184934442,6.423146470071201,1.9594929006968163
selection,primary,StepFBL1,Servo-error coverage,8101,25,False,False,1.6,True,117.06903607224353,49.040905456134716,7.472004863606925,6.696968619670599,2.0546097085431936
selection,primary,StepFBL1,Servo-error coverage,8101,26,False,False,1.68,True,108.95150680383009,46.16697656529435,7.000236349053278,6.301131297168698,1.968147507794144
selection,primary,StepFBL1,Servo-error coverage,8101,27,False,False,1.78,True,107.25356009636899,44.50405559991013,6.759883846282296,6.210757318262948,1.9210026862098137
selection,primary,StepFBL1,Servo-error coverage,8101,28,False,False,1.7,True,107.03798010258137,45.55729029250787,6.8460497169051395,6.104739801581917,1.974314439376034
selection,primary,StepFBL1,Servo-error coverage,8101,29,False,False,1.76,True,104.85436922050376,44.88699223308001,6.463030473830075,6.018622513866496,1.9659552037606474
selection,primary,StepFBL1,Servo-error coverage,8101,30,False,False,1.56,True,110.56687729613165,48.380405690358764,7.34053510571074,6.397225617765686,2.0498341653062284
selection,primary,StepFBL1,Servo-error coverage,8101,31,False,False,2.02,True,92.85253641322117,43.33824504753569,5.720029152982772,5.3493119430563345,1.7399046324366851
selection,primary,StepFBL1,Servo-error coverage,8102,0,False,False,1.72,True,107.93733801154484,44.87537679299722,6.809682467355065,6.223175732862463,1.9153880096880402
selection,primary,StepFBL1,Servo-error coverage,8102,1,False,False,1.56,True,107.62749592835893,45.2294497520413,6.800757952873559,6.146826739620935,1.949209525025718
selection,primary,StepFBL1,Servo-error coverage,8102,2,False,False,1.68,True,108.29833854351155,45.99383318657041,6.789114801119778,6.178453958726469,1.9175635817746963
selection,primary,StepFBL1,Servo-error coverage,8102,3,False,False,1.88,True,103.54749600303823,43.64767407512462,6.380222051384342,5.913676696261392,1.873018104908145
selection,primary,StepFBL1,Servo-error coverage,8102,4,False,False,1.76,True,105.10177378207318,43.867278451998686,6.398239000253029,5.867833572422317,1.8783829763551603
selection,primary,StepFBL1,Servo-error coverage,8102,5,False,False,1.66,True,108.5351937866645,45.00121289332938,6.839640356077142,6.183177311291176,1.8794223377502426
selection,primary,StepFBL1,Servo-error coverage,8102,6,False,False,1.8,True,100.28010755818659,43.17589183763786,6.219668693269388,5.787519210530044,1.856580093427943
selection,primary,StepFBL1,Servo-error coverage,8102,7,False,False,1.62,True,109.01769757652411,45.51369341301719,6.970530077208442,6.264235442107272,1.9589749258215163
selection,primary,StepFBL1,Servo-error coverage,8102,8,False,False,1.6,True,104.46094633260917,45.92587901254902,6.730542264319169,6.162190589425996,1.9289805780628073
selection,primary,StepFBL1,Servo-error coverage,8102,9,False,False,1.58,True,117.99188887778674,48.53063095034037,7.621468309927143,6.749519180554109,2.0962783871673363
selection,primary,StepFBL1,Servo-error coverage,8102,10,False,False,1.72,True,111.894759441959,44.61561056039902,7.034683575749448,6.401761309876686,1.9108730560821945
selection,primary,StepFBL1,Servo-error coverage,8102,11,False,False,1.56,True,114.21598281716598,49.88022020307927,7.458356561660995,6.5274728440872885,2.0776024521703143
selection,primary,StepFBL1,Servo-error coverage,8102,12,False,False,1.72,True,101.39441928424915,44.0578816624071,6.4126700894264514,5.905029985105449,1.8994411998881482
selection,primary,StepFBL1,Servo-error coverage,8102,13,False,False,1.62,True,115.97246417609898,48.20099467955502,7.457955270347278,6.562742171874893,2.0164296310009133
selection,primary,StepFBL1,Servo-error coverage,8102,14,False,False,1.76,True,108.63498603647716,43.80755786347703,6.611217461836532,6.114373755718642,1.9035006247649295
selection,primary,StepFBL1,Servo-error coverage,8102,15,False,False,1.76,True,110.57539404895748,44.80583645757658,6.9399159049740815,6.397342523679424,1.9186224892929864
selection,primary,StepFBL1,Servo-error coverage,8102,16,False,False,1.94,True,93.4542921705561,43.12728413424651,5.680012482549572,5.451827883293234,1.7698954046104625
selection,primary,StepFBL1,Servo-error coverage,8102,17,False,False,1.6,True,119.89419933461038,51.6615979080074,7.900615962379476,6.784776855852831,2.158892285017249
selection,primary,StepFBL1,Servo-error coverage,8102,18,False,False,1.54,True,113.60630368051207,49.42763562203245,7.346844369875834,6.465399136845397,2.070099979704289
selection,primary,StepFBL1,Servo-error coverage,8102,19,False,False,1.66,True,111.07246824029302,46.392510964771965,6.967438290674474,6.247211274413976,1.9820187021102313
selection,primary,StepFBL1,Servo-error coverage,8102,20,False,False,1.68,True,110.77327671345283,45.71759652855469,6.973668457320898,6.357751760546056,1.8973346927239547
selection,primary,StepFBL1,Servo-error coverage,8102,21,False,False,1.84,True,102.73279886403463,43.29540042336608,6.318142518947282,5.870645113123772,1.8713798337443803
selection,primary,StepFBL1,Servo-error coverage,8102,22,False,False,1.8,True,104.46955125159975,43.620127494182654,6.426967391248116,5.967615698440776,1.8549334234828545
selection,primary,StepFBL1,Servo-error coverage,8102,23,False,False,1.88,True,99.40712512824803,43.42574421500711,6.1493461240642535,5.755885244963635,1.82324903835634
selection,primary,StepFBL1,Servo-error coverage,8102,24,False,False,1.56,True,118.5518864283119,51.27328099355623,7.707212926232617,6.77191048642824,2.0982907868189415
selection,primary,StepFBL1,Servo-error coverage,8102,25,False,False,1.72,True,108.47301322294474,44.73432614825934,6.94723173295998,6.2417143989589245,1.973333029592994
selection,primary,StepFBL1,Servo-error coverage,8102,26,False,False,1.76,True,103.86118935190845,43.67984425446351,6.281954956069907,5.845148421741515,1.8411124285227956
selection,primary,StepFBL1,Servo-error coverage,8102,27,False,False,1.72,True,100.58614314849692,44.17899820584382,6.389923057061596,5.913674055380246,1.8837436056984886
selection,primary,StepFBL1,Servo-error coverage,8102,28,False,False,1.66,True,105.88289495482184,46.125122397284365,6.972665842732827,6.264445099040912,1.9814199303071394
selection,primary,StepFBL1,Servo-error coverage,8102,29,False,False,1.74,True,110.78565011133522,44.74247534378082,6.960957537928755,6.3844741759711665,1.9157076013062908
selection,primary,StepFBL1,Servo-error coverage,8102,30,False,False,1.8,True,104.64020268441948,44.3879681605418,6.475398850390509,6.010403479005613,1.9004510773889725
selection,primary,StepFBL1,Servo-error coverage,8102,31,False,False,1.76,True,107.60182400630399,44.36902876197581,6.802018052779343,6.260338529706637,1.8784152870728552
selection,primary,StepFBL1,Servo-error coverage,8103,0,False,False,1.76,True,106.742731707057,44.38139363758494,6.7705648003920835,6.199101455434238,1.9019716893188647
selection,primary,StepFBL1,Servo-error coverage,8103,1,False,False,1.9,True,97.74805811935322,43.144939030274394,5.994984290978114,5.724574587852356,1.8076106795611016
selection,primary,StepFBL1,Servo-error coverage,8103,2,False,False,1.62,True,115.69841997017852,47.58943137421997,7.469342936288692,6.6126805743401755,2.062825588664442
selection,primary,StepFBL1,Servo-error coverage,8103,3,False,False,1.88,True,96.83581222961615,43.41908045185287,5.903852870983515,5.515451581853713,1.7933184833968296
selection,primary,StepFBL1,Servo-error coverage,8103,4,False,False,1.68,True,110.6730228547485,46.28661829127102,7.179455451363028,6.473220765978387,1.953979030176968
selection,primary,StepFBL1,Servo-error coverage,8103,5,False,False,1.96,True,99.68814768347646,42.94858121609326,6.037998388234592,5.668843689591409,1.8195397553711266
selection,primary,StepFBL1,Servo-error coverage,8103,6,False,False,1.58,True,117.08708489618348,49.58925273005113,7.655333081378194,6.767771825841966,2.1002518781004276
selection,primary,StepFBL1,Servo-error coverage,8103,7,False,False,1.7,True,107.12514064001235,46.28484697512283,6.878692026507159,6.279610059217279,1.919730996464446
selection,primary,StepFBL1,Servo-error coverage,8103,8,False,False,1.68,True,111.15559849145343,47.78240117408537,6.998968236262721,6.348837738975148,1.922672100504249
selection,primary,StepFBL1,Servo-error coverage,8103,9,False,False,1.62,True,115.131495264773,48.05026314647275,7.224097638200752,6.47818112790596,1.9447113246043797
selection,primary,StepFBL1,Servo-error coverage,8103,10,False,False,1.64,True,107.0969598691332,48.70226398577848,6.896469850438366,6.223769429418352,1.937313591872704
selection,primary,StepFBL1,Servo-error coverage,8103,11,False,False,1.58,True,107.27225425898092,45.875654716858776,6.682157583436554,6.177183518133731,1.908553822831938
selection,primary,StepFBL1,Servo-error coverage,8103,12,False,False,1.8,True,100.10608449756158,45.13676341867408,6.145974860481555,5.780647674617767,1.8209156645842075
selection,primary,StepFBL1,Servo-error coverage,8103,13,False,False,1.74,True,109.8158241746236,44.69294814582792,6.855841455760446,6.284002633450278,1.8793362779152016
selection,primary,StepFBL1,Servo-error coverage,8103,14,False,False,1.76,True,106.8956661311743,44.5542330503647,6.737285244698824,6.21505999416199,1.8894829351032518
selection,primary,StepFBL1,Servo-error coverage,8103,15,False,False,1.78,True,103.60592968974332,43.964089627167425,6.55042809525012,5.984469932861024,1.9002231745784766
selection,primary,StepFBL1,Servo-error coverage,8103,16,False,False,1.72,True,109.68567314768468,45.93223711060767,6.961845099791831,6.426502969315967,1.9170453238768317
selection,primary,StepFBL1,Servo-error coverage,8103,17,False,False,1.68,True,110.73010560508433,46.20389417134439,6.953607250812527,6.279363215270818,1.9416759542354167
selection,primary,StepFBL1,Servo-error coverage,8103,18,False,False,1.7,True,109.5661348979955,44.782325684564505,6.967664940880378,6.290071861127025,1.9031465152894205
selection,primary,StepFBL1,Servo-error coverage,8103,19,False,False,1.76,True,112.83205657138943,45.08515881778319,6.960434073989756,6.451410606643251,1.9335951270608944
selection,primary,StepFBL1,Servo-error coverage,8103,20,False,False,1.78,True,106.5952432249825,44.197929306897365,6.570587661371094,6.115019501780959,1.879119670779493
selection,primary,StepFBL1,Servo-error coverage,8103,21,False,False,1.64,True,111.89211346609099,45.933420507024216,6.991204780061986,6.365519484693705,1.92587437829528
selection,primary,StepFBL1,Servo-error coverage,8103,22,False,False,1.72,True,113.93722109693753,45.755133430139196,7.043048384418223,6.521657800732154,1.969062974783367
selection,primary,StepFBL1,Servo-error coverage,8103,23,False,False,1.68,True,109.46258228806057,45.550079348862255,6.912458193305311,6.2459507006225365,1.8912350982887836
selection,primary,StepFBL1,Servo-error coverage,8103,24,False,False,1.96,True,93.99473772373945,43.876969848098405,5.889125477605644,5.4253324216497205,1.816137751869833
selection,primary,StepFBL1,Servo-error coverage,8103,25,False,False,1.6,True,114.60645545850373,46.36783435440469,7.249260208508912,6.574244814739667,1.9292590313750497
selection,primary,StepFBL1,Servo-error coverage,8103,26,False,False,1.74,True,104.95378585316757,45.201284161033435,6.613776801631734,6.188657600709015,1.942409909553458
selection,primary,StepFBL1,Servo-error coverage,8103,27,False,False,1.88,True,98.92197534745638,42.95905041109549,6.059666169130199,5.62180821776763,1.8119101878005406
selection,primary,StepFBL1,Servo-error coverage,8103,28,False,False,1.78,True,108.75160103436276,44.600267790338386,6.670067349510852,6.1656675188174965,1.9363402427939027
selection,primary,StepFBL1,Servo-error coverage,8103,29,False,False,1.8,True,101.82770425435231,43.46385845068636,6.372314009506885,5.846403049978026,1.8850580052141324
selection,primary,StepFBL1,Servo-error coverage,8103,30,False,False,1.8,True,99.94704669677938,44.463364204639085,6.153886133925981,5.774312394004985,1.8377581061525499
selection,primary,StepFBL1,Servo-error coverage,8103,31,False,False,1.74,True,108.7946460506014,44.57602285715276,6.9092508294041135,6.3213628626782175,1.9425466285191864
selection,primary,StepFBL1,FT-only,8101,0,False,False,2.76,True,76.50654264758036,38.60106460038866,4.663034852441787,4.0692432845304625,1.9069548261553133
selection,primary,StepFBL1,FT-only,8101,1,True,False,3.92,True,69.08186042592183,37.98377369220847,3.801118712555698,3.4573041274380385,1.7056873955462473
selection,primary,StepFBL1,FT-only,8101,2,False,False,2.48,True,80.35974812661401,39.26281215835545,4.860292947102543,4.280900422793807,1.8510352589392582
selection,primary,StepFBL1,FT-only,8101,3,False,False,2.86,True,75.11426395812758,38.82917282424876,4.7482233493747925,3.937983211275183,1.7795211557829904
selection,primary,StepFBL1,FT-only,8101,4,False,False,1.94,True,85.79477534336948,43.821350926112046,5.556946466641563,4.998105046956888,1.9238437601868905
selection,primary,StepFBL1,FT-only,8101,5,False,False,2.86,True,69.88133976797691,37.32838458965114,4.101643388305825,3.555816733060628,1.7571474777953422
selection,primary,StepFBL1,FT-only,8101,6,False,False,2.34,True,75.89928289240646,38.192248081761136,4.353967112215877,3.8673455656558198,1.7897957005558138
selection,primary,StepFBL1,FT-only,8101,7,False,False,1.84,True,86.20337977655869,43.42680223690194,5.483044063559294,5.085882445035686,1.8526827465863078
selection,primary,StepFBL1,FT-only,8101,8,False,False,2.66,True,77.00967351372182,38.660646679083605,4.613519404317362,4.080789226232241,1.8012640499131707
selection,primary,StepFBL1,FT-only,8101,9,False,False,2.54,True,78.13591008313801,39.04258946913858,4.5185072891252105,3.9787303195789683,1.7896930223228211
selection,primary,StepFBL1,FT-only,8101,10,False,False,2.82,True,78.48354236465633,39.366688143408865,4.4301981642907124,3.876919736043503,1.7774592862952863
selection,primary,StepFBL1,FT-only,8101,11,False,False,2.84,True,77.09698636842694,38.858746209956315,4.490200539937102,3.9316830086548236,1.8216951598117472
selection,primary,StepFBL1,FT-only,8101,12,False,False,2.66,True,78.87666301381189,38.85391616914179,4.90487994965309,4.244762242678543,1.802999015469459
selection,primary,StepFBL1,FT-only,8101,13,False,False,2.82,True,77.75784953588962,39.64759808414187,4.781435468851225,3.982624437609856,1.803971146781728
selection,primary,StepFBL1,FT-only,8101,14,False,False,3.06,True,70.34535882494883,37.42763054388539,3.970224766603702,3.446270260498022,1.7354041523731598
selection,primary,StepFBL1,FT-only,8101,15,False,False,1.82,True,85.90685369857404,44.00873393323357,5.2162830226254355,4.797551666465827,1.941106608407884
selection,primary,StepFBL1,FT-only,8101,16,False,False,1.86,True,85.40385143412014,42.69980292353651,5.48502466237786,4.978590224287493,1.9227959098107583
selection,primary,StepFBL1,FT-only,8101,17,False,False,2.3,True,79.25032445617666,40.224948921337635,4.723979876164496,4.225628515751421,1.7986016881841247
selection,primary,StepFBL1,FT-only,8101,18,False,False,2.8,True,76.09429456561242,39.372253817349794,4.100899647676066,3.629974562158683,1.7220287661172726
selection,primary,StepFBL1,FT-only,8101,19,False,False,2.6,True,77.72274582101474,39.39942981574027,4.3964897625022,3.936623169687339,1.811135882038999
selection,primary,StepFBL1,FT-only,8101,20,False,False,2.48,True,78.63915065571398,38.87406239308667,4.793221652280263,4.235067863287427,1.8545867270093386
selection,primary,StepFBL1,FT-only,8101,21,False,False,2.16,True,86.85915712147323,41.38676624771496,5.271739004174467,4.696760647378403,1.8710786751660338
selection,primary,StepFBL1,FT-only,8101,22,False,False,1.9,True,95.06422325782982,43.998896367222436,6.129628677628201,5.424166963334083,1.9526323307974434
selection,primary,StepFBL1,FT-only,8101,23,False,False,2.1,True,84.6826102714299,41.81364472000926,5.2185049962996715,4.684972833385027,1.8831781293275167
selection,primary,StepFBL1,FT-only,8101,24,False,False,1.98,True,85.28307707103444,41.98599949248156,5.184790214327467,4.750188036117105,1.8710118219348368
selection,primary,StepFBL1,FT-only,8101,25,False,False,1.54,True,90.47071648783476,45.01460219553333,5.327324090524724,5.0082994142230906,1.911621647606864
selection,primary,StepFBL1,FT-only,8101,26,False,False,2.06,True,82.54824096913754,41.205281972953735,4.970951475251339,4.512659145324435,1.8548322979924385
selection,primary,StepFBL1,FT-only,8101,27,False,False,2.46,True,77.86538254529798,38.56086499103094,4.5968939219842095,4.125031058780484,1.8075503716886467
selection,primary,StepFBL1,FT-only,8101,28,False,False,1.92,True,79.36187185619072,41.320720778782594,4.742979260772728,4.277181530151725,1.8546767529189703
selection,primary,StepFBL1,FT-only,8101,29,False,False,2.62,True,76.34946734572164,39.31135770774984,4.360160112018205,3.8424313000236,1.7936853335696885
selection,primary,StepFBL1,FT-only,8101,30,False,False,1.92,True,80.37624737548767,42.44497902869362,5.049802374689623,4.548600105177455,1.873061631467199
selection,primary,StepFBL1,FT-only,8101,31,False,False,2.34,True,78.79786729944588,39.95907237273054,4.561148638768319,4.110827705646781,1.7846154212407548
selection,primary,StepFBL1,FT-only,8102,0,False,False,2.6,True,78.52378883696402,39.83383758151044,4.7007729485253895,4.150905755327416,1.8262513305471004
selection,primary,StepFBL1,FT-only,8102,1,False,False,2.02,True,91.2410057942732,42.54890414885806,5.780547078619404,5.155889064252153,1.9396977260806807
selection,primary,StepFBL1,FT-only,8102,2,False,False,2.38,True,75.04724890323482,37.76500411032599,4.412594325262882,3.9573969147277364,1.7626425761568705
selection,primary,StepFBL1,FT-only,8102,3,True,True,3.92,True,69.59100175548005,36.554309210511875,4.039036953058617,3.341561885022998,1.7406538405993897
selection,primary,StepFBL1,FT-only,8102,4,False,False,2.48,True,81.10555741946013,40.61895440189542,4.758960401207307,4.153712221962943,1.8405830076111167
selection,primary,StepFBL1,FT-only,8102,5,False,False,1.98,True,80.04348807092762,39.97956119911903,4.612212665337389,4.185730358809134,1.82555749089228
selection,primary,StepFBL1,FT-only,8102,6,False,False,3.58,True,68.04222588721807,37.00778852328694,3.88948410205063,3.3573526129042772,1.7232234749950937
selection,primary,StepFBL1,FT-only,8102,7,False,False,2.34,True,79.45824707153481,41.21179889469537,4.830891828663285,4.288618414787687,1.850276737618658
selection,primary,StepFBL1,FT-only,8102,8,False,False,2.76,True,72.50699916232578,38.27231815559812,4.440708704753645,3.8371854847358993,1.8221232344229934
selection,primary,StepFBL1,FT-only,8102,9,False,False,1.6,True,83.43470701812811,43.61068000078202,4.893188443418593,4.470228412329115,1.84909638701813
selection,primary,StepFBL1,FT-only,8102,10,False,False,2.22,True,83.2612723277174,41.22794821784986,4.951790743864297,4.433777880230018,1.8561499770533147
selection,primary,StepFBL1,FT-only,8102,11,False,False,1.54,True,87.45318743548064,45.29817656926859,5.283119354707832,4.870020549826461,1.8695756336905256
selection,primary,StepFBL1,FT-only,8102,12,False,False,2.72,True,74.01261193941352,39.08059668502625,4.486569732868058,3.8908531599765666,1.8133191370291575
selection,primary,StepFBL1,FT-only,8102,13,False,False,1.54,True,89.46656910572187,46.82918178343112,5.204342871834874,4.738616220845621,1.8509515014560138
selection,primary,StepFBL1,FT-only,8102,14,False,False,2.42,True,87.10957958430902,39.46640967708865,5.348516445468729,4.716747464150767,1.8650834577203905
selection,primary,StepFBL1,FT-only,8102,15,False,False,2.2,True,81.81316914297774,40.49483045045934,4.735391383137745,4.321294327551285,1.8274982947253178
selection,primary,StepFBL1,FT-only,8102,16,False,False,2.22,True,80.69422014202667,39.492742411444,4.736526502834639,4.3000237525509375,1.8662321389138026
selection,primary,StepFBL1,FT-only,8102,17,False,False,1.7,True,89.27931387587873,46.1191982563715,5.256841315434003,4.771931007064353,1.9050839308623322
selection,primary,StepFBL1,FT-only,8102,18,False,False,1.72,True,98.84636833333018,45.796158892626124,6.17942039412945,5.6254877483233905,1.9427207897186158
selection,primary,StepFBL1,FT-only,8102,19,False,False,2.32,True,73.37287876963308,39.38856211118015,4.244736922783672,3.8034348876313047,1.785256860917634
selection,primary,StepFBL1,FT-only,8102,20,False,False,2.72,True,73.22202337190252,37.137940065717686,4.329683269949997,3.7961092488566015,1.7891927813586261
selection,primary,StepFBL1,FT-only,8102,21,True,False,3.92,True,73.07436215973745,36.909135497359614,4.1961191939552185,3.642500532024173,1.7924330092417509
selection,primary,StepFBL1,FT-only,8102,22,False,False,3.24,True,75.53356608003776,37.02695485723163,4.44793052231209,3.857345193151522,1.789730059058073
selection,primary,StepFBL1,FT-only,8102,23,False,False,2.7,True,70.5244197295502,38.44600232391199,3.938181383215825,3.531890742722367,1.7141498566827125
selection,primary,StepFBL1,FT-only,8102,24,False,False,1.82,True,81.61305244928074,42.83949013248498,4.931261742905473,4.544045276203339,1.8305867641129845
selection,primary,StepFBL1,FT-only,8102,25,False,False,1.88,True,80.21907964234906,41.67403199227971,4.6580079410980675,4.2048472981303595,1.8523054778034584
selection,primary,StepFBL1,FT-only,8102,26,False,False,2.58,True,75.77358719242827,37.4207970782482,4.366680121173936,3.8941660252384063,1.7810099245251834
selection,primary,StepFBL1,FT-only,8102,27,False,False,2.9,True,75.48138896776946,39.070385725635276,4.640460852388557,3.9483897612994125,1.7962982460028174
selection,primary,StepFBL1,FT-only,8102,28,False,False,2.2,True,76.14406974712568,39.21215139997606,4.6288463976134695,4.156987577803434,1.8508255341205437
selection,primary,StepFBL1,FT-only,8102,29,False,False,2.36,True,80.36372921389021,39.32983075287399,4.802759560673586,4.2561206867541825,1.8405608382035479
selection,primary,StepFBL1,FT-only,8102,30,False,False,2.4,True,76.23169047070738,38.59150680261581,4.349748860782257,3.8951096526624185,1.7462100345299822
selection,primary,StepFBL1,FT-only,8102,31,False,False,2.58,True,77.19663883745224,39.37066434386295,4.579152128481624,3.9515045573819676,1.7828596132513104
selection,primary,StepFBL1,FT-only,8103,0,False,False,2.64,True,73.53096506952163,38.21609866357189,4.229569984064947,3.7251392519436157,1.7748132143958544
selection,primary,StepFBL1,FT-only,8103,1,True,True,3.92,True,61.4460961301702,36.219076624294075,3.63778244722177,2.7716274819111906,1.7376527149398777
selection,primary,StepFBL1,FT-only,8103,2,False,False,1.8,True,83.44145556110291,43.707014342305875,4.975490006468349,4.5510409565776975,1.8093493757848522
selection,primary,StepFBL1,FT-only,8103,3,False,False,1.86,True,83.49078050732301,41.48986710960239,4.800996428567715,4.408502913533913,1.8070481885665592
selection,primary,StepFBL1,FT-only,8103,4,False,False,2.14,True,80.31395125556831,40.84316965918286,4.8113962420391605,4.3570761544017325,1.8570691329307725
selection,primary,StepFBL1,FT-only,8103,5,True,True,3.92,True,64.2174145124739,38.59184375259549,3.526371118044503,3.074559050962439,1.6538877642825909
selection,primary,StepFBL1,FT-only,8103,6,False,False,2.12,True,80.41801246681658,41.441205300778165,4.966799608591831,4.438254264475679,1.834494401364731
selection,primary,StepFBL1,FT-only,8103,7,False,False,1.92,True,82.01958201170433,40.630929894310796,4.976792300061941,4.587554693157173,1.8329411286405615
selection,primary,StepFBL1,FT-only,8103,8,False,False,2.04,True,81.34619174509692,41.11331592587184,4.716847940342606,4.409421231180607,1.7912678611132573
selection,primary,StepFBL1,FT-only,8103,9,False,False,1.34,True,129.80035306524084,65.78453360850915,7.985712056841053,7.673453028345533,2.1129448070308525
selection,primary,StepFBL1,FT-only,8103,10,False,False,2.2,True,84.7740851471149,40.39868311259735,5.304460712938933,4.726097912724306,1.8460727772273882
selection,primary,StepFBL1,FT-only,8103,11,False,False,2.4,True,78.95180413533106,39.87941656579592,4.687773361238577,4.2568482910247845,1.853978047968639
selection,primary,StepFBL1,FT-only,8103,12,False,False,2.2,True,77.65279463889249,38.853786049770065,4.573135410556509,4.189949545336963,1.7637329306135465
selection,primary,StepFBL1,FT-only,8103,13,False,False,2.56,True,76.60355434198233,39.00627578574661,4.325085354737323,3.8567426524253046,1.7570656482791307
selection,primary,StepFBL1,FT-only,8103,14,False,False,2.66,True,76.48276666618217,39.02658679309669,4.628052556431707,4.045249350055384,1.8256576035713088
selection,primary,StepFBL1,FT-only,8103,15,False,False,2.46,True,74.46351628885651,38.768348045557715,4.343589082784841,3.8531392141054743,1.7870619206909102
selection,primary,StepFBL1,FT-only,8103,16,False,False,2.22,True,78.8939284318181,39.28515427085066,4.61198289717339,4.187617178638812,1.7850699680507418
selection,primary,StepFBL1,FT-only,8103,17,False,False,2.54,True,73.10239476073838,38.65713034053107,4.063851509189064,3.651468290294514,1.7344217170908953
selection,primary,StepFBL1,FT-only,8103,18,False,False,2.34,True,79.85057990573033,39.73972536456486,4.651629531513223,4.229864427629538,1.8342128647220324
selection,primary,StepFBL1,FT-only,8103,19,False,False,2.38,True,81.39082869937985,39.87603420195677,4.53203673201835,4.113700950648126,1.7697433045981323
selection,primary,StepFBL1,FT-only,8103,20,False,False,2.38,True,77.53643231493612,38.03987245526747,4.481370359180914,4.03338184217442,1.779253461090031
selection,primary,StepFBL1,FT-only,8103,21,False,False,1.84,True,86.97893038486166,43.744652791449134,5.029727370334664,4.6530490988233,1.9082479431328718
selection,primary,StepFBL1,FT-only,8103,22,False,False,2.38,True,79.46700215513246,40.00143551242358,4.472237154763636,4.015381945121979,1.7914624289860641
selection,primary,StepFBL1,FT-only,8103,23,False,False,2.1,True,84.84812607330413,43.23167630150959,4.984025272240507,4.591737164425658,1.8414520814452997
selection,primary,StepFBL1,FT-only,8103,24,False,False,2.48,True,73.17669795719111,38.03928394717555,4.315309126565217,3.8598483288117373,1.77111493798895
selection,primary,StepFBL1,FT-only,8103,25,False,False,2.14,True,82.77939463680504,40.97439034440616,4.823782204366615,4.409532711479923,1.8339684108720635
selection,primary,StepFBL1,FT-only,8103,26,False,False,2.46,True,77.91272326100362,40.559910665033165,4.642450259194092,4.172811633598624,1.8439742055315511
selection,primary,StepFBL1,FT-only,8103,27,True,True,3.92,True,68.80843313829153,36.522614598376265,4.016625203167554,3.3262960348141672,1.7595273053231435
selection,primary,StepFBL1,FT-only,8103,28,False,False,2.5,True,78.95558953420537,39.39202379748723,4.39312637100305,3.9670649450880697,1.7783746114864496
selection,primary,StepFBL1,FT-only,8103,29,False,False,2.36,True,74.58772407458883,38.16517877937508,4.3720608868690185,3.8998643802620934,1.7898163699454732
selection,primary,StepFBL1,FT-only,8103,30,True,True,3.92,True,68.84652311911387,37.34548714320982,4.148667189912047,3.236200300265906,1.7266799999331128
selection,primary,StepFBL1,FT-only,8103,31,False,False,2.44,True,80.43536610565226,40.024037684112926,4.928399523058455,4.314096621676054,1.8868736635752767
selection,repeat,StepFBL1,Random windows,8101,0,False,False,1.82,True,81.41870052037794,45.42158963382853,5.091851686139897,4.683787193180987,1.9224774129578586
selection,repeat,StepFBL1,Random windows,8101,1,True,True,3.92,True,76.03072584711522,44.74838536246483,4.010261653985911,3.6770008493264643,1.7246541534770785
selection,repeat,StepFBL1,Random windows,8101,2,False,False,2.36,True,95.09185193131273,46.37828986345755,6.242093258602376,5.595018020970897,1.986020817002391
selection,repeat,StepFBL1,Random windows,8101,3,True,True,3.92,True,59.7737265878108,45.43760764417072,3.0363779495024676,2.624245662542934,1.501818681888292
selection,repeat,StepFBL1,Random windows,8101,4,False,False,1.64,True,119.04684203868908,64.39578157067544,8.983637928160089,7.463345162990212,2.51766694433654
selection,repeat,StepFBL1,Random windows,8101,5,True,True,3.92,True,68.15734259461054,44.88301853499116,3.600770132631883,3.2147553710420893,1.6732403953070971
selection,repeat,StepFBL1,Random windows,8101,6,False,False,2.68,True,87.16778111531642,45.375705361863815,5.376436291104867,4.930373231123663,1.922504768505863
selection,repeat,StepFBL1,Random windows,8101,7,False,False,1.94,True,69.45172945474943,45.27088166837338,4.228849733949398,3.929529489881474,1.6949398382246494
selection,repeat,StepFBL1,Random windows,8101,8,False,False,2.16,True,77.29714741894487,44.70702018582283,4.833720778906071,4.325216951987781,1.8315093848101203
selection,repeat,StepFBL1,Random windows,8101,9,False,False,1.78,True,89.14213199751362,46.08905492967903,5.468110425793336,5.122808934147118,1.9144646893473438
selection,repeat,StepFBL1,Random windows,8101,10,False,False,2.6,True,76.4500428275894,44.02101300757463,4.4364269983020765,4.033908671408459,1.7936736452452098
selection,repeat,StepFBL1,Random windows,8101,11,False,False,2.7,True,85.29128706327246,45.089818577648295,5.281496659765616,4.8400835988116855,1.8843218925982481
selection,repeat,StepFBL1,Random windows,8101,12,False,False,1.7,True,86.11743718384565,45.552225429855945,5.780023285553294,5.400270235249291,1.9432984175843708
selection,repeat,StepFBL1,Random windows,8101,13,False,False,2.12,True,76.65918999370128,43.39017379615775,4.824411198876436,4.41280972362864,1.803581150632397
selection,repeat,StepFBL1,Random windows,8101,14,True,True,3.92,True,74.07908222757494,45.46959263829902,3.821155573911275,3.5103642861911113,1.696863127546262
selection,repeat,StepFBL1,Random windows,8101,15,False,False,2.16,True,104.94739592056128,52.37911417879445,7.186824455451398,6.2555409852846795,2.0404987327081865
selection,repeat,StepFBL1,Random windows,8101,16,False,False,1.8,True,104.89419113411643,60.1133170913101,7.495748938084257,6.1963847181332,2.148959227548611
selection,repeat,StepFBL1,Random windows,8101,17,False,False,1.9,True,83.01088847124261,49.32753952848811,5.021528044778387,4.575707746742511,1.883953742929545
selection,repeat,StepFBL1,Random windows,8101,18,True,True,3.92,True,75.80459876184425,46.01267680832093,3.998279638948705,3.6328941168242204,1.7868731519313585
selection,repeat,StepFBL1,Random windows,8101,19,False,False,3.14,True,89.96298237770218,45.41535790351097,5.473732856795416,4.991145792650245,1.9179913168239933
selection,repeat,StepFBL1,Random windows,8101,20,True,True,3.92,True,77.6486465134193,45.24139660451277,4.067033723425236,3.7151336659293994,1.7367493927905888
selection,repeat,StepFBL1,Random windows,8101,21,False,False,1.9,True,90.94712418247249,46.0451705780322,5.924725170751637,5.387991492276997,1.893167734194539
selection,repeat,StepFBL1,Random windows,8101,22,False,False,2.16,True,102.97179638639055,52.67469634603738,7.125166708113195,6.202889024258633,1.9895705590996338
selection,repeat,StepFBL1,Random windows,8101,23,False,False,2.38,True,100.72360323612028,50.06886845415365,6.815553605888303,5.998905271555298,1.9976825752656617
selection,repeat,StepFBL1,Random windows,8101,24,False,False,3.08,True,79.86262111445487,46.0276697473837,4.906470480263073,4.533159618647428,1.8172447276376913
selection,repeat,StepFBL1,Random windows,8101,25,False,False,1.52,True,115.93418006778386,63.570850071821674,7.536720546981862,7.000077450533706,2.0744634399612276
selection,repeat,StepFBL1,Random windows,8101,26,False,False,1.8,True,85.42543690256765,45.6251963816417,5.39944777637102,5.022064653242715,1.9651524362149353
selection,repeat,StepFBL1,Random windows,8101,27,False,False,3.0,True,81.55069204979323,44.390609319270254,4.984524074203693,4.529545846131106,1.8889106131876103
selection,repeat,StepFBL1,Random windows,8101,28,False,False,2.92,True,88.18025624631163,45.21979158475243,5.838590161385166,5.344419874183448,1.9605656460586156
selection,repeat,StepFBL1,Random windows,8101,29,True,True,3.92,True,77.42301915261652,44.309580324963406,4.4162324401890105,3.9300482878897287,1.857049617865766
selection,repeat,StepFBL1,Random windows,8101,30,False,False,1.98,True,85.7535495526598,47.27044901637198,5.812082519833363,5.224218650043105,1.9217483994797582
selection,repeat,StepFBL1,Random windows,8101,31,False,False,3.58,True,72.38259129207533,45.312106804237885,4.10992335028151,3.6870988777738374,1.8379885271431997
selection,repeat,StepFBL1,Random windows,8102,0,False,False,2.52,True,77.75278648646915,43.3104853986129,4.674054439299431,4.305369310648096,1.8071182896939233
selection,repeat,StepFBL1,Random windows,8102,1,False,False,1.96,True,100.62495844532205,52.69097387698904,7.018072361092912,6.042234470752795,2.0831314737360023
selection,repeat,StepFBL1,Random windows,8102,2,True,True,3.92,True,73.94852368808556,44.88583001478374,4.188667556424482,3.766563406566326,1.794863871063249
selection,repeat,StepFBL1,Random windows,8102,3,False,False,2.6,True,75.93883548741212,44.27979336927027,4.29589613601404,3.8961497954111968,1.7646509755810227
selection,repeat,StepFBL1,Random windows,8102,4,False,False,2.28,True,86.28554503381828,45.72947004862471,5.481582981429425,4.988277037077108,1.8997869911301737
selection,repeat,StepFBL1,Random windows,8102,5,False,False,2.94,True,77.55378014814333,43.809715463542794,4.787289504866269,4.390027716263098,1.8797353828487957
selection,repeat,StepFBL1,Random windows,8102,6,True,True,3.92,True,71.06442839495877,43.67741918714181,4.009802158305113,3.6578089185463853,1.7917342368760087
selection,repeat,StepFBL1,Random windows,8102,7,False,False,1.92,True,85.09052553518691,46.89336001999057,5.536418681101911,5.050712534627355,1.9745109509043979
selection,repeat,StepFBL1,Random windows,8102,8,False,False,1.84,True,82.24407311528564,46.90933975757486,5.305125414519411,4.837453768820019,1.9730817805063225
selection,repeat,StepFBL1,Random windows,8102,9,False,False,2.38,True,93.79424607959889,47.902356799162035,6.015872724196033,5.389420085981704,1.9734463643487692
selection,repeat,StepFBL1,Random windows,8102,10,False,False,2.48,True,87.66085668231379,45.98126568505592,5.5993290426378115,5.121286382501428,1.90465160530199
selection,repeat,StepFBL1,Random windows,8102,11,False,False,1.46,True,112.96090783912258,64.3494984736875,7.39558973939122,7.364557055714714,2.026774049180865
selection,repeat,StepFBL1,Random windows,8102,12,False,False,1.78,True,76.55815433583858,45.876406940833135,4.5868794300219475,4.343760088070554,1.7736823709786247
selection,repeat,StepFBL1,Random windows,8102,13,False,False,2.96,True,92.02554492869928,46.65681338061249,5.912043815057567,5.404035224486798,1.9200325174942419
selection,repeat,StepFBL1,Random windows,8102,14,False,False,2.36,True,90.29936946716006,44.37054204423583,5.731592776552982,5.263793646434489,1.8815744868441202
selection,repeat,StepFBL1,Random windows,8102,15,False,False,2.68,True,91.40273719437495,45.647689448810766,5.73794441379971,5.245459532677749,1.9678122355998116
selection,repeat,StepFBL1,Random windows,8102,16,False,False,3.46,True,87.2906493726588,45.63815880052916,5.1380604311489835,4.788184575988602,1.8529282611472377
selection,repeat,StepFBL1,Random windows,8102,17,False,False,1.98,True,86.68357116480436,47.36681251370928,5.375822089874317,4.940411075617354,1.9108974979686013
selection,repeat,StepFBL1,Random windows,8102,18,True,True,3.92,True,65.51865186518815,45.90671995081338,3.5817705740256884,3.129147368952556,1.6733024479455934
selection,repeat,StepFBL1,Random windows,8102,19,False,False,2.66,True,85.13156372067414,44.08071340809982,5.2807104320952,4.963349190936799,1.85740536740239
selection,repeat,StepFBL1,Random windows,8102,20,False,False,2.26,True,79.01258861495647,43.39095834027274,4.867921272810642,4.43589385398013,1.8401293791328015
selection,repeat,StepFBL1,Random windows,8102,21,True,True,3.92,True,72.49113847878202,44.34774334783564,4.032034994416062,3.487027883463926,1.8123013575456544
selection,repeat,StepFBL1,Random windows,8102,22,False,False,2.16,True,81.13054699061846,43.24972154079494,5.00196731584604,4.606322399202567,1.8915917123760453
selection,repeat,StepFBL1,Random windows,8102,23,True,True,3.92,True,68.05694603265061,44.55882421462185,3.6893577869680265,3.213213804464352,1.67922418975033
selection,repeat,StepFBL1,Random windows,8102,24,False,False,1.36,True,116.1034283069852,67.33053070105414,7.76337882425211,8.012186571010716,2.032103490381509
selection,repeat,StepFBL1,Random windows,8102,25,True,False,3.92,True,80.26309384987589,45.38483280421601,4.751353886931786,4.357905044721278,1.8576845216154148
selection,repeat,StepFBL1,Random windows,8102,26,False,False,3.3,True,78.95336498496744,42.84380288728852,4.752885791786065,4.401526294230316,1.820911714250535
selection,repeat,StepFBL1,Random windows,8102,27,False,False,2.04,True,74.7554967409812,43.81620754461278,4.737902814559221,4.348449828005052,1.8108081760547758
selection,repeat,StepFBL1,Random windows,8102,28,False,False,1.86,True,82.3980415344858,45.059210376951235,5.408010187244563,5.024323166235867,1.96854423253724
selection,repeat,StepFBL1,Random windows,8102,29,False,False,2.64,True,84.0473752196999,45.390330377955394,5.167596010014018,4.677663067048705,1.9244331758270155
selection,repeat,StepFBL1,Random windows,8102,30,False,False,2.22,True,80.4294207124355,44.94354644024913,4.81229350426761,4.44378564655055,1.9122709852782187
selection,repeat,StepFBL1,Random windows,8102,31,True,True,3.92,True,62.505183838525504,44.79693561880865,3.2366982582556747,2.823381268664522,1.608889543674317
selection,repeat,StepFBL1,Random windows,8103,0,False,False,2.82,True,77.87980755720288,45.00198110634988,4.559304923757102,4.113489698579077,1.8652409478689385
selection,repeat,StepFBL1,Random windows,8103,1,False,False,3.14,True,77.913893986462,43.00713324821881,4.788869618150211,4.386907517214539,1.8440603033306473
selection,repeat,StepFBL1,Random windows,8103,2,False,False,3.34,True,87.01308536894103,46.631592538518944,5.500840376671737,5.054193051408506,1.9013740669657333
selection,repeat,StepFBL1,Random windows,8103,3,False,False,3.26,True,76.42752823513855,44.730981527086804,4.419275138868398,4.060199459024087,1.7832196989760383
selection,repeat,StepFBL1,Random windows,8103,4,False,False,2.08,True,82.46957455313778,45.80395888066067,5.319445902061068,4.816440178372087,1.9540084792366175
selection,repeat,StepFBL1,Random windows,8103,5,True,True,3.92,True,73.958365700365,45.67883591557714,3.9155065824438195,3.5343121931355728,1.7635697573948488
selection,repeat,StepFBL1,Random windows,8103,6,False,False,2.1,True,95.78766972269877,51.793526392935824,6.256023209059628,5.488339111406479,2.015827100338806
selection,repeat,StepFBL1,Random windows,8103,7,True,True,3.92,True,74.22213575648261,45.72019151807567,4.037906092230997,3.684297941648714,1.6899510863770384
selection,repeat,StepFBL1,Random windows,8103,8,False,False,2.14,True,77.47456911096286,44.597320415776466,4.698679921314775,4.307955187500964,1.8274333911508227
selection,repeat,StepFBL1,Random windows,8103,9,True,True,3.92,True,68.6875198434942,47.11294890034655,3.520560944284289,3.134762824378405,1.645283802558163
selection,repeat,StepFBL1,Random windows,8103,10,False,False,1.7,True,99.02889416130435,58.25012332791438,6.119805024504914,5.833146618186003,1.9130451364503707
selection,repeat,StepFBL1,Random windows,8103,11,False,False,2.04,True,100.5049692109092,51.185639546893796,6.684327311848984,5.814686954445086,2.0448534464267767
selection,repeat,StepFBL1,Random windows,8103,12,True,True,3.92,True,68.61876378876887,43.66264023086297,3.765370664814762,3.262915043275435,1.6755796898065054
selection,repeat,StepFBL1,Random windows,8103,13,False,False,3.4,True,77.679761125721,45.28684057539238,4.417677938570299,3.9619054433573258,1.86169093292328
selection,repeat,StepFBL1,Random windows,8103,14,False,False,1.66,True,87.06114860458068,47.38274638419501,5.46264067351748,5.049119549272609,1.9419351469323345
selection,repeat,StepFBL1,Random windows,8103,15,False,False,3.04,True,83.81909060073335,45.00929646778533,5.3008026245919,4.8166464277704195,1.9167336047305459
selection,repeat,StepFBL1,Random windows,8103,16,True,True,3.92,True,69.00071241939936,45.89334721786214,3.730071848346136,3.339940820484297,1.7039167689218808
selection,repeat,StepFBL1,Random windows,8103,17,False,False,2.92,True,76.50607723574055,43.51716109746863,4.5427802994885615,4.174029935926197,1.7925011584111843
selection,repeat,StepFBL1,Random windows,8103,18,False,False,2.44,True,81.99652920119983,44.30211242925353,5.2201474104613395,4.783824949767465,1.891050083688955
selection,repeat,StepFBL1,Random windows,8103,19,True,True,3.92,True,75.17889049484273,46.50005205199316,3.8090520874479634,3.547108949051965,1.666726418303798
selection,repeat,StepFBL1,Random windows,8103,20,False,False,3.64,True,76.21073997657456,44.610457623847054,4.255467786751359,3.852964725479952,1.8679764220758723
selection,repeat,StepFBL1,Random windows,8103,21,False,False,3.16,True,94.85127466183721,48.01085137223357,5.711049964390658,5.281433985483977,1.8720421243271506
selection,repeat,StepFBL1,Random windows,8103,22,False,False,1.82,True,85.59280221281446,47.61155118125676,4.826529962741461,4.556574035884758,1.8474424617094773
selection,repeat,StepFBL1,Random windows,8103,23,False,False,2.88,True,84.54515223310482,47.04951318665775,5.262914197263253,4.811365577972725,1.9237383504245893
selection,repeat,StepFBL1,Random windows,8103,24,False,False,2.72,True,75.31966029582297,44.45530183942276,4.6127974697920555,4.206187348102611,1.8245637772198287
selection,repeat,StepFBL1,Random windows,8103,25,False,False,1.86,True,85.6325381221725,45.68673325804772,5.342965006190303,4.965701119061434,1.889783397710781
selection,repeat,StepFBL1,Random windows,8103,26,False,False,2.44,True,76.91640935648414,45.978279586783785,4.423303989840722,4.10634326117084,1.8551448424513566
selection,repeat,StepFBL1,Random windows,8103,27,False,False,3.36,True,74.58850378476247,42.75481623419927,4.369861633922661,3.9201510652673783,1.8116735711557144
selection,repeat,StepFBL1,Random windows,8103,28,False,False,2.98,True,81.96358657332219,44.85018794756613,4.787014272049278,4.338980025120755,1.9148430014434579
selection,repeat,StepFBL1,Random windows,8103,29,False,False,3.58,True,81.27471277795628,43.87637509210028,4.878822568151707,4.515859971748832,1.8711813227285046
selection,repeat,StepFBL1,Random windows,8103,30,True,True,3.92,True,69.58299991067227,45.243867825785166,3.7337740013992144,3.342071068401118,1.6426192349556477
selection,repeat,StepFBL1,Random windows,8103,31,False,False,2.02,True,93.37518021948937,47.86183988083172,6.0791367614433875,5.472719614243444,1.9667906429459439
selection,repeat,StepFBL1,Servo-error coverage,8101,0,False,False,3.48,True,69.77714026189018,38.12917567207876,3.5747654690989354,3.201814232392524,1.59269476697019
selection,repeat,StepFBL1,Servo-error coverage,8101,1,True,True,3.92,True,69.69213725858609,39.78134386073884,3.6412437927347145,3.366151301557253,1.6050927636439967
selection,repeat,StepFBL1,Servo-error coverage,8101,2,False,False,3.32,True,67.63999404380628,43.06238851605362,3.719771035125251,3.234959095702079,1.5773456332884748
selection,repeat,StepFBL1,Servo-error coverage,8101,3,True,True,3.92,True,61.35355568952567,40.597055937051486,3.097953146833505,2.6418025839289956,1.48634249113674
selection,repeat,StepFBL1,Servo-error coverage,8101,4,False,False,1.94,True,73.11446470738676,41.02262937870562,4.119449689603511,3.851245021381211,1.7914075512501626
selection,repeat,StepFBL1,Servo-error coverage,8101,5,True,True,3.92,True,67.30154828188947,40.77044449948298,3.7382785734971593,3.4242500515590226,1.6197642930552818
selection,repeat,StepFBL1,Servo-error coverage,8101,6,False,False,3.24,True,74.11855566081181,41.370320348134506,3.889897199774978,3.5169464825774073,1.7136440486995763
selection,repeat,StepFBL1,Servo-error coverage,8101,7,False,False,1.86,True,78.74195691748966,43.32249277354721,4.134576933634184,3.9250464738940307,1.5988436181580314
selection,repeat,StepFBL1,Servo-error coverage,8101,8,False,False,1.4,True,101.31621863179286,58.78529275844147,5.577026538327436,4.998973622744039,1.6984113547618322
selection,repeat,StepFBL1,Servo-error coverage,8101,9,False,False,2.9,True,75.0547628954537,38.79141249410666,3.8572721124565694,3.5973302465454866,1.6329893301098932
selection,repeat,StepFBL1,Servo-error coverage,8101,10,False,False,3.38,True,63.91611546995713,42.21178426705504,3.3971442447327114,2.994413200246905,1.5237837464929713
selection,repeat,StepFBL1,Servo-error coverage,8101,11,True,True,3.92,True,65.93442955272094,40.4236456679468,3.5230271899484933,3.1888516575837693,1.583344291642467
selection,repeat,StepFBL1,Servo-error coverage,8101,12,True,True,3.92,True,60.051155256706544,38.14496865550694,3.0947192186030588,2.638978339481886,1.4951337900422217
selection,repeat,StepFBL1,Servo-error coverage,8101,13,False,False,3.08,True,71.49030871284664,36.85285872073356,3.5221424285270344,3.2200847008790077,1.5782713502382046
selection,repeat,StepFBL1,Servo-error coverage,8101,14,True,True,3.92,True,66.9194723686297,39.30087628067829,3.5904567511103886,3.264597509303547,1.5781090522127148
selection,repeat,StepFBL1,Servo-error coverage,8101,15,False,False,2.28,True,75.04438177045688,38.92976276984461,3.9516605189950433,3.710930076242508,1.6875766133508316
selection,repeat,StepFBL1,Servo-error coverage,8101,16,False,False,1.94,True,73.0356702193383,40.198835800908725,3.966053449920413,3.755308201857221,1.6294342522615959
selection,repeat,StepFBL1,Servo-error coverage,8101,17,True,True,3.92,True,67.04482932792155,38.71822832438026,3.5966838613480734,3.279570310659757,1.5922807047130911
selection,repeat,StepFBL1,Servo-error coverage,8101,18,True,True,3.92,True,69.8394943075223,42.288339333951,3.537008544757486,3.2086746059863724,1.5992906395686526
selection,repeat,StepFBL1,Servo-error coverage,8101,19,False,False,2.8,True,69.33429441095903,43.276006026291135,3.844932727567186,3.445170495694417,1.6781779680334892
selection,repeat,StepFBL1,Servo-error coverage,8101,20,False,False,3.02,True,73.86686594527427,39.04983284541445,3.8987735185124275,3.5919975445710532,1.7343219470334121
selection,repeat,StepFBL1,Servo-error coverage,8101,21,True,True,3.92,True,65.31843543107917,38.54242778361572,3.184002309764478,2.823367082249026,1.5374546933526663
selection,repeat,StepFBL1,Servo-error coverage,8101,22,False,False,2.2,True,74.3647401956111,39.3203615480564,3.7982128609539876,3.608611585208863,1.5967907721315062
selection,repeat,StepFBL1,Servo-error coverage,8101,23,False,False,2.4,True,74.0521283119751,38.40754035603742,3.874583823814224,3.6184342923265223,1.6507868773919498
selection,repeat,StepFBL1,Servo-error coverage,8101,24,False,False,3.78,True,69.20583055787591,38.7597538808504,3.5569129651090146,3.244328948718628,1.566123767007411
selection,repeat,StepFBL1,Servo-error coverage,8101,25,False,False,2.66,True,74.61423270261722,39.221141936918855,3.8393384577809035,3.547455444700785,1.649722171524177
selection,repeat,StepFBL1,Servo-error coverage,8101,26,True,True,3.92,True,67.77876385666187,38.129211225593224,3.5801905655681523,3.2387212857691514,1.6115723493871195
selection,repeat,StepFBL1,Servo-error coverage,8101,27,True,False,3.92,True,69.37053931060971,39.39643302373773,3.673458428957719,3.285704271630758,1.6685177017323485
selection,repeat,StepFBL1,Servo-error coverage,8101,28,False,False,2.34,True,73.88720106043506,39.082719028733315,3.838308919975528,3.6597659639008344,1.7238454536214445
selection,repeat,StepFBL1,Servo-error coverage,8101,29,True,True,3.92,True,71.14081939527829,41.94286856388321,3.8267688800479616,3.4354501513134417,1.7399445414109385
selection,repeat,StepFBL1,Servo-error coverage,8101,30,False,False,2.78,True,68.41587586505908,38.29143557784629,3.5790136322080057,3.2614581399174862,1.6009892879381016
selection,repeat,StepFBL1,Servo-error coverage,8101,31,True,True,3.92,True,68.92814918727669,39.2904604021279,3.680697241387729,3.354657226770859,1.6433260628921234
selection,repeat,StepFBL1,Servo-error coverage,8102,0,False,False,3.24,True,71.23018024002238,37.649502765870054,3.559793015805365,3.32094219304355,1.5762178860965201
selection,repeat,StepFBL1,Servo-error coverage,8102,1,True,True,3.92,True,64.16292228300813,37.72997984641526,3.1411365783463996,2.653114848991469,1.5517235404757659
selection,repeat,StepFBL1,Servo-error coverage,8102,2,False,False,2.78,True,74.96728722814773,38.73444413658452,3.8013068785327837,3.5929762142731594,1.6376942282072193
selection,repeat,StepFBL1,Servo-error coverage,8102,3,False,False,3.76,True,72.63996269608074,38.34519861656857,3.724695668965277,3.445228862187165,1.6254114155591415
selection,repeat,StepFBL1,Servo-error coverage,8102,4,False,False,2.44,True,71.42532648442051,46.303543415553385,3.9109328725177472,3.3871160611523803,1.5728352173108482
selection,repeat,StepFBL1,Servo-error coverage,8102,5,False,False,3.44,True,69.50545470261177,39.68230155291165,3.6182354634425375,3.3159693210001966,1.5986339232169253
selection,repeat,StepFBL1,Servo-error coverage,8102,6,True,True,3.92,True,67.8656688479918,39.884793400898175,3.5494529741061336,3.1995219581929026,1.6066914571969122
selection,repeat,StepFBL1,Servo-error coverage,8102,7,False,False,3.0,True,71.62010339076244,40.44260855136011,3.872536965431409,3.522208896849731,1.7121967166532803
selection,repeat,StepFBL1,Servo-error coverage,8102,8,False,False,2.58,True,67.96176850922257,43.00169678418114,3.696553391947289,3.196536051775752,1.5410220173109304
selection,repeat,StepFBL1,Servo-error coverage,8102,9,False,False,2.52,True,72.50764083194731,39.48475572132405,3.911235908543723,3.595379765757769,1.7297782298311948
selection,repeat,StepFBL1,Servo-error coverage,8102,10,False,False,3.08,True,72.73272899223508,38.66611593003114,3.7465018931081,3.455005931009341,1.6190578254828951
selection,repeat,StepFBL1,Servo-error coverage,8102,11,False,False,3.08,True,68.5952124842464,38.22388576661819,3.6215584646985404,3.297012252274452,1.6318629330889873
selection,repeat,StepFBL1,Servo-error coverage,8102,12,False,False,3.56,True,68.47908782225444,38.07595970559859,3.4326403238062997,3.0813387234150706,1.5871957646285415
selection,repeat,StepFBL1,Servo-error coverage,8102,13,False,False,1.94,True,77.79997782547916,40.38971714349387,4.183409453490643,3.9842627324814788,1.7349930471153248
selection,repeat,StepFBL1,Servo-error coverage,8102,14,False,False,2.42,True,79.85824977987565,37.383820942206256,3.904347911778104,3.7767279717930617,1.6240605337060714
selection,repeat,StepFBL1,Servo-error coverage,8102,15,False,False,3.16,True,74.24345522166844,40.105463511074916,3.95758662086846,3.6443814002980885,1.7113516414718837
selection,repeat,StepFBL1,Servo-error coverage,8102,16,False,False,3.76,True,71.38578860317796,38.926118840350696,3.733483030392817,3.378576446045157,1.674559837658456
selection,repeat,StepFBL1,Servo-error coverage,8102,17,False,False,1.88,True,82.02746008732835,43.53170682324745,4.505693104880593,4.320200204598148,1.847065610073953
selection,repeat,StepFBL1,Servo-error coverage,8102,18,False,False,1.86,True,80.559794136471,41.50106357242468,3.973102217944108,3.768218526980803,1.5833090804780605
selection,repeat,StepFBL1,Servo-error coverage,8102,19,True,True,3.92,True,66.67482037953489,43.156256202275294,3.6256466579575,3.2325492080587637,1.6498436515812485
selection,repeat,StepFBL1,Servo-error coverage,8102,20,False,False,3.04,True,71.8862425081903,38.12950638990263,3.623716432084351,3.3734095400515307,1.596076826300314
selection,repeat,StepFBL1,Servo-error coverage,8102,21,True,True,3.92,True,70.04499641538101,40.194279457201525,3.712995019835573,3.33069516561417,1.6477907366511246
selection,repeat,StepFBL1,Servo-error coverage,8102,22,False,False,3.2,True,72.49703159572118,38.045687300040484,3.6487003680542522,3.385904542470088,1.6139142879707926
selection,repeat,StepFBL1,Servo-error coverage,8102,23,True,False,3.92,True,71.22777511147366,38.29706024688793,3.7082286880297954,3.4402288621835306,1.621429390681973
selection,repeat,StepFBL1,Servo-error coverage,8102,24,False,False,1.82,True,81.16655458360246,42.32600961500342,4.5097739240226185,4.438263718518903,1.7986431690924574
selection,repeat,StepFBL1,Servo-error coverage,8102,25,False,False,3.0,True,71.7671273758781,39.19404983455863,3.7998357867121286,3.5001791863038965,1.7008986222017948
selection,repeat,StepFBL1,Servo-error coverage,8102,26,False,False,3.0,True,73.53666183174028,37.79641790575408,3.556248612978474,3.3285468331344576,1.5546248077006992
selection,repeat,StepFBL1,Servo-error coverage,8102,27,False,False,3.34,True,68.09001163449747,37.42326681945157,3.3996479703201548,3.080887575317279,1.5645602795515021
selection,repeat,StepFBL1,Servo-error coverage,8102,28,False,False,2.64,True,69.94886816638687,43.577814031373435,3.865574145137046,3.4016688295404123,1.5581463828263293
selection,repeat,StepFBL1,Servo-error coverage,8102,29,True,True,3.92,True,68.27249390428892,39.21472272440359,3.5755383042343896,3.241322761117204,1.6456614436697772
selection,repeat,StepFBL1,Servo-error coverage,8102,30,False,False,2.76,True,75.44056955646813,45.95278339727744,4.218480088563293,3.9022791315542773,1.6146963058281991
selection,repeat,StepFBL1,Servo-error coverage,8102,31,True,True,3.92,True,65.48068367542932,38.28642371057685,3.24524983782998,2.9854998638189256,1.502173474012194
selection,repeat,StepFBL1,Servo-error coverage,8103,0,True,True,3.92,True,69.29947794358351,40.25467657504049,3.690236660485824,3.3132962878212147,1.6474731984857622
selection,repeat,StepFBL1,Servo-error coverage,8103,1,True,True,3.92,True,69.24204602680983,38.43399577816813,3.62019015889091,3.3044152464890475,1.6174717843621715
selection,repeat,StepFBL1,Servo-error coverage,8103,2,False,False,2.02,True,75.45028310042301,41.06023500133338,4.16680555835052,3.9235314329257944,1.7686238032066541
selection,repeat,StepFBL1,Servo-error coverage,8103,3,False,False,3.52,True,71.81382510956144,39.507482315469,3.690076301982273,3.3939699090591335,1.6264009094534793
selection,repeat,StepFBL1,Servo-error coverage,8103,4,False,False,3.44,True,69.58409258341436,38.61682259486315,3.759064081653434,3.3981633649987897,1.6894393841533337
selection,repeat,StepFBL1,Servo-error coverage,8103,5,True,True,3.92,True,69.83038271608993,39.87754521179681,3.69004578513831,3.3823288706343857,1.651559960555396
selection,repeat,StepFBL1,Servo-error coverage,8103,6,False,False,3.44,True,69.1047549686034,40.35156167268567,3.8540896506083535,3.4484526706291834,1.7311095258080977
selection,repeat,StepFBL1,Servo-error coverage,8103,7,True,True,3.92,True,68.60790597035273,40.01271790856555,3.7748663818522163,3.416802323994203,1.7109103311876759
selection,repeat,StepFBL1,Servo-error coverage,8103,8,False,False,2.62,True,75.39075206291072,38.939819385111036,3.9078321742525723,3.7043498099406733,1.6565520613290734
selection,repeat,StepFBL1,Servo-error coverage,8103,9,False,False,2.62,True,77.10095583958486,39.937314994945,3.9001916061437876,3.7173699086768632,1.6324496342577146
selection,repeat,StepFBL1,Servo-error coverage,8103,10,False,False,2.76,True,71.85650556730184,37.849326170655125,3.6905871622394923,3.4397886130195823,1.6074323379964672
selection,repeat,StepFBL1,Servo-error coverage,8103,11,True,True,3.92,True,62.97246179571871,39.08319708958786,3.218110048749927,2.805436661601922,1.5380619492947467
selection,repeat,StepFBL1,Servo-error coverage,8103,12,False,False,3.16,True,71.38328970132449,37.20399908120351,3.422237299930059,3.1872850160964656,1.5334553127815183
selection,repeat,StepFBL1,Servo-error coverage,8103,13,True,True,3.92,True,69.88910932853065,40.57789190561276,3.641226712815122,3.283344007130828,1.6411273327272164
selection,repeat,StepFBL1,Servo-error coverage,8103,14,False,False,3.1,True,71.10704803243503,38.12536647959077,3.6525450113321867,3.3558434104612442,1.6133467346198886
selection,repeat,StepFBL1,Servo-error coverage,8103,15,False,False,3.04,True,72.34414584831437,39.77909767691668,3.884798733937297,3.564398511246413,1.7254260570126911
selection,repeat,StepFBL1,Servo-error coverage,8103,16,True,True,3.92,True,68.69398333198401,41.099424266656875,3.8941809320565453,3.5460218898721667,1.6742931545009945
selection,repeat,StepFBL1,Servo-error coverage,8103,17,False,False,2.88,True,74.82952432794616,38.7490463036839,3.796256921494974,3.557376320813769,1.6087174293001454
selection,repeat,StepFBL1,Servo-error coverage,8103,18,False,False,3.1,True,71.17860587252532,38.7431023855141,3.6628301993453323,3.3856553469555557,1.6248720539531059
selection,repeat,StepFBL1,Servo-error coverage,8103,19,True,True,3.92,True,72.53182675265931,40.432721273140814,3.732839769559253,3.4355434365161477,1.635123195456686
selection,repeat,StepFBL1,Servo-error coverage,8103,20,True,False,3.92,True,68.68823051059721,44.361240582572705,3.859470170771684,3.444004784713912,1.6237716736991257
selection,repeat,StepFBL1,Servo-error coverage,8103,21,False,False,3.36,True,72.44111661336309,39.24535838910762,3.740593652389184,3.4308990763040508,1.6292947477622928
selection,repeat,StepFBL1,Servo-error coverage,8103,22,True,True,3.92,True,72.00646578319301,39.36972317032791,3.6937254622018196,3.362725275676322,1.6159301723353672
selection,repeat,StepFBL1,Servo-error coverage,8103,23,True,True,3.92,True,69.31339229518058,40.595537689669314,3.6838211968591588,3.3496693553371104,1.6635136900514704
selection,repeat,StepFBL1,Servo-error coverage,8103,24,False,False,3.38,True,64.45740500952438,40.84600040727862,3.5343538986254184,3.194991454419399,1.538245191681801
selection,repeat,StepFBL1,Servo-error coverage,8103,25,False,False,3.34,True,70.51180359951157,39.2151073238899,3.738439393842716,3.4240869570436536,1.6242362679263853
selection,repeat,StepFBL1,Servo-error coverage,8103,26,True,True,3.92,True,67.58997242462553,41.18190496963392,3.799571204309967,3.4397903057144394,1.7297388208089564
selection,repeat,StepFBL1,Servo-error coverage,8103,27,True,True,3.92,True,66.07241386543815,38.350543644170365,3.3825427438543993,3.0446451676292132,1.5576076887134276
selection,repeat,StepFBL1,Servo-error coverage,8103,28,True,True,3.92,True,73.18164495350632,40.26180305013075,3.803931662949564,3.4821163894940916,1.6905163599093684
selection,repeat,StepFBL1,Servo-error coverage,8103,29,False,False,3.4,True,71.46266703238135,38.8890922643536,3.729096988067916,3.3886365836595287,1.6621324716878938
selection,repeat,StepFBL1,Servo-error coverage,8103,30,True,True,3.92,True,66.60543406760792,38.724891952790415,3.3262162819045518,2.9890680180697493,1.5318773814379074
selection,repeat,StepFBL1,Servo-error coverage,8103,31,False,False,2.02,True,85.04366950925824,51.147126108516055,4.612527870346476,4.030773153201225,1.6521848098099052
