run,method,case,task,recording,complete,ankle_position_rmse_rad,ankle_velocity_rmse_rad_s,global_position_mm,root_relative_position_mm,body_velocity_mm_frame,root_velocity_mm_frame,body_acceleration_mm_frame2,study
primary,Random windows,CR7__rollout035__segment0__start0000,CR7,CR7__rollout035,True,0.021166082471609116,1.5442670583724976,7.016485313114054,3.7584747283380495,0.6917209933464225,0.7044645717959982,0.39826053953514695,selection
primary,Random windows,CR7__rollout035__segment0__start0070,CR7,CR7__rollout035,True,0.07900498807430267,4.395757675170898,51.31093043962551,30.88970726268384,4.808519773505846,3.7858815419269503,2.0416676138401337,selection
primary,Random windows,CR7__rollout035__segment0__start0140,CR7,CR7__rollout035,True,0.019155172631144524,1.580942153930664,15.346272931351644,8.519248049015012,1.1565586968868324,1.2877142982355885,0.28003987566019867,selection
primary,Random windows,CR7__rollout036__segment0__start0000,CR7,CR7__rollout036,True,0.019303597509860992,1.2673057317733765,9.072282638860472,4.806999231804594,0.7300970712331888,0.7611235473270308,0.27863450366034964,selection
primary,Random windows,CR7__rollout036__segment0__start0070,CR7,CR7__rollout036,True,0.12835758924484253,4.270875930786133,88.8222940593806,55.11127685933859,8.643672531269054,8.268966120586295,2.662014103855511,selection
primary,Random windows,CR7__rollout036__segment0__start0140,CR7,CR7__rollout036,True,0.032164424657821655,1.8384894132614136,28.992219895143304,15.406129856522218,2.008347791969443,2.24814803497061,0.2638651382639743,selection
primary,Random windows,CR7__rollout037__segment0__start0000,CR7,CR7__rollout037,True,0.03396644815802574,1.4294096231460571,22.330168466302517,12.255044548361177,1.6180686314136195,1.7359805156547785,0.5288021898806087,selection
primary,Random windows,CR7__rollout037__segment0__start0070,CR7,CR7__rollout037,True,0.13855557143688202,4.405209541320801,90.07266693565447,59.13613135280123,9.229502499362408,8.263069025155632,3.2101245655795103,selection
primary,Random windows,CR7__rollout037__segment0__start0140,CR7,CR7__rollout037,True,0.028158124536275864,2.3444061279296875,17.545850386193035,12.571200919651282,1.7048318795487418,1.5823698914873332,0.7310650798107285,selection
primary,Random windows,CR7__rollout038__segment0__start0000,CR7,CR7__rollout038,True,0.05369368940591812,1.769770622253418,37.86419543088365,20.612350927638666,3.0164178616945327,3.1995903554464675,0.582626172596504,selection
primary,Random windows,CR7__rollout038__segment0__start0070,CR7,CR7__rollout038,True,0.05784263834357262,3.019502639770508,12.948461949559611,10.3954957129372,1.9245634314199962,1.3843865387863579,1.2570346912101518,selection
primary,Random windows,CR7__rollout038__segment0__start0140,CR7,CR7__rollout038,True,0.027192696928977966,1.0870397090911865,12.730471262536772,7.035457419625445,1.0456750709227656,1.1086832652802308,0.3217288475770956,selection
primary,Random windows,CR7__rollout039__segment0__start0000,CR7,CR7__rollout039,True,0.015591708943247795,1.4857879877090454,4.37499390378909,2.580564902841513,0.4283364646855229,0.43075404459170114,0.2994913219011047,selection
primary,Random windows,CR7__rollout039__segment0__start0070,CR7,CR7__rollout039,True,0.12856075167655945,4.9739909172058105,75.52727697876361,48.52414130457266,7.614806286846464,6.905008264349676,2.621227451769961,selection
primary,Random windows,CR7__rollout039__segment0__start0140,CR7,CR7__rollout039,True,0.02811969630420208,1.954573392868042,20.256405181766898,12.530746491012382,2.1624437122219424,2.3085109076928756,0.6636733478995399,selection
primary,Random windows,SquatL1__rollout035__segment0__start0000,SquatL1,SquatL1__rollout035,True,0.06416153162717819,2.5113937854766846,29.816901697137173,14.960098449610356,2.1607071813054333,2.3387128864402102,0.5714572768337061,selection
primary,Random windows,SquatL1__rollout035__segment0__start0102,SquatL1,SquatL1__rollout035,True,0.0375848263502121,1.2526546716690063,19.822886386127394,7.552163927030955,1.4899331749851823,1.7094409924427454,0.14314864552897844,selection
primary,Random windows,SquatL1__rollout035__segment0__start0205,SquatL1,SquatL1__rollout035,True,0.012526232749223709,0.6096212863922119,9.161131179810125,3.22880568547406,0.6546319822833376,0.7055109646006849,0.09745844795139373,selection
primary,Random windows,SquatL1__rollout036__segment0__start0000,SquatL1,SquatL1__rollout036,True,0.05723625421524048,2.4183475971221924,22.731471188409003,12.065393637015013,1.6166310972493678,1.7314305640989385,0.44642497560765826,selection
primary,Random windows,SquatL1__rollout036__segment0__start0072,SquatL1,SquatL1__rollout036,True,0.03380957990884781,1.1035289764404297,18.74020974859984,6.64832122740372,1.449683015943201,1.5328596607656921,0.21184993247596515,selection
primary,Random windows,SquatL1__rollout036__segment0__start0144,SquatL1,SquatL1__rollout036,True,0.16967229545116425,2.25005841255188,49.32370747503126,26.961488553052714,3.9937227708392213,4.116477737622854,0.7339278896110102,selection
primary,Random windows,SquatL1__rollout036__segment1__start0000,SquatL1,SquatL1__rollout036,True,0.051136236637830734,1.4078106880187988,18.694461656791756,7.722936770785412,1.319352982127522,1.4071960359931526,0.30810426228053245,selection
primary,Random windows,SquatL1__rollout036__segment1__start0004,SquatL1,SquatL1__rollout036,True,0.03130839020013809,0.8026699423789978,14.009107821654945,6.334468259680448,1.0736212270723162,1.1743695836097356,0.19841086009168277,selection
primary,Random windows,SquatL1__rollout036__segment1__start0008,SquatL1,SquatL1__rollout036,True,0.035133738070726395,0.9695947170257568,13.871635677258228,5.97935778457168,1.0046803026502915,1.1270497238114492,0.13445762060226682,selection
primary,Random windows,SquatL1__rollout037__segment0__start0000,SquatL1,SquatL1__rollout037,True,0.052230168133974075,1.920514702796936,18.945067433699347,10.220478929173304,1.3845445578856834,1.4453904131737927,0.4593878902916514,selection
primary,Random windows,SquatL1__rollout037__segment0__start0064,SquatL1,SquatL1__rollout037,True,0.023342691361904144,1.1396435499191284,8.929824889876333,5.135547076048502,0.9114397436908247,0.6449048908442244,0.3270752258254357,selection
primary,Random windows,SquatL1__rollout037__segment0__start0128,SquatL1,SquatL1__rollout037,True,0.13419044017791748,1.9416595697402954,77.03374016956748,26.759578421740752,5.4784487847430485,5.920286082714564,0.7887178419493822,selection
primary,Random windows,SquatL1__rollout037__segment1__start0000,SquatL1,SquatL1__rollout037,True,0.04976901039481163,1.8594316244125366,23.83609819858107,11.92426439961188,1.7751823857685045,1.9517019483930267,0.3883944452736534,selection
primary,Random windows,SquatL1__rollout037__segment1__start0012,SquatL1,SquatL1__rollout037,True,0.040215831249952316,0.9903110861778259,15.488819441156723,6.855100187891008,1.0742733238873377,1.205518982806867,0.1379111227747978,selection
primary,Random windows,SquatL1__rollout037__segment1__start0024,SquatL1,SquatL1__rollout037,True,0.03480047732591629,0.34974879026412964,14.07989808131504,6.330851232509385,1.0188049900893714,1.1368743238289765,0.16188980194737632,selection
primary,Random windows,SquatL1__rollout038__segment0__start0000,SquatL1,SquatL1__rollout038,True,0.05353016406297684,2.1158862113952637,19.95863928937664,10.481429272642224,1.4275336739925741,1.4920703472374168,0.5023550255699719,selection
primary,Random windows,SquatL1__rollout038__segment0__start0073,SquatL1,SquatL1__rollout038,True,0.030870715156197548,0.986886739730835,17.90333038358294,5.456805999237015,1.4015875992530469,1.4295395939859061,0.26778895270708425,selection
primary,Random windows,SquatL1__rollout038__segment0__start0146,SquatL1,SquatL1__rollout038,True,0.1458810716867447,4.066781044006348,45.82385730154765,23.8549872146439,3.823812053369203,4.084669013480499,0.614114326719951,selection
primary,Random windows,SquatL1__rollout038__segment1__start0000,SquatL1,SquatL1__rollout038,True,0.04300284758210182,1.2711724042892456,15.474137048362628,6.316116331936597,1.1739477532713611,1.2862033354296851,0.37884657284761386,selection
primary,Random windows,SquatL1__rollout038__segment1__start0003,SquatL1,SquatL1__rollout038,True,0.04177258908748627,1.1775189638137817,19.04747211267619,9.175631065895658,1.4059853610367468,1.553311178422387,0.30006891680730147,selection
primary,Random windows,SquatL1__rollout038__segment1__start0006,SquatL1,SquatL1__rollout038,True,0.03369741141796112,0.47014787793159485,14.525515512042245,6.60950789166177,1.0420639040710837,1.2021522336460986,0.1540242412571762,selection
primary,Random windows,SquatL1__rollout039__segment0__start0000,SquatL1,SquatL1__rollout039,True,0.05299265682697296,2.271902322769165,20.80890435547966,11.366650451590699,1.4669051207681365,1.5358893558975109,0.5012057885254205,selection
primary,Random windows,SquatL1__rollout039__segment0__start0076,SquatL1,SquatL1__rollout039,True,0.0324244499206543,1.094346284866333,17.918425739665647,9.403428220285123,1.4557543056953002,1.3273682790268724,0.2904854108733953,selection
primary,Random windows,SquatL1__rollout039__segment0__start0153,SquatL1,SquatL1__rollout039,True,0.12160846590995789,1.2965806722640991,69.14313181851978,41.67448886386299,5.6076543816801,6.036697953676388,0.706125059464724,selection
primary,Random windows,StepFBL1__rollout035__segment0__start0000,StepFBL1,StepFBL1__rollout035,True,0.06719664484262466,2.7378311157226562,24.985449272951133,12.700223334411072,2.1021494291520213,2.09622201885138,1.1919515901513256,selection
primary,Random windows,StepFBL1__rollout035__segment0__start0028,StepFBL1,StepFBL1__rollout035,True,0.0798562541604042,3.1869239807128906,66.67912354901824,22.442028891202252,5.191875532485021,5.5359505597828225,1.1376226318268312,selection
primary,Random windows,StepFBL1__rollout035__segment0__start0056,StepFBL1,StepFBL1__rollout035,True,0.13020046055316925,1.9659702777862549,28.40984120988823,12.818569841034908,2.317554160286922,2.2136311476999193,0.9223301235586917,selection
primary,Random windows,StepFBL1__rollout035__segment1__start0000,StepFBL1,StepFBL1__rollout035,True,0.0783911719918251,2.9495112895965576,35.50813768045795,19.043425325784508,3.1387924052191343,3.423219755318069,0.7154219290945149,selection
primary,Random windows,StepFBL1__rollout035__segment1__start0015,StepFBL1,StepFBL1__rollout035,True,0.15170784294605255,4.007973670959473,52.43740730924393,32.280376861736684,4.736701134262086,3.70593231604785,0.691979884624012,selection
primary,Random windows,StepFBL1__rollout035__segment1__start0031,StepFBL1,StepFBL1__rollout035,True,0.14118842780590057,3.930438280105591,53.438326149281764,33.14472308540709,4.97418733849977,4.342425483030831,1.426257133579891,selection
primary,Random windows,StepFBL1__rollout036__segment0__start0000,StepFBL1,StepFBL1__rollout036,True,0.1354551762342453,6.5827178955078125,70.26847768353426,38.52555715253817,5.793214233339075,5.398975527097691,1.704873588395073,selection
primary,Random windows,StepFBL1__rollout036__segment0__start0020,StepFBL1,StepFBL1__rollout036,True,0.15964582562446594,4.045969486236572,57.95317077694836,36.96738006844885,5.764050766063301,5.418352233039545,1.6889361967874803,selection
primary,Random windows,StepFBL1__rollout036__segment0__start0041,StepFBL1,StepFBL1__rollout036,True,0.2058582454919815,4.254137992858887,139.42527231767835,77.31193578246379,12.664130503884525,13.115618698273087,2.2215718420096002,selection
primary,Random windows,StepFBL1__rollout036__segment1__start0000,StepFBL1,StepFBL1__rollout036,True,0.08135298639535904,2.0907294750213623,29.668937579784377,14.477886822547516,2.656026318729699,2.9843793222918107,0.5096993733234838,selection
primary,Random windows,StepFBL1__rollout036__segment1__start0023,StepFBL1,StepFBL1__rollout036,True,0.12555770576000214,1.6394282579421997,62.524284014204845,19.812669826677904,4.64271155499928,4.998194635563062,0.8236372417593251,selection
primary,Random windows,StepFBL1__rollout036__segment1__start0046,StepFBL1,StepFBL1__rollout036,True,0.11574364453554153,2.745506525039673,47.62762436461326,18.35845425197949,4.105134513980584,4.07270454599883,1.1147705625860822,selection
primary,Random windows,StepFBL1__rollout037__segment0__start0000,StepFBL1,StepFBL1__rollout037,True,0.06393735110759735,4.150714874267578,17.577345202299284,10.429684172129855,2.1285738030478076,2.1482753825539715,0.9316391867112837,selection
primary,Random windows,StepFBL1__rollout037__segment0__start0023,StepFBL1,StepFBL1__rollout037,True,0.13964904844760895,4.790569305419922,61.641749278941376,34.34234238299458,6.054964537083093,5.859694531550508,1.733677427520065,selection
primary,Random windows,StepFBL1__rollout037__segment0__start0046,StepFBL1,StepFBL1__rollout037,True,0.18994691967964172,4.84205436706543,130.6361614938571,65.74872760142482,11.428974600908543,12.017849645339979,2.0059431924173237,selection
primary,Random windows,StepFBL1__rollout037__segment1__start0000,StepFBL1,StepFBL1__rollout037,True,0.06414137035608292,2.4168128967285156,23.139134745732505,12.775609225769958,2.085921485739979,2.3744117251341423,0.5157319726943337,selection
primary,Random windows,StepFBL1__rollout037__segment1__start0020,StepFBL1,StepFBL1__rollout037,True,0.1274273693561554,2.905583381652832,55.52195391185454,14.372419835932648,4.570901712356573,4.968070286506077,0.6262463645539816,selection
primary,Random windows,StepFBL1__rollout037__segment1__start0041,StepFBL1,StepFBL1__rollout037,True,0.20812362432479858,3.8652493953704834,69.9308156162107,29.31284435709021,4.119501678912856,3.665318640240235,1.103660960172843,selection
primary,Random windows,StepFBL1__rollout038__segment0__start0000,StepFBL1,StepFBL1__rollout038,True,0.0781233012676239,3.824800491333008,25.46898552963659,15.815046281279956,2.6316222951625177,2.686462275958262,0.9548458756983691,selection
primary,Random windows,StepFBL1__rollout038__segment0__start0032,StepFBL1,StepFBL1__rollout038,True,0.05117424577474594,1.3442336320877075,53.435221066978194,14.380619892426685,3.7656493139522027,3.9897347070852707,0.935407592012217,selection
primary,Random windows,StepFBL1__rollout038__segment0__start0065,StepFBL1,StepFBL1__rollout038,True,0.10491366684436798,1.130203366279602,55.12886672270167,20.62711409371815,4.413952244097929,4.862589506590333,0.5748551019459045,selection
primary,Random windows,StepFBL1__rollout038__segment1__start0000,StepFBL1,StepFBL1__rollout038,True,0.05173880606889725,2.9729597568511963,16.788118100705514,5.454756229786048,1.4636264235858418,1.6468148954060045,0.7672924334160902,selection
primary,Random windows,StepFBL1__rollout038__segment1__start0011,StepFBL1,StepFBL1__rollout038,True,0.05978601425886154,1.1245015859603882,14.398985988138561,4.760421968409934,1.730420217950994,1.8849755421784422,0.2975435796119931,selection
primary,Random windows,StepFBL1__rollout038__segment1__start0022,StepFBL1,StepFBL1__rollout038,True,0.11635288596153259,1.6859887838363647,48.05469843297944,14.66795713149347,3.9116471437772087,4.256599863719654,0.660128276508832,selection
primary,Random windows,StepFBL1__rollout039__segment0__start0000,StepFBL1,StepFBL1__rollout039,True,0.09984583407640457,3.4439327716827393,67.33188473091376,30.77813080410418,4.563129842763527,4.944719907313982,1.306791448388505,selection
primary,Random windows,StepFBL1__rollout039__segment0__start0070,StepFBL1,StepFBL1__rollout039,True,0.03612585365772247,0.9517502188682556,11.110838082193181,5.748914646724295,0.8896165238905478,0.9006626109136913,0.3943464487181532,selection
primary,Random windows,StepFBL1__rollout039__segment0__start0140,StepFBL1,StepFBL1__rollout039,True,0.04458813741803169,1.8077198266983032,27.024763046988294,9.5861152983026,1.8622882444321787,1.7832378308004015,0.7162454610570499,selection
primary,Servo-error coverage,CR7__rollout035__segment0__start0000,CR7,CR7__rollout035,True,0.01707209087908268,0.6025841236114502,6.8780210556835035,3.349865973979889,0.6423274820360412,0.6952690777939778,0.23793729397478505,selection
primary,Servo-error coverage,CR7__rollout035__segment0__start0070,CR7,CR7__rollout035,True,0.12852609157562256,5.197327613830566,72.03632805636934,50.34865067469692,7.95116526917616,6.641407742125422,2.562217899924098,selection
primary,Servo-error coverage,CR7__rollout035__segment0__start0140,CR7,CR7__rollout035,True,0.021458515897393227,1.5812255144119263,14.90715186258433,7.876698610611302,1.2512603964129745,1.4055292208357257,0.3126753531624687,selection
primary,Servo-error coverage,CR7__rollout036__segment0__start0000,CR7,CR7__rollout036,True,0.023858748376369476,0.5491610169410706,10.616477984516532,5.195051720162118,0.9668941548629036,1.0951134637183677,0.2684484127958978,selection
primary,Servo-error coverage,CR7__rollout036__segment0__start0070,CR7,CR7__rollout036,True,0.1446284055709839,4.351883411407471,95.79972226296829,61.45785957546962,9.526054662129056,9.344093558636994,2.6399749953719205,selection
primary,Servo-error coverage,CR7__rollout036__segment0__start0140,CR7,CR7__rollout036,True,0.02406146004796028,1.920146107673645,10.754005893185898,6.022899005267282,0.7956648579874567,0.7054938871434259,0.27041121364293663,selection
primary,Servo-error coverage,CR7__rollout037__segment0__start0000,CR7,CR7__rollout037,True,0.011683431454002857,1.5636630058288574,2.944190401933301,2.2971865830565488,0.4972496041484131,0.460790741441362,0.37390573343213884,selection
primary,Servo-error coverage,CR7__rollout037__segment0__start0070,CR7,CR7__rollout037,True,0.15863573551177979,5.488625526428223,117.9768960782211,83.1286602659238,13.113850182116424,12.188255088544887,3.893941408709564,selection
primary,Servo-error coverage,CR7__rollout037__segment0__start0140,CR7,CR7__rollout037,True,0.0567103773355484,2.296555280685425,34.28060320089376,19.131895159109867,2.8701440851366327,3.035150220109179,0.7882418839723646,selection
primary,Servo-error coverage,CR7__rollout038__segment0__start0000,CR7,CR7__rollout038,True,0.03675849363207817,0.8204721808433533,7.498047222631404,4.524474325557248,0.9074138392832902,0.8026419444478656,0.2648538742290394,selection
primary,Servo-error coverage,CR7__rollout038__segment0__start0070,CR7,CR7__rollout038,True,0.06117311492562294,2.9998762607574463,21.67742072586066,13.781953986024401,2.846484905194683,2.578401365329615,1.2067644128488328,selection
primary,Servo-error coverage,CR7__rollout038__segment0__start0140,CR7,CR7__rollout038,True,0.03549487888813019,0.8306136727333069,18.481098240997746,8.749248631835036,1.4927066654903431,1.6914132719691646,0.32206229956947563,selection
primary,Servo-error coverage,CR7__rollout039__segment0__start0000,CR7,CR7__rollout039,True,0.03440269082784653,0.8530851602554321,17.405208937099562,8.196716999060321,1.4892998478565107,1.6804601336101443,0.32658848130400026,selection
primary,Servo-error coverage,CR7__rollout039__segment0__start0070,CR7,CR7__rollout039,True,0.14865563809871674,5.239795207977295,93.41086762800451,62.670586718849535,9.764575722631896,9.337257817358703,2.8806777469471103,selection
primary,Servo-error coverage,CR7__rollout039__segment0__start0140,CR7,CR7__rollout039,True,0.025592897087335587,1.7616511583328247,17.817596626343384,10.98642317679824,1.9776753006603862,2.1244842967831863,0.6818206242600446,selection
primary,Servo-error coverage,SquatL1__rollout035__segment0__start0000,SquatL1,SquatL1__rollout035,True,0.025726843625307083,1.4815714359283447,9.320587603287507,4.925665108608078,0.5504299719010415,0.48041212986761156,0.3623071480174574,selection
primary,Servo-error coverage,SquatL1__rollout035__segment0__start0102,SquatL1,SquatL1__rollout035,True,0.048082709312438965,1.3027477264404297,27.256348553821518,10.441426430406468,2.1355497917995794,2.493177561971603,0.1879203231986038,selection
primary,Servo-error coverage,SquatL1__rollout035__segment0__start0205,SquatL1,SquatL1__rollout035,True,0.04215846210718155,0.6219327449798584,20.85562634633314,7.1922842470355315,1.1107319279866927,1.2888619004743294,0.11538277915333889,selection
primary,Servo-error coverage,SquatL1__rollout036__segment0__start0000,SquatL1,SquatL1__rollout036,True,0.029828405007719994,1.3315098285675049,10.321356593752133,6.337023961106439,0.7592930112082086,0.7361292452608079,0.33062802434918726,selection
primary,Servo-error coverage,SquatL1__rollout036__segment0__start0072,SquatL1,SquatL1__rollout036,True,0.08420215547084808,1.4015778303146362,49.75756831157668,21.139389921820158,3.6885194609783767,4.204940247522268,0.35535429417611847,selection
primary,Servo-error coverage,SquatL1__rollout036__segment0__start0144,SquatL1,SquatL1__rollout036,True,0.061114270240068436,2.054015636444092,51.87535386248445,24.323699856393027,4.162792953033952,4.429710058221507,0.695967357360384,selection
primary,Servo-error coverage,SquatL1__rollout036__segment1__start0000,SquatL1,SquatL1__rollout036,True,0.021788476034998894,0.6932210922241211,8.142195673413541,3.871887513095516,0.5017300392550905,0.475223020298253,0.22519345363842624,selection
primary,Servo-error coverage,SquatL1__rollout036__segment1__start0004,SquatL1,SquatL1__rollout036,True,0.029490821063518524,0.5089203119277954,11.429446874777659,4.769323102391371,0.6951882365596869,0.7770835061132424,0.13248218605182438,selection
primary,Servo-error coverage,SquatL1__rollout036__segment1__start0008,SquatL1,SquatL1__rollout036,True,0.03310415893793106,0.4935956299304962,14.523395577741852,6.580241096246246,0.9863298213551827,1.1498711032778297,0.12972093750879635,selection
primary,Servo-error coverage,SquatL1__rollout037__segment0__start0000,SquatL1,SquatL1__rollout037,True,0.02873273566365242,1.1401044130325317,13.901845536931047,7.958623284618497,1.0138622802444583,1.0374690652345364,0.40014377490490677,selection
primary,Servo-error coverage,SquatL1__rollout037__segment0__start0064,SquatL1,SquatL1__rollout037,True,0.04928149655461311,1.3574659824371338,28.09192923858481,12.302422315520024,2.4061209089447613,2.6047357342369923,0.29764268086720674,selection
primary,Servo-error coverage,SquatL1__rollout037__segment0__start0128,SquatL1,SquatL1__rollout037,True,0.0795927420258522,1.4110302925109863,53.35575367700176,20.216648338073615,4.152109607688507,4.342550844006805,0.7074796787328217,selection
primary,Servo-error coverage,SquatL1__rollout037__segment1__start0000,SquatL1,SquatL1__rollout037,True,0.016324415802955627,1.1637883186340332,3.5484756275165834,1.8019784601772761,0.3741078432823073,0.4249691580657736,0.19534393459159585,selection
primary,Servo-error coverage,SquatL1__rollout037__segment1__start0012,SquatL1,SquatL1__rollout037,True,0.009125258773565292,1.2531126737594604,5.440946834905594,3.109670539843003,0.43041095605509977,0.4976643819977947,0.08222837324888127,selection
primary,Servo-error coverage,SquatL1__rollout037__segment1__start0024,SquatL1,SquatL1__rollout037,True,0.01619708724319935,0.2935764789581299,9.835040561897099,4.612307924592167,0.7516051670602475,0.8904412805778367,0.09200118696928496,selection
primary,Servo-error coverage,SquatL1__rollout038__segment0__start0000,SquatL1,SquatL1__rollout038,True,0.018963675945997238,0.9193623065948486,6.608563496439527,3.511954065522742,0.48021752751135693,0.49983323478147895,0.243226353510711,selection
primary,Servo-error coverage,SquatL1__rollout038__segment0__start0073,SquatL1,SquatL1__rollout038,True,0.06277459114789963,1.4583958387374878,41.59746989046429,17.754394824115355,3.124497203938615,3.5216302869609057,0.3567458466602799,selection
primary,Servo-error coverage,SquatL1__rollout038__segment0__start0146,SquatL1,SquatL1__rollout038,True,0.06153988093137741,1.8382962942123413,51.74090538372987,27.38020538383932,4.468607950172214,4.471231201484329,0.7935148852557685,selection
primary,Servo-error coverage,SquatL1__rollout038__segment1__start0000,SquatL1,SquatL1__rollout038,True,0.013993581756949425,0.8971275091171265,3.606535819709547,1.8306892411585753,0.2650365426152601,0.28263165957690967,0.1587291280390712,selection
primary,Servo-error coverage,SquatL1__rollout038__segment1__start0003,SquatL1,SquatL1__rollout038,True,0.01060809101909399,0.5457358956336975,6.597845226046495,2.904572858240696,0.48341912192164904,0.5450352200038383,0.09992696854141479,selection
primary,Servo-error coverage,SquatL1__rollout038__segment1__start0006,SquatL1,SquatL1__rollout038,True,0.01611381769180298,0.4353856146335602,10.656111225917124,5.001384968677581,0.7925187255833672,0.941180506504915,0.07134733336385013,selection
primary,Servo-error coverage,SquatL1__rollout039__segment0__start0000,SquatL1,SquatL1__rollout039,True,0.038424331694841385,1.3438235521316528,18.840065124398656,10.657805707736282,1.3971823265157797,1.4792792903454097,0.44089580539305473,selection
primary,Servo-error coverage,SquatL1__rollout039__segment0__start0076,SquatL1,SquatL1__rollout039,True,0.09155960381031036,1.398711919784546,56.00873222509027,23.88722808474685,4.044541019210203,4.495250907456253,0.4395716435088591,selection
primary,Servo-error coverage,SquatL1__rollout039__segment0__start0153,SquatL1,SquatL1__rollout039,True,0.20135906338691711,2.367621421813965,90.61860655434461,66.67102518048189,7.386067855297579,6.963344291045219,1.275496244352637,selection
primary,Servo-error coverage,StepFBL1__rollout035__segment0__start0000,StepFBL1,StepFBL1__rollout035,True,0.0422775037586689,1.883368968963623,15.165764210893558,8.037669693549736,1.9226897303079378,2.0029000609659935,0.6755812164622187,selection
primary,Servo-error coverage,StepFBL1__rollout035__segment0__start0028,StepFBL1,StepFBL1__rollout035,True,0.09028339385986328,3.943389415740967,58.46464946938706,25.186666198556527,4.8610226892263535,5.078529355576597,1.1333895331448693,selection
primary,Servo-error coverage,StepFBL1__rollout035__segment0__start0056,StepFBL1,StepFBL1__rollout035,True,0.10678896307945251,1.4496471881866455,46.4384772177714,20.76866685573252,4.200410910060681,4.199095206058893,0.8676760991230046,selection
primary,Servo-error coverage,StepFBL1__rollout035__segment1__start0000,StepFBL1,StepFBL1__rollout035,True,0.1072528213262558,1.9457290172576904,68.53030585758644,31.146653633003982,5.38370805516213,6.147456171869954,0.6762916563030031,selection
primary,Servo-error coverage,StepFBL1__rollout035__segment1__start0015,StepFBL1,StepFBL1__rollout035,True,0.2942076623439789,4.398433685302734,76.97531143691938,47.87740924773381,6.0975261143791455,4.714595577965315,0.8709689627673999,selection
primary,Servo-error coverage,StepFBL1__rollout035__segment1__start0031,StepFBL1,StepFBL1__rollout035,True,0.17694208025932312,4.5352463722229,82.65589169027055,55.092873130174965,7.865962392637569,7.154750987166426,1.9102131030925886,selection
primary,Servo-error coverage,StepFBL1__rollout036__segment0__start0000,StepFBL1,StepFBL1__rollout036,True,0.10320023447275162,1.7465980052947998,71.14740062236156,32.5023904268412,5.754577599872605,6.410984946240753,0.9188656887228778,selection
primary,Servo-error coverage,StepFBL1__rollout036__segment0__start0020,StepFBL1,StepFBL1__rollout036,True,0.2973769009113312,4.925599098205566,75.66075069594103,48.39707388493889,7.294437796845638,6.1242780055738715,2.3173894461647815,selection
primary,Servo-error coverage,StepFBL1__rollout036__segment0__start0041,StepFBL1,StepFBL1__rollout036,True,0.2690177261829376,4.716611862182617,180.70647756514387,101.9061302202193,15.887979156389127,16.015651109333664,2.693901130954076,selection
primary,Servo-error coverage,StepFBL1__rollout036__segment1__start0000,StepFBL1,StepFBL1__rollout036,True,0.07990030944347382,2.058305501937866,53.78721166038477,23.005788869147093,4.369494264719723,5.067587003426809,0.6016072051094447,selection
primary,Servo-error coverage,StepFBL1__rollout036__segment1__start0023,StepFBL1,StepFBL1__rollout036,True,0.13529419898986816,2.0189785957336426,63.225261051792,29.36918722397346,4.872505892631673,5.194442985657614,0.9279745771543905,selection
primary,Servo-error coverage,StepFBL1__rollout036__segment1__start0046,StepFBL1,StepFBL1__rollout036,True,0.08648587763309479,2.2411506175994873,73.08869727444556,35.01792541787647,6.164234092942736,6.654427421746739,1.1421420341795256,selection
primary,Servo-error coverage,StepFBL1__rollout037__segment0__start0000,StepFBL1,StepFBL1__rollout037,True,0.07723259925842285,1.7104432582855225,52.49518900932806,22.676965121299354,4.317584853045441,4.829535878663555,0.7796269569553071,selection
primary,Servo-error coverage,StepFBL1__rollout037__segment0__start0023,StepFBL1,StepFBL1__rollout037,True,0.26593655347824097,5.388189792633057,79.44926047062188,47.61653256286242,7.824505906099563,6.90192533065571,2.265076262236895,selection
primary,Servo-error coverage,StepFBL1__rollout037__segment0__start0046,StepFBL1,StepFBL1__rollout037,True,0.21601611375808716,5.08500862121582,159.62251661538335,82.25411635019928,13.814529168929882,14.331829972789265,2.481884369087381,selection
primary,Servo-error coverage,StepFBL1__rollout037__segment1__start0000,StepFBL1,StepFBL1__rollout037,True,0.08638156950473785,1.9144628047943115,55.190889121156964,23.93040079583786,4.39895700240513,5.140670441389948,0.6352109316031154,selection
primary,Servo-error coverage,StepFBL1__rollout037__segment1__start0020,StepFBL1,StepFBL1__rollout037,True,0.14003019034862518,3.0688271522521973,64.33336631829995,31.745695346858685,5.296291278138592,5.392432132526156,0.8042941476109026,selection
primary,Servo-error coverage,StepFBL1__rollout037__segment1__start0041,StepFBL1,StepFBL1__rollout037,True,0.17442113161087036,3.588143825531006,88.63322443099477,49.155991694601084,7.83252623850382,8.212356520924718,1.3443487082736902,selection
primary,Servo-error coverage,StepFBL1__rollout038__segment0__start0000,StepFBL1,StepFBL1__rollout038,True,0.056921448558568954,1.9590789079666138,40.544492040961266,16.30278239244277,3.43669965230378,3.834115984630479,0.6351503082958735,selection
primary,Servo-error coverage,StepFBL1__rollout038__segment0__start0032,StepFBL1,StepFBL1__rollout038,True,0.053215183317661285,1.4542022943496704,41.46400791230937,14.93098652862276,3.413361011613236,3.5779535547110637,1.122204013730756,selection
primary,Servo-error coverage,StepFBL1__rollout038__segment0__start0065,StepFBL1,StepFBL1__rollout038,True,0.10124427080154419,1.3425564765930176,55.84242561629695,24.642841773022898,4.673203159106336,4.882139855557574,0.6822867020001491,selection
primary,Servo-error coverage,StepFBL1__rollout038__segment1__start0000,StepFBL1,StepFBL1__rollout038,True,0.11857641488313675,1.355681300163269,74.60404941559251,34.83463620781177,5.798161382224584,6.781009991231768,0.7716980113152788,selection
primary,Servo-error coverage,StepFBL1__rollout038__segment1__start0011,StepFBL1,StepFBL1__rollout038,True,0.07328037172555923,1.4018101692199707,52.5430900948859,22.88857401113733,4.353789523646314,5.024680217305774,0.3723666309432243,selection
primary,Servo-error coverage,StepFBL1__rollout038__segment1__start0022,StepFBL1,StepFBL1__rollout038,True,0.13407059013843536,1.7585748434066772,65.81943886869675,27.71301430451776,5.279523362391052,5.5685807110656755,0.664070042944588,selection
primary,Servo-error coverage,StepFBL1__rollout039__segment0__start0000,StepFBL1,StepFBL1__rollout039,True,0.09532502293586731,1.5114531517028809,66.55853925258803,31.6998121380465,4.384626204363564,4.955266260593572,0.8568700527611465,selection
primary,Servo-error coverage,StepFBL1__rollout039__segment0__start0070,StepFBL1,StepFBL1__rollout039,True,0.03848373517394066,0.720008134841919,23.31464804888137,9.446394201981173,1.8966087460588383,2.214595854542457,0.2689403041908137,selection
primary,Servo-error coverage,StepFBL1__rollout039__segment0__start0140,StepFBL1,StepFBL1__rollout039,True,0.0720832571387291,1.250148892402649,37.96050503541628,20.431631151707112,3.1420089871195795,3.3781754848781196,0.8051054003570743,selection
repeat,Random windows,CR7__rollout035__segment0__start0000,CR7,CR7__rollout035,True,0.02594328112900257,0.7504125237464905,11.83790850934532,6.043757243825461,0.9390984117208174,1.022246608321001,0.2854182770104505,selection
repeat,Random windows,CR7__rollout035__segment0__start0070,CR7,CR7__rollout035,True,0.08106435835361481,3.93900203704834,47.21999492043081,29.145731879111217,4.240924888887861,3.053228644810345,1.7310147368966522,selection
repeat,Random windows,CR7__rollout035__segment0__start0140,CR7,CR7__rollout035,True,0.01831860840320587,1.6607167720794678,7.695547199472247,5.070930123015554,0.69354734718997,0.6536349565754682,0.31178248870597147,selection
repeat,Random windows,CR7__rollout036__segment0__start0000,CR7,CR7__rollout036,True,0.03083796240389347,0.8530256748199463,14.744833764300136,7.941812558647307,1.2061182995970887,1.337565764186297,0.34025389316275184,selection
repeat,Random windows,CR7__rollout036__segment0__start0070,CR7,CR7__rollout036,True,0.1274716556072235,4.200820446014404,79.21824190260602,38.92410466107862,7.417434720631507,7.001622378099185,2.4444042531779235,selection
repeat,Random windows,CR7__rollout036__segment0__start0140,CR7,CR7__rollout036,True,0.03837090730667114,1.9700700044631958,17.59114146685832,8.06340529683359,1.2614133262478733,1.3356943970825788,0.28988172820572283,selection
repeat,Random windows,CR7__rollout037__segment0__start0000,CR7,CR7__rollout037,True,0.01942409761250019,1.5732344388961792,7.067584234468327,4.4466128514481955,0.6579187394893019,0.6711479007020593,0.3413795828659826,selection
repeat,Random windows,CR7__rollout037__segment0__start0070,CR7,CR7__rollout037,True,0.17759521305561066,5.804654121398926,100.54897178901373,64.41764728717183,11.064373979289329,10.241665294543395,3.509936786186545,selection
repeat,Random windows,CR7__rollout037__segment0__start0140,CR7,CR7__rollout037,True,0.027432478964328766,1.7028578519821167,18.693432473790796,13.89019458899477,1.6457746876618164,1.519437642218358,0.6667919546673531,selection
repeat,Random windows,CR7__rollout038__segment0__start0000,CR7,CR7__rollout038,True,0.03127571940422058,0.9216954112052917,9.450356755271553,5.436823526785449,0.8864896275199474,0.8655603229855554,0.30064748243151473,selection
repeat,Random windows,CR7__rollout038__segment0__start0070,CR7,CR7__rollout038,True,0.0698278620839119,3.2049193382263184,18.64530165266743,15.099157633773933,2.444000765826749,1.989494220152988,1.3730947827847249,selection
repeat,Random windows,CR7__rollout038__segment0__start0140,CR7,CR7__rollout038,True,0.01658523641526699,1.0196459293365479,4.849484305729504,4.060703888255863,0.4546319956737125,0.3730753315971148,0.29027782916774036,selection
repeat,Random windows,CR7__rollout039__segment0__start0000,CR7,CR7__rollout039,True,0.03929497301578522,0.8926006555557251,21.294558353760106,10.592929804977105,1.6954304850286632,1.8942886682673827,0.3768518808670915,selection
repeat,Random windows,CR7__rollout039__segment0__start0070,CR7,CR7__rollout039,True,0.11891303956508636,5.14661169052124,67.39793170386231,36.19933166691281,6.4625842569636065,5.75574769392058,2.3411225727365066,selection
repeat,Random windows,CR7__rollout039__segment0__start0140,CR7,CR7__rollout039,True,0.021425098180770874,1.8308145999908447,14.3642639336913,8.860013973239772,1.4104150201792072,1.4537403467890757,0.6066077895963802,selection
repeat,Random windows,SquatL1__rollout035__segment0__start0000,SquatL1,SquatL1__rollout035,True,0.06626476347446442,2.1532154083251953,39.85260174203657,17.296983591911154,2.8557906382523304,3.2343855271804447,0.537647004734284,selection
repeat,Random windows,SquatL1__rollout035__segment0__start0102,SquatL1,SquatL1__rollout035,True,0.027377374470233917,1.378716230392456,17.256764465202767,6.134891331554741,0.9771486248438921,1.0504137357225674,0.13646388704688506,selection
repeat,Random windows,SquatL1__rollout035__segment0__start0205,SquatL1,SquatL1__rollout035,True,0.02599949948489666,0.6353738903999329,16.15079687551661,5.7947654727285896,1.1441215231334962,1.3174794885333836,0.12052157379953012,selection
repeat,Random windows,SquatL1__rollout036__segment0__start0000,SquatL1,SquatL1__rollout036,True,0.04150264337658882,1.8119516372680664,6.666736194750942,3.0603475749811255,0.693965750651519,0.7199385151667205,0.2596008846375168,selection
repeat,Random windows,SquatL1__rollout036__segment0__start0072,SquatL1,SquatL1__rollout036,True,0.058478452265262604,1.0012524127960205,28.993904895893714,16.121553983913497,2.1953382890459885,2.4685008881422665,0.2677701579952472,selection
repeat,Random windows,SquatL1__rollout036__segment0__start0144,SquatL1,SquatL1__rollout036,True,0.10136517137289047,2.0692293643951416,46.82292410468551,23.27844402427157,4.076738193379378,4.22520436759207,0.6876243636576375,selection
repeat,Random windows,SquatL1__rollout036__segment1__start0000,SquatL1,SquatL1__rollout036,True,0.047347426414489746,0.9402830004692078,14.592238798310602,5.861618888657049,1.1801128985869243,1.273028411641248,0.2639543622937894,selection
repeat,Random windows,SquatL1__rollout036__segment1__start0004,SquatL1,SquatL1__rollout036,True,0.04652450978755951,0.7079342603683472,19.101483119804314,7.531207456231332,1.3854639260083892,1.5352859076758163,0.19051773996045576,selection
repeat,Random windows,SquatL1__rollout036__segment1__start0008,SquatL1,SquatL1__rollout036,True,0.05234390124678612,0.9998946785926819,14.529962331114124,6.809815033677242,1.0233997942338429,1.1297135360075152,0.12587936186049906,selection
repeat,Random windows,SquatL1__rollout037__segment0__start0000,SquatL1,SquatL1__rollout037,True,0.040184009820222855,1.4412492513656616,14.411026156034653,6.730485810921087,1.108601441929696,1.1858295110736756,0.4054080257074523,selection
repeat,Random windows,SquatL1__rollout037__segment0__start0064,SquatL1,SquatL1__rollout037,True,0.055239446461200714,1.0123291015625,25.214479469240587,12.553514012781417,2.153944351467621,2.363740667264363,0.34581640625821103,selection
repeat,Random windows,SquatL1__rollout037__segment0__start0128,SquatL1,SquatL1__rollout037,True,0.08416509628295898,1.4731446504592896,59.73664993904597,23.57096469451374,4.64630686955579,5.174441794039634,0.6677354312616369,selection
repeat,Random windows,SquatL1__rollout037__segment1__start0000,SquatL1,SquatL1__rollout037,True,0.0421503446996212,1.452461838722229,23.335712008108118,11.061887743799085,1.7921298701517399,2.04855741655293,0.28451655392891784,selection
repeat,Random windows,SquatL1__rollout037__segment1__start0012,SquatL1,SquatL1__rollout037,True,0.03382780775427818,1.0774531364440918,14.558831695741851,6.0889436466200975,1.144918681054481,1.319714267415418,0.15121326482691416,selection
repeat,Random windows,SquatL1__rollout037__segment1__start0024,SquatL1,SquatL1__rollout037,True,0.03069770522415638,0.3779909014701843,10.833330193587695,4.585000030189993,0.932975148369022,1.0528185629733626,0.16775243342725799,selection
repeat,Random windows,SquatL1__rollout038__segment0__start0000,SquatL1,SquatL1__rollout038,True,0.041143886744976044,1.517767071723938,13.36882958506937,5.7005614135200595,1.144869543703619,1.1945418479692576,0.4413010235810539,selection
repeat,Random windows,SquatL1__rollout038__segment0__start0073,SquatL1,SquatL1__rollout038,True,0.05840165913105011,0.9238637685775757,30.42289353300864,15.924124042876006,2.3386219002883344,2.639079162043234,0.29377880938633244,selection
repeat,Random windows,SquatL1__rollout038__segment0__start0146,SquatL1,SquatL1__rollout038,True,0.11119958013296127,2.3326222896575928,40.97927206921721,19.602932435968963,3.7195601393953583,3.7868119358968624,0.8705581302102289,selection
repeat,Random windows,SquatL1__rollout038__segment1__start0000,SquatL1,SquatL1__rollout038,True,0.029657620936632156,0.8392375111579895,10.123038141509218,3.9127551134702707,0.7896092010654929,0.9008217307445157,0.1712104740421567,selection
repeat,Random windows,SquatL1__rollout038__segment1__start0003,SquatL1,SquatL1__rollout038,True,0.02555207349359989,1.974155306816101,13.649125545295696,6.0076085928756555,1.018397979979422,1.1198877903256865,0.28419418725034357,selection
repeat,Random windows,SquatL1__rollout038__segment1__start0006,SquatL1,SquatL1__rollout038,True,0.012659618631005287,0.48660603165626526,5.726941651405358,2.424550940406581,0.5010614228686845,0.5781364347035065,0.12545994475703123,selection
repeat,Random windows,SquatL1__rollout039__segment0__start0000,SquatL1,SquatL1__rollout039,True,0.048453476279973984,1.6240074634552002,20.105256791839928,9.678431115332074,1.5732745655693172,1.7521288216399535,0.43642945823258683,selection
repeat,Random windows,SquatL1__rollout039__segment0__start0076,SquatL1,SquatL1__rollout039,True,0.07666271179914474,1.0174773931503296,37.74822618759128,22.87881268075195,2.8622877893648475,3.1767382837559635,0.3390074730093678,selection
repeat,Random windows,SquatL1__rollout039__segment0__start0153,SquatL1,SquatL1__rollout039,True,0.14439554512500763,3.0513436794281006,69.83204449320444,54.09734883168893,5.80353058688822,5.564123378938462,0.9114061949729818,selection
repeat,Random windows,StepFBL1__rollout035__segment0__start0000,StepFBL1,StepFBL1__rollout035,True,0.24712198972702026,3.979567289352417,133.80176199919617,66.39634917973481,10.794453610133912,11.804676681798423,2.2127381544662548,selection
repeat,Random windows,StepFBL1__rollout035__segment0__start0028,StepFBL1,StepFBL1__rollout035,True,0.07409198582172394,3.1914753913879395,34.69495393897175,11.724766124644734,2.5793208368138734,2.34360246950252,1.056436134537795,selection
repeat,Random windows,StepFBL1__rollout035__segment0__start0056,StepFBL1,StepFBL1__rollout035,True,0.09281003475189209,2.220705986022949,49.21904324586633,23.17015398729199,4.420127515281677,4.443456423354586,1.0786249330282622,selection
repeat,Random windows,StepFBL1__rollout035__segment1__start0000,StepFBL1,StepFBL1__rollout035,True,0.17742565274238586,4.462092876434326,71.07412771484607,43.508132290207,6.594058639401151,7.075372796454269,1.6321180830463444,selection
repeat,Random windows,StepFBL1__rollout035__segment1__start0015,StepFBL1,StepFBL1__rollout035,True,0.12721514701843262,4.5035600662231445,21.000502811512742,10.589438597374416,2.264479444047555,1.9222876270916696,0.5478323644628932,selection
repeat,Random windows,StepFBL1__rollout035__segment1__start0031,StepFBL1,StepFBL1__rollout035,True,0.08247771114110947,3.4206321239471436,25.330528048859687,14.786099342604896,2.967618355772644,2.5979392055616555,0.9537784131275248,selection
repeat,Random windows,StepFBL1__rollout036__segment0__start0000,StepFBL1,StepFBL1__rollout036,True,0.1482580304145813,5.057722568511963,31.133038726859965,19.462027510347,2.8327350309491686,2.327211075852213,1.3982531154420093,selection
repeat,Random windows,StepFBL1__rollout036__segment0__start0020,StepFBL1,StepFBL1__rollout036,True,0.09425675123929977,4.368487358093262,25.5989417082763,10.152970601134728,2.541059718842594,2.310318080584458,0.8033398517550407,selection
repeat,Random windows,StepFBL1__rollout036__segment0__start0041,StepFBL1,StepFBL1__rollout036,True,0.13213732838630676,4.295840740203857,76.91285818842266,35.99864606828484,7.0090122130824,7.065594974155135,1.7251011364580124,selection
repeat,Random windows,StepFBL1__rollout036__segment1__start0000,StepFBL1,StepFBL1__rollout036,True,0.09777465462684631,4.177114963531494,22.78736861669293,11.12272061315566,2.045898793943783,1.7354220772625433,1.4828364474442708,selection
repeat,Random windows,StepFBL1__rollout036__segment1__start0023,StepFBL1,StepFBL1__rollout036,True,0.05773146077990532,1.0627777576446533,21.779506025502336,7.246861719658192,1.788519485476283,1.860501885806755,0.6164287799531338,selection
repeat,Random windows,StepFBL1__rollout036__segment1__start0046,StepFBL1,StepFBL1__rollout036,True,0.06473298370838165,2.2485523223876953,24.114597043987235,11.120845587079883,2.2298727989400007,2.0461991828324635,0.9472663612034432,selection
repeat,Random windows,StepFBL1__rollout037__segment0__start0000,StepFBL1,StepFBL1__rollout037,True,0.16841715574264526,4.431441783905029,50.80643143575672,27.271869228935543,4.9844250698752015,5.250753877564688,1.5089238928900435,selection
repeat,Random windows,StepFBL1__rollout037__segment0__start0023,StepFBL1,StepFBL1__rollout037,True,0.11795280873775482,4.743527889251709,27.72067099098037,10.926643735630364,3.1316161791717656,2.7948852940807214,0.955341720363792,selection
repeat,Random windows,StepFBL1__rollout037__segment0__start0046,StepFBL1,StepFBL1__rollout037,True,0.1547408103942871,4.925469398498535,85.89203655019186,36.352314084448246,8.1093233624468,8.108579962385518,1.914182106487529,selection
repeat,Random windows,StepFBL1__rollout037__segment1__start0000,StepFBL1,StepFBL1__rollout037,True,0.13653938472270966,4.272068977355957,45.68574580284709,32.14560040625258,4.473560554278687,4.760863516536101,1.5653812121115707,selection
repeat,Random windows,StepFBL1__rollout037__segment1__start0020,StepFBL1,StepFBL1__rollout037,True,0.057267989963293076,2.686903238296509,16.51353084230351,6.552719876728575,1.4534102741168045,1.484249299889822,0.3621231663968209,selection
repeat,Random windows,StepFBL1__rollout037__segment1__start0041,StepFBL1,StepFBL1__rollout037,True,0.08716478943824768,2.6082725524902344,45.80721817449965,13.429437030334249,2.859909202755122,2.9447080460574537,0.6333586579752475,selection
repeat,Random windows,StepFBL1__rollout038__segment0__start0000,StepFBL1,StepFBL1__rollout038,True,0.11038049310445786,4.03764009475708,21.98607702016533,13.502926413290075,2.6106200526991716,2.6566011191914582,1.1776234287228797,selection
repeat,Random windows,StepFBL1__rollout038__segment0__start0032,StepFBL1,StepFBL1__rollout038,True,0.08541087061166763,1.4063434600830078,36.315411093660856,17.857305194423745,3.377507891357573,3.2780449407103176,1.243118865983631,selection
repeat,Random windows,StepFBL1__rollout038__segment0__start0065,StepFBL1,StepFBL1__rollout038,True,0.033831994980573654,1.215168833732605,27.839449714114092,11.239441205304741,2.2945999600881515,2.3961483775853063,0.4400340033864918,selection
repeat,Random windows,StepFBL1__rollout038__segment1__start0000,StepFBL1,StepFBL1__rollout038,True,0.14443650841712952,4.195417881011963,48.804399867622266,32.30843880250356,4.828815205182462,5.047243933695975,1.4575241070889313,selection
repeat,Random windows,StepFBL1__rollout038__segment1__start0011,StepFBL1,StepFBL1__rollout038,True,0.031789861619472504,0.8322632312774658,5.7266209660835665,2.7273627285358244,0.6191116992254437,0.6154758304625826,0.18105184483246628,selection
repeat,Random windows,StepFBL1__rollout038__segment1__start0022,StepFBL1,StepFBL1__rollout038,True,0.05612390488386154,1.3287168741226196,17.9141595582323,6.037658384162551,1.58076472337689,1.6637456502111292,0.4281147383838304,selection
repeat,Random windows,StepFBL1__rollout039__segment0__start0000,StepFBL1,StepFBL1__rollout039,True,0.11952655017375946,4.026468753814697,61.81072322316183,33.9660600694253,5.097181904172204,5.524799771996658,1.6019760718045064,selection
repeat,Random windows,StepFBL1__rollout039__segment0__start0070,StepFBL1,StepFBL1__rollout039,True,0.03026476502418518,0.8309811949729919,9.003990659780703,4.075010121534138,0.8129493289701609,0.8960956602539889,0.20524506748311272,selection
repeat,Random windows,StepFBL1__rollout039__segment0__start0140,StepFBL1,StepFBL1__rollout039,True,0.10157642513513565,1.6731668710708618,35.317417731173094,23.149823564529083,3.3752178615750927,3.5664197513043154,0.8208927066115491,selection
repeat,Servo-error coverage,CR7__rollout035__segment0__start0000,CR7,CR7__rollout035,True,0.019637832418084145,1.8183093070983887,9.305130817532268,5.5932050631708154,0.7165137638275589,0.7228625711194504,0.3930102931945329,selection
repeat,Servo-error coverage,CR7__rollout035__segment0__start0070,CR7,CR7__rollout035,True,0.14306379854679108,5.708663463592529,66.81729540541038,45.32879229194689,7.8338633337482495,6.621147632520167,3.09226702825281,selection
repeat,Servo-error coverage,CR7__rollout035__segment0__start0140,CR7,CR7__rollout035,True,0.019167328253388405,1.6066675186157227,8.468805090841432,4.9791869036093255,0.8664044599208672,0.9187255952909608,0.31941998941315924,selection
repeat,Servo-error coverage,CR7__rollout036__segment0__start0000,CR7,CR7__rollout036,True,0.01911049336194992,1.4272783994674683,9.75313870084348,5.727741586460705,0.7220286112010829,0.740360483574808,0.35123651780639936,selection
repeat,Servo-error coverage,CR7__rollout036__segment0__start0070,CR7,CR7__rollout036,True,0.14974431693553925,3.526158332824707,78.20806867725614,45.748878944705176,7.123954864330074,6.968075852524149,2.1747141124065115,selection
repeat,Servo-error coverage,CR7__rollout036__segment0__start0140,CR7,CR7__rollout036,True,0.022052081301808357,1.90162992477417,16.423136350054587,8.517702420450707,1.194143457060408,1.2742067844788285,0.2928673140227573,selection
repeat,Servo-error coverage,CR7__rollout037__segment0__start0000,CR7,CR7__rollout037,True,0.017275068908929825,1.5367799997329712,7.894342729706445,4.589648079712676,0.6716882409438776,0.6514714164636649,0.45247246452277884,selection
repeat,Servo-error coverage,CR7__rollout037__segment0__start0070,CR7,CR7__rollout037,True,0.14534403383731842,4.61213493347168,97.9959096945227,67.1323568333815,11.189230466594859,10.32449621181515,3.730013775765188,selection
repeat,Servo-error coverage,CR7__rollout037__segment0__start0140,CR7,CR7__rollout037,True,0.032153885811567307,2.3494343757629395,21.37278462408172,13.517861725861636,2.0397845007659265,1.9665627805625536,0.8221130851866418,selection
repeat,Servo-error coverage,CR7__rollout038__segment0__start0000,CR7,CR7__rollout038,True,0.0338381752371788,1.292654275894165,9.660654668847897,5.981579023964241,1.1449835599146696,0.916070623057846,0.39293367061422685,selection
repeat,Servo-error coverage,CR7__rollout038__segment0__start0070,CR7,CR7__rollout038,True,0.055888306349515915,3.4183542728424072,22.144095865840153,13.86266211470778,3.049858084646606,2.7262411751761535,1.863774312656528,selection
repeat,Servo-error coverage,CR7__rollout038__segment0__start0140,CR7,CR7__rollout038,True,0.02163095772266388,1.2455248832702637,6.148483633080344,3.91905465965132,0.7994156819488144,0.787200512164693,0.3908873303988478,selection
repeat,Servo-error coverage,CR7__rollout039__segment0__start0000,CR7,CR7__rollout039,True,0.01743389666080475,1.4098769426345825,5.07995518862456,3.533108971839695,0.47988155816642775,0.45071992375232944,0.4154824488846832,selection
repeat,Servo-error coverage,CR7__rollout039__segment0__start0070,CR7,CR7__rollout039,True,0.15703730285167694,4.736487865447998,76.06606798233037,48.87335068600023,7.662029344779091,7.2356614438665865,2.518452411793006,selection
repeat,Servo-error coverage,CR7__rollout039__segment0__start0140,CR7,CR7__rollout039,True,0.023546097800135612,1.8564739227294922,15.339354081934056,8.852241987560198,1.8548935084910974,1.9521413881016705,0.7399742547319534,selection
repeat,Servo-error coverage,SquatL1__rollout035__segment0__start0000,SquatL1,SquatL1__rollout035,True,0.0558052659034729,1.1989420652389526,28.73279081115387,13.134069204302357,2.3410581818184024,2.6685413635596635,0.49018344995831037,selection
repeat,Servo-error coverage,SquatL1__rollout035__segment0__start0102,SquatL1,SquatL1__rollout035,True,0.10550037026405334,1.0651332139968872,48.379477205325465,22.239093891900268,3.251044223291166,3.6856369479353472,0.30676792216686627,selection
repeat,Servo-error coverage,SquatL1__rollout035__segment0__start0205,SquatL1,SquatL1__rollout035,True,0.03666238859295845,1.0058356523513794,18.13586077854065,8.899505710740483,1.0496876831413746,0.9111361740198097,0.15926270123742742,selection
repeat,Servo-error coverage,SquatL1__rollout036__segment0__start0000,SquatL1,SquatL1__rollout036,True,0.05403639003634453,0.8396947383880615,28.34959744332921,13.780523641663423,2.3132691281334696,2.6822088900739485,0.3314177316737069,selection
repeat,Servo-error coverage,SquatL1__rollout036__segment0__start0072,SquatL1,SquatL1__rollout036,True,0.11977718770503998,1.0725533962249756,63.83090434791959,26.515331990796568,4.786888944101146,5.309107180173339,0.4859070753658711,selection
repeat,Servo-error coverage,SquatL1__rollout036__segment0__start0144,SquatL1,SquatL1__rollout036,True,0.09790459275245667,4.383493900299072,39.984551404599145,19.724380473460986,3.6024780155563887,3.6203251636404388,0.8531290088378404,selection
repeat,Servo-error coverage,SquatL1__rollout036__segment1__start0000,SquatL1,SquatL1__rollout036,True,0.03660784289240837,0.6026753187179565,19.986190581568373,9.755245747448996,1.615177557785481,1.8586631242453209,0.25208303610077964,selection
repeat,Servo-error coverage,SquatL1__rollout036__segment1__start0004,SquatL1,SquatL1__rollout036,True,0.027079695835709572,0.34917932748794556,16.243589496784963,7.499460376111068,1.2709516713023092,1.4845958251202611,0.15306740402406355,selection
repeat,Servo-error coverage,SquatL1__rollout036__segment1__start0008,SquatL1,SquatL1__rollout036,True,0.025742020457983017,0.5489504337310791,15.028424062308941,6.618408789841286,1.1805129931458143,1.3950584440214084,0.12971327660931903,selection
repeat,Servo-error coverage,SquatL1__rollout037__segment0__start0000,SquatL1,SquatL1__rollout037,True,0.05400274693965912,0.8363534212112427,28.325816897748798,14.47342967338416,2.3210314611377316,2.6500046109234656,0.41097044955099876,selection
repeat,Servo-error coverage,SquatL1__rollout037__segment0__start0064,SquatL1,SquatL1__rollout037,True,0.08773161470890045,1.2902151346206665,41.93165041929815,19.377655567241938,3.441432226293522,3.790578794775225,0.49686558447206786,selection
repeat,Servo-error coverage,SquatL1__rollout037__segment0__start0128,SquatL1,SquatL1__rollout037,True,0.19629116356372833,2.655791997909546,69.23760148424007,30.660082022134283,5.211236440943268,5.016233821489229,0.8934911532937256,selection
repeat,Servo-error coverage,SquatL1__rollout037__segment1__start0000,SquatL1,SquatL1__rollout037,True,0.040918488055467606,0.7148249745368958,21.201200264051998,10.159617545811717,1.732350176450461,2.005383996686806,0.23017167109239428,selection
repeat,Servo-error coverage,SquatL1__rollout037__segment1__start0012,SquatL1,SquatL1__rollout037,True,0.04272225871682167,1.0896875858306885,24.072967818634087,10.37956478388349,1.8756102348604284,2.221963735303576,0.16439685852129715,selection
repeat,Servo-error coverage,SquatL1__rollout037__segment1__start0024,SquatL1,SquatL1__rollout037,True,0.03974661976099014,0.43558716773986816,23.217048408247187,10.052924531304907,1.8817718012639033,2.201589983568324,0.18345721142167598,selection
repeat,Servo-error coverage,SquatL1__rollout038__segment0__start0000,SquatL1,SquatL1__rollout038,True,0.05358431115746498,1.0498216152191162,28.131714247743794,13.523141083679016,2.366932098793873,2.6812272279694764,0.4862684772530561,selection
repeat,Servo-error coverage,SquatL1__rollout038__segment0__start0073,SquatL1,SquatL1__rollout038,True,0.1241300106048584,1.0056612491607666,60.7637967866555,26.39268897849182,4.815874969330872,5.344104184787553,0.5620282106198943,selection
repeat,Servo-error coverage,SquatL1__rollout038__segment0__start0146,SquatL1,SquatL1__rollout038,True,0.09613829106092453,3.280637502670288,34.758241764499296,17.462849286322193,3.402932002962541,3.1954790951846483,0.8886512747465216,selection
repeat,Servo-error coverage,SquatL1__rollout038__segment1__start0000,SquatL1,SquatL1__rollout038,True,0.03327571228146553,0.6613661646842957,17.22273428036784,7.754154342695423,1.4198977128168238,1.6637197585138666,0.16945556582189034,selection
repeat,Servo-error coverage,SquatL1__rollout038__segment1__start0003,SquatL1,SquatL1__rollout038,True,0.034977201372385025,0.6289197206497192,20.050269275733925,8.975386589776319,1.5923908820377186,1.8731442751393803,0.15980143661594462,selection
repeat,Servo-error coverage,SquatL1__rollout038__segment1__start0006,SquatL1,SquatL1__rollout038,True,0.03448726609349251,0.4505921006202698,20.18842527173997,8.928949899942483,1.5669418728406597,1.862632912060562,0.1234107534315708,selection
repeat,Servo-error coverage,SquatL1__rollout039__segment0__start0000,SquatL1,SquatL1__rollout039,True,0.06270360946655273,0.7721889615058899,33.99809008070498,17.013639952377073,2.7091113918734315,3.122388448053527,0.37676541417243903,selection
repeat,Servo-error coverage,SquatL1__rollout039__segment0__start0076,SquatL1,SquatL1__rollout039,True,0.1324046105146408,1.1023958921432495,61.26740086811634,31.23734260287271,5.004581097267936,5.266957067884135,0.5961651359721329,selection
repeat,Servo-error coverage,SquatL1__rollout039__segment0__start0153,SquatL1,SquatL1__rollout039,True,0.10341021418571472,2.7016336917877197,34.366019230086756,25.415584180364867,3.4748041785432586,3.288132398797278,0.7075541715251623,selection
repeat,Servo-error coverage,StepFBL1__rollout035__segment0__start0000,StepFBL1,StepFBL1__rollout035,True,0.08030577749013901,2.0390172004699707,44.43291880354045,18.10804194690098,3.7101590840389593,3.9644151460349653,0.6381723271716931,selection
repeat,Servo-error coverage,StepFBL1__rollout035__segment0__start0028,StepFBL1,StepFBL1__rollout035,True,0.07742287963628769,3.2905752658843994,45.88255118768557,19.479399016828708,3.794083171750529,3.8967396286886045,1.1507593088006154,selection
repeat,Servo-error coverage,StepFBL1__rollout035__segment0__start0056,StepFBL1,StepFBL1__rollout035,True,0.09498343616724014,1.6053804159164429,36.584832539718825,18.26789338999809,3.501376480458402,3.487939440299898,0.9548523492372522,selection
repeat,Servo-error coverage,StepFBL1__rollout035__segment1__start0000,StepFBL1,StepFBL1__rollout035,True,0.08206437528133392,1.5200867652893066,36.73974150785787,15.605059766901286,3.149302658441792,3.1878532118964023,0.6922768303975133,selection
repeat,Servo-error coverage,StepFBL1__rollout035__segment1__start0015,StepFBL1,StepFBL1__rollout035,True,0.158445805311203,5.273892402648926,75.7377626917599,39.64138489268632,5.951570839610842,4.805129757046064,0.7433594769269875,selection
repeat,Servo-error coverage,StepFBL1__rollout035__segment1__start0031,StepFBL1,StepFBL1__rollout035,True,0.11041940003633499,4.07696533203125,54.648774564618506,36.43497459195603,5.481295310421067,5.275018184145189,1.393080702555122,selection
repeat,Servo-error coverage,StepFBL1__rollout036__segment0__start0000,StepFBL1,StepFBL1__rollout036,True,0.08241802453994751,1.5191779136657715,45.34780901668525,21.082027025578235,3.9829504164013585,4.146242119669758,0.7257260970971345,selection
repeat,Servo-error coverage,StepFBL1__rollout036__segment0__start0020,StepFBL1,StepFBL1__rollout036,True,0.1330898553133011,5.3173933029174805,63.28522997992049,34.80467828785438,4.9577990069433495,3.986185092284305,1.6422554496981983,selection
repeat,Servo-error coverage,StepFBL1__rollout036__segment0__start0041,StepFBL1,StepFBL1__rollout036,True,0.27472686767578125,5.170584201812744,183.18294648232043,105.65064820109436,15.825206459567017,15.575143388090266,2.711012780842137,selection
repeat,Servo-error coverage,StepFBL1__rollout036__segment1__start0000,StepFBL1,StepFBL1__rollout036,True,0.06093581020832062,2.005341053009033,31.837383705744855,12.654668498801199,2.567272515808237,2.6280732366476873,0.5803539970416088,selection
repeat,Servo-error coverage,StepFBL1__rollout036__segment1__start0023,StepFBL1,StepFBL1__rollout036,True,0.13157758116722107,1.7053824663162231,58.08123487637868,27.68274983818175,4.078714621916354,4.1612901095068615,0.8844001158690008,selection
repeat,Servo-error coverage,StepFBL1__rollout036__segment1__start0046,StepFBL1,StepFBL1__rollout036,True,0.09045185893774033,2.182917594909668,70.9537896132252,35.35852358205564,6.194819063589491,6.790105688387023,1.0444364267665047,selection
repeat,Servo-error coverage,StepFBL1__rollout037__segment0__start0000,StepFBL1,StepFBL1__rollout037,True,0.062211133539676666,1.4295626878738403,29.678600478914884,13.564716313612035,2.6087751063381055,2.6494147411705145,0.5961090901231499,selection
repeat,Servo-error coverage,StepFBL1__rollout037__segment0__start0023,StepFBL1,StepFBL1__rollout037,True,0.14640465378761292,5.48277473449707,62.06649030113476,34.88679163596443,5.412811414733566,4.436927942701627,1.800052393185285,selection
repeat,Servo-error coverage,StepFBL1__rollout037__segment0__start0046,StepFBL1,StepFBL1__rollout037,True,0.22370323538780212,5.836706161499023,160.7054245411976,85.13334704189211,13.560809368540129,13.870359801025527,2.4580968341006892,selection
repeat,Servo-error coverage,StepFBL1__rollout037__segment1__start0000,StepFBL1,StepFBL1__rollout037,True,0.06658115983009338,1.86286199092865,31.396504517050587,12.807214557268988,2.5127905814504987,2.5977433716361427,0.6054858089937103,selection
repeat,Servo-error coverage,StepFBL1__rollout037__segment1__start0020,StepFBL1,StepFBL1__rollout037,True,0.1335417479276657,2.191267967224121,64.8999005311213,30.395490501802744,4.961322378454055,4.987653433889902,0.6623259074369653,selection
repeat,Servo-error coverage,StepFBL1__rollout037__segment1__start0041,StepFBL1,StepFBL1__rollout037,True,0.20971105992794037,2.5392467975616455,81.33017629461203,50.19648670427075,7.359797079953722,7.58426189691494,1.166135487811824,selection
repeat,Servo-error coverage,StepFBL1__rollout038__segment0__start0000,StepFBL1,StepFBL1__rollout038,True,0.06657659262418747,1.2757017612457275,39.749802207990484,15.284548155882531,3.1571186909820024,3.3871306497924465,0.6323873440705008,selection
repeat,Servo-error coverage,StepFBL1__rollout038__segment0__start0032,StepFBL1,StepFBL1__rollout038,True,0.059726472944021225,1.436166763305664,34.703189050509245,13.552421909141435,3.059021797357894,3.1809583271518,1.0671550057729016,selection
repeat,Servo-error coverage,StepFBL1__rollout038__segment0__start0065,StepFBL1,StepFBL1__rollout038,True,0.09751375019550323,1.3051917552947998,45.20950774177646,19.960088769425006,3.836118238078908,3.9991359069261505,0.5702341097441415,selection
repeat,Servo-error coverage,StepFBL1__rollout038__segment1__start0000,StepFBL1,StepFBL1__rollout038,True,0.04297660291194916,1.0308983325958252,24.83104939526975,9.894831357952807,1.7404626690400506,1.776394823006815,0.42937250120315407,selection
repeat,Servo-error coverage,StepFBL1__rollout038__segment1__start0011,StepFBL1,StepFBL1__rollout038,True,0.05491955205798149,1.0340040922164917,36.7111827707638,15.031491925765513,2.59043587445427,2.7570555378961017,0.3349243335149209,selection
repeat,Servo-error coverage,StepFBL1__rollout038__segment1__start0022,StepFBL1,StepFBL1__rollout038,True,0.12274277210235596,1.7130132913589478,56.27614224451632,25.390805233507123,4.39625738499226,4.482084438110023,0.6464947033546192,selection
repeat,Servo-error coverage,StepFBL1__rollout039__segment0__start0000,StepFBL1,StepFBL1__rollout039,True,0.11165191233158112,1.6077518463134766,89.2118055588102,40.85438672782934,6.123769039143873,6.8420003764200255,1.0059101552120537,selection
repeat,Servo-error coverage,StepFBL1__rollout039__segment0__start0070,StepFBL1,StepFBL1__rollout039,True,0.022737279534339905,0.7609212398529053,10.519500988102159,3.4366524600178843,0.8655473030659057,0.9102835095415959,0.2539817772830615,selection
repeat,Servo-error coverage,StepFBL1__rollout039__segment0__start0140,StepFBL1,StepFBL1__rollout039,True,0.06070243567228317,1.3726712465286255,22.18631953561816,17.686540824527615,1.844908535491444,1.7328475068172524,0.680299875301728,selection
main,Original,CR7__rollout035__segment0__start0000,CR7,CR7__rollout035,True,,,9.702446620747107,4.213239452751103,0.9190643053475047,1.029617928361363,0.256897605757666,methods
main,Original,CR7__rollout035__segment0__start0070,CR7,CR7__rollout035,True,,,27.531445226029675,21.65625455877713,3.6498630938083108,3.0646988854057167,1.9252305723011789,methods
main,Original,CR7__rollout035__segment0__start0140,CR7,CR7__rollout035,True,,,16.321569984539465,7.670018070287324,1.1797546789399278,1.3493026586613033,0.24950132490129023,methods
main,Original,CR7__rollout036__segment0__start0000,CR7,CR7__rollout036,True,,,14.632424028731158,6.75531596123831,1.2782994179849394,1.467155236227104,0.25004910254318063,methods
main,Original,CR7__rollout036__segment0__start0070,CR7,CR7__rollout036,True,,,28.186557334694903,21.058666497691767,3.6087021925092655,3.411187976683346,1.7361821517620668,methods
main,Original,CR7__rollout036__segment0__start0140,CR7,CR7__rollout036,True,,,23.6017829401516,11.02086249960565,1.800128640865845,2.085224021787739,0.21948627443591406,methods
main,Original,CR7__rollout037__segment0__start0000,CR7,CR7__rollout037,True,,,8.105432660234035,3.701579741527289,0.8625747694548774,0.9283415638314738,0.3747788278723599,methods
main,Original,CR7__rollout037__segment0__start0070,CR7,CR7__rollout037,True,,,86.29372364476893,57.56909468193828,9.617815477394368,8.452871843703825,3.3084222325592076,methods
main,Original,CR7__rollout037__segment0__start0140,CR7,CR7__rollout037,True,,,35.21850311687883,19.62536890128857,2.968114727737044,3.149646060020212,0.7970137562572096,methods
main,Original,CR7__rollout038__segment0__start0000,CR7,CR7__rollout038,True,,,11.691746922321002,5.933086283178236,1.2474930916232099,1.1683070870971695,0.32066922068822074,methods
main,Original,CR7__rollout038__segment0__start0070,CR7,CR7__rollout038,True,,,29.539430172170444,20.7757953669331,3.978773230166345,3.6081731260604717,2.0434653223065604,methods
main,Original,CR7__rollout038__segment0__start0140,CR7,CR7__rollout038,True,,,17.339412852653112,8.450963362906434,1.4175671212055763,1.5876597317621846,0.3193966050504914,methods
main,Original,CR7__rollout039__segment0__start0000,CR7,CR7__rollout039,True,,,6.968503052080584,2.79243427488405,0.8309028896971442,0.8000379575332989,0.48053344025251776,methods
main,Original,CR7__rollout039__segment0__start0070,CR7,CR7__rollout039,True,,,69.44981385073197,39.65004048928792,6.697490449423336,6.16695988220244,2.103144304404052,methods
main,Original,CR7__rollout039__segment0__start0140,CR7,CR7__rollout039,True,,,19.351102159065398,11.054253236753269,2.0759685667217016,2.2505289323807007,0.6666384310037902,methods
main,Original,SquatL1__rollout035__segment0__start0000,SquatL1,SquatL1__rollout035,True,,,22.153582063325395,10.209380308468353,1.932099115672205,2.17541070318285,0.4130701934560521,methods
main,Original,SquatL1__rollout035__segment0__start0102,SquatL1,SquatL1__rollout035,True,,,25.640117318498746,10.825128185177823,2.0536818696287016,2.4251148163841703,0.1711361419405654,methods
main,Original,SquatL1__rollout035__segment0__start0205,SquatL1,SquatL1__rollout035,True,,,46.328759965742414,20.1412303520143,3.5350997264071795,4.176621643628414,0.2673403535599552,methods
main,Original,SquatL1__rollout036__segment0__start0000,SquatL1,SquatL1__rollout036,True,,,15.526225540362514,6.0392725142657975,1.356044785062799,1.5519753480974647,0.34213973194008257,methods
main,Original,SquatL1__rollout036__segment0__start0072,SquatL1,SquatL1__rollout036,True,,,18.557867434892636,8.494303883114819,1.5803690793882148,1.8058776472437803,0.18011233348128342,methods
main,Original,SquatL1__rollout036__segment0__start0144,SquatL1,SquatL1__rollout036,True,,,52.17249422481681,28.21914483888611,4.221309153507144,4.3040165174921965,0.7246198045579536,methods
main,Original,SquatL1__rollout036__segment1__start0000,SquatL1,SquatL1__rollout036,True,,,17.535016139014107,7.803611596639701,1.5263091503752806,1.756569122006096,0.22768500842226216,methods
main,Original,SquatL1__rollout036__segment1__start0004,SquatL1,SquatL1__rollout036,True,,,25.142473765680485,11.278884769844366,2.0391684712495755,2.371253029387547,0.24068429023688503,methods
main,Original,SquatL1__rollout036__segment1__start0008,SquatL1,SquatL1__rollout036,True,,,26.59273665191422,12.764165996557363,2.12646260777602,2.474814063261242,0.202522813144942,methods
main,Original,SquatL1__rollout037__segment0__start0000,SquatL1,SquatL1__rollout037,True,,,15.448004850275327,6.133774284583055,1.3224049615768587,1.5149000508158452,0.24255973578803833,methods
main,Original,SquatL1__rollout037__segment0__start0064,SquatL1,SquatL1__rollout037,True,,,24.31784652184654,10.93146053617079,1.8940613037966407,2.169058615717298,0.2552256737867204,methods
main,Original,SquatL1__rollout037__segment0__start0128,SquatL1,SquatL1__rollout037,True,,,59.112415720499236,23.072186862229003,4.668962441641754,4.853863422545115,0.8167488003272099,methods
main,Original,SquatL1__rollout037__segment1__start0000,SquatL1,SquatL1__rollout037,True,,,9.935867178617173,4.209638408730398,0.9207552035607447,1.0606533695709819,0.17481394777467577,methods
main,Original,SquatL1__rollout037__segment1__start0012,SquatL1,SquatL1__rollout037,True,,,22.991402570575513,10.202502181625553,1.8227231672739128,2.152676262585513,0.1629274618941763,methods
main,Original,SquatL1__rollout037__segment1__start0024,SquatL1,SquatL1__rollout037,True,,,22.649340204912512,10.645992653691119,1.7741027351693763,2.064248462096119,0.16534554956531344,methods
main,Original,SquatL1__rollout038__segment0__start0000,SquatL1,SquatL1__rollout038,True,,,13.667871280730527,6.2237880409120505,1.1654391991492654,1.3425217476205236,0.1940928984693136,methods
main,Original,SquatL1__rollout038__segment0__start0073,SquatL1,SquatL1__rollout038,True,,,17.08293953313643,7.166395865701739,1.4252233958468852,1.6372603220371473,0.18912556766068347,methods
main,Original,SquatL1__rollout038__segment0__start0146,SquatL1,SquatL1__rollout038,True,,,95.72787120798645,58.530198417844915,7.639090491246995,7.268758978283718,1.3188770585375966,methods
main,Original,SquatL1__rollout038__segment1__start0000,SquatL1,SquatL1__rollout038,True,,,16.42117026486988,7.712777601408558,1.3429201693454564,1.5763851159028175,0.16271462243227783,methods
main,Original,SquatL1__rollout038__segment1__start0003,SquatL1,SquatL1__rollout038,True,,,20.960200640883183,9.825985515494695,1.6514966649060108,1.9437413560533017,0.17085936015310513,methods
main,Original,SquatL1__rollout038__segment1__start0006,SquatL1,SquatL1__rollout038,True,,,15.53521787380073,7.317545283485599,1.1871774144366865,1.3992666085238579,0.10972363616410731,methods
main,Original,SquatL1__rollout039__segment0__start0000,SquatL1,SquatL1__rollout039,True,,,12.780511416482288,4.862776153172815,1.1231431105349914,1.2705031141589265,0.2602306724557423,methods
main,Original,SquatL1__rollout039__segment0__start0076,SquatL1,SquatL1__rollout039,True,,,10.346247526316313,4.592772135270736,1.0551778028116559,1.1077128043712194,0.18193663263285068,methods
main,Original,SquatL1__rollout039__segment0__start0153,SquatL1,SquatL1__rollout039,True,,,108.12234431314732,75.03942019778586,8.473178240086831,7.792461324645633,1.5048735362274832,methods
main,Original,StepFBL1__rollout035__segment0__start0000,StepFBL1,StepFBL1__rollout035,True,,,47.63475036342445,21.885810903262996,4.057945005882509,4.561979391605732,0.6976658106114513,methods
main,Original,StepFBL1__rollout035__segment0__start0028,StepFBL1,StepFBL1__rollout035,True,,,40.50598506992437,17.30120383046163,3.7502357739308576,3.9050650472813064,1.2342726487536697,methods
main,Original,StepFBL1__rollout035__segment0__start0056,StepFBL1,StepFBL1__rollout035,True,,,80.03276594320053,32.57024751864409,6.00105779988083,6.45041779682941,1.1584816734065284,methods
main,Original,StepFBL1__rollout035__segment1__start0000,StepFBL1,StepFBL1__rollout035,True,,,49.069746181490935,23.852423147614946,4.159088975225264,4.321040815379992,0.5903625855309568,methods
main,Original,StepFBL1__rollout035__segment1__start0015,StepFBL1,StepFBL1__rollout035,True,,,73.99691606800684,47.507089244563616,5.698296209164105,4.024397126445298,0.9139526164201721,methods
main,Original,StepFBL1__rollout035__segment1__start0031,StepFBL1,StepFBL1__rollout035,True,,,115.73169471721785,80.99453721661678,10.556939315242131,9.084706869705506,2.214009206648083,methods
main,Original,StepFBL1__rollout036__segment0__start0000,StepFBL1,StepFBL1__rollout036,True,,,35.102904863725215,17.546852602533615,3.2298206299671155,3.2630971513409675,0.7428117934052867,methods
main,Original,StepFBL1__rollout036__segment0__start0020,StepFBL1,StepFBL1__rollout036,True,,,82.53216945118118,53.34604032803115,7.46015266684533,6.183928030197715,2.282760938801663,methods
main,Original,StepFBL1__rollout036__segment0__start0041,StepFBL1,StepFBL1__rollout036,True,,,152.7914900742075,78.95627923474483,13.05364575673284,13.180260485843679,2.3480472299963067,methods
main,Original,StepFBL1__rollout036__segment1__start0000,StepFBL1,StepFBL1__rollout036,True,,,45.11357154025902,20.03869139714671,3.7966841148187354,4.3868028506855525,0.5184548335718265,methods
main,Original,StepFBL1__rollout036__segment1__start0023,StepFBL1,StepFBL1__rollout036,True,,,60.55906293343296,28.515585401020257,4.778030016646947,5.110308554616723,0.9322706977610898,methods
main,Original,StepFBL1__rollout036__segment1__start0046,StepFBL1,StepFBL1__rollout036,True,,,57.46389162350992,24.651635396042906,4.733046404311997,5.1309924026129625,0.9054974842069903,methods
main,Original,StepFBL1__rollout037__segment0__start0000,StepFBL1,StepFBL1__rollout037,True,,,14.876044792577714,7.355978394433426,1.973151152157381,1.8348683699760542,0.8082483089008621,methods
main,Original,StepFBL1__rollout037__segment0__start0023,StepFBL1,StepFBL1__rollout037,True,,,57.22204060651494,31.69076855444587,5.4994344402975495,5.578760379771124,1.440281650010611,methods
main,Original,StepFBL1__rollout037__segment0__start0046,StepFBL1,StepFBL1__rollout037,True,,,155.99157645672886,77.64512506567546,12.779801952165384,13.130701114185245,2.208670055992852,methods
main,Original,StepFBL1__rollout037__segment1__start0000,StepFBL1,StepFBL1__rollout037,True,,,40.730412616193775,18.32272320313048,3.4120922650456578,3.9594955609872153,0.4465069070620592,methods
main,Original,StepFBL1__rollout037__segment1__start0020,StepFBL1,StepFBL1__rollout037,True,,,55.46929402359686,28.185995161843355,4.557747183781016,4.550500373607109,0.8323473746150786,methods
main,Original,StepFBL1__rollout037__segment1__start0041,StepFBL1,StepFBL1__rollout037,True,,,54.10018771921161,27.462161029178873,4.7158125198951035,5.074681939799239,0.8277440946827372,methods
main,Original,StepFBL1__rollout038__segment0__start0000,StepFBL1,StepFBL1__rollout038,True,,,21.366587608192233,9.497739173962882,2.1606741677393306,2.3725076721853835,0.5204976039217848,methods
main,Original,StepFBL1__rollout038__segment0__start0032,StepFBL1,StepFBL1__rollout038,True,,,84.22476870260502,39.587411286977385,7.462775016251064,8.061755155284231,1.4807264223207464,methods
main,Original,StepFBL1__rollout038__segment0__start0065,StepFBL1,StepFBL1__rollout038,True,,,45.61035565535537,18.662397392842095,3.7707759197561748,4.052307296157875,0.4880833411439691,methods
main,Original,StepFBL1__rollout038__segment1__start0000,StepFBL1,StepFBL1__rollout038,True,,,57.77656865989292,26.844799479598485,4.55246524944356,5.35386365145479,0.5642687230661122,methods
main,Original,StepFBL1__rollout038__segment1__start0011,StepFBL1,StepFBL1__rollout038,True,,,30.92784336643662,14.139998403783132,2.73023612748383,3.1121211004833658,0.32511890917721936,methods
main,Original,StepFBL1__rollout038__segment1__start0022,StepFBL1,StepFBL1__rollout038,True,,,50.72298120132566,24.09418805717872,4.203714913783709,4.29463688046876,0.6073665008144612,methods
main,Original,StepFBL1__rollout039__segment0__start0000,StepFBL1,StepFBL1__rollout039,True,,,52.57395342035912,25.07152667605735,4.082880910251271,4.728277967802145,0.6280039365467223,methods
main,Original,StepFBL1__rollout039__segment0__start0070,StepFBL1,StepFBL1__rollout039,True,,,24.08778791724043,10.370417204857983,2.0026406309455247,2.3369373839426415,0.27398038680559367,methods
main,Original,StepFBL1__rollout039__segment0__start0140,StepFBL1,StepFBL1__rollout039,True,,,23.477485272262356,10.771749579255149,1.783622812338727,2.032494322197147,0.47952427774482353,methods
main,FT-only,CR7__rollout035__segment0__start0000,CR7,CR7__rollout035,True,,,9.702446620747107,4.213239452751103,0.9190643053475047,1.029617928361363,0.256897605757666,methods
main,FT-only,CR7__rollout035__segment0__start0070,CR7,CR7__rollout035,True,,,27.531445226029675,21.65625455877713,3.6498630938083108,3.0646988854057167,1.9252305723011789,methods
main,FT-only,CR7__rollout035__segment0__start0140,CR7,CR7__rollout035,True,,,16.321569984539465,7.670018070287324,1.1797546789399278,1.3493026586613033,0.24950132490129023,methods
main,FT-only,CR7__rollout036__segment0__start0000,CR7,CR7__rollout036,True,,,14.632424028731158,6.75531596123831,1.2782994179849394,1.467155236227104,0.25004910254318063,methods
main,FT-only,CR7__rollout036__segment0__start0070,CR7,CR7__rollout036,True,,,28.186557334694903,21.058666497691767,3.6087021925092655,3.411187976683346,1.7361821517620668,methods
main,FT-only,CR7__rollout036__segment0__start0140,CR7,CR7__rollout036,True,,,23.6017829401516,11.02086249960565,1.800128640865845,2.085224021787739,0.21948627443591406,methods
main,FT-only,CR7__rollout037__segment0__start0000,CR7,CR7__rollout037,True,,,8.105432660234035,3.701579741527289,0.8625747694548774,0.9283415638314738,0.3747788278723599,methods
main,FT-only,CR7__rollout037__segment0__start0070,CR7,CR7__rollout037,True,,,86.29372364476893,57.56909468193828,9.617815477394368,8.452871843703825,3.3084222325592076,methods
main,FT-only,CR7__rollout037__segment0__start0140,CR7,CR7__rollout037,True,,,35.21850311687883,19.62536890128857,2.968114727737044,3.149646060020212,0.7970137562572096,methods
main,FT-only,CR7__rollout038__segment0__start0000,CR7,CR7__rollout038,True,,,11.691746922321002,5.933086283178236,1.2474930916232099,1.1683070870971695,0.32066922068822074,methods
main,FT-only,CR7__rollout038__segment0__start0070,CR7,CR7__rollout038,True,,,29.539430172170444,20.7757953669331,3.978773230166345,3.6081731260604717,2.0434653223065604,methods
main,FT-only,CR7__rollout038__segment0__start0140,CR7,CR7__rollout038,True,,,17.339412852653112,8.450963362906434,1.4175671212055763,1.5876597317621846,0.3193966050504914,methods
main,FT-only,CR7__rollout039__segment0__start0000,CR7,CR7__rollout039,True,,,6.968503052080584,2.79243427488405,0.8309028896971442,0.8000379575332989,0.48053344025251776,methods
main,FT-only,CR7__rollout039__segment0__start0070,CR7,CR7__rollout039,True,,,69.44981385073197,39.65004048928792,6.697490449423336,6.16695988220244,2.103144304404052,methods
main,FT-only,CR7__rollout039__segment0__start0140,CR7,CR7__rollout039,True,,,19.351102159065398,11.054253236753269,2.0759685667217016,2.2505289323807007,0.6666384310037902,methods
main,FT-only,SquatL1__rollout035__segment0__start0000,SquatL1,SquatL1__rollout035,True,,,22.153582063325395,10.209380308468353,1.932099115672205,2.17541070318285,0.4130701934560521,methods
main,FT-only,SquatL1__rollout035__segment0__start0102,SquatL1,SquatL1__rollout035,True,,,25.640117318498746,10.825128185177823,2.0536818696287016,2.4251148163841703,0.1711361419405654,methods
main,FT-only,SquatL1__rollout035__segment0__start0205,SquatL1,SquatL1__rollout035,True,,,46.328759965742414,20.1412303520143,3.5350997264071795,4.176621643628414,0.2673403535599552,methods
main,FT-only,SquatL1__rollout036__segment0__start0000,SquatL1,SquatL1__rollout036,True,,,15.526225540362514,6.0392725142657975,1.356044785062799,1.5519753480974647,0.34213973194008257,methods
main,FT-only,SquatL1__rollout036__segment0__start0072,SquatL1,SquatL1__rollout036,True,,,18.557867434892636,8.494303883114819,1.5803690793882148,1.8058776472437803,0.18011233348128342,methods
main,FT-only,SquatL1__rollout036__segment0__start0144,SquatL1,SquatL1__rollout036,True,,,52.17249422481681,28.21914483888611,4.221309153507144,4.3040165174921965,0.7246198045579536,methods
main,FT-only,SquatL1__rollout036__segment1__start0000,SquatL1,SquatL1__rollout036,True,,,17.535016139014107,7.803611596639701,1.5263091503752806,1.756569122006096,0.22768500842226216,methods
main,FT-only,SquatL1__rollout036__segment1__start0004,SquatL1,SquatL1__rollout036,True,,,25.142473765680485,11.278884769844366,2.0391684712495755,2.371253029387547,0.24068429023688503,methods
main,FT-only,SquatL1__rollout036__segment1__start0008,SquatL1,SquatL1__rollout036,True,,,26.59273665191422,12.764165996557363,2.12646260777602,2.474814063261242,0.202522813144942,methods
main,FT-only,SquatL1__rollout037__segment0__start0000,SquatL1,SquatL1__rollout037,True,,,15.448004850275327,6.133774284583055,1.3224049615768587,1.5149000508158452,0.24255973578803833,methods
main,FT-only,SquatL1__rollout037__segment0__start0064,SquatL1,SquatL1__rollout037,True,,,24.31784652184654,10.93146053617079,1.8940613037966407,2.169058615717298,0.2552256737867204,methods
main,FT-only,SquatL1__rollout037__segment0__start0128,SquatL1,SquatL1__rollout037,True,,,59.112415720499236,23.072186862229003,4.668962441641754,4.853863422545115,0.8167488003272099,methods
main,FT-only,SquatL1__rollout037__segment1__start0000,SquatL1,SquatL1__rollout037,True,,,9.935867178617173,4.209638408730398,0.9207552035607447,1.0606533695709819,0.17481394777467577,methods
main,FT-only,SquatL1__rollout037__segment1__start0012,SquatL1,SquatL1__rollout037,True,,,22.991402570575513,10.202502181625553,1.8227231672739128,2.152676262585513,0.1629274618941763,methods
main,FT-only,SquatL1__rollout037__segment1__start0024,SquatL1,SquatL1__rollout037,True,,,22.649340204912512,10.645992653691119,1.7741027351693763,2.064248462096119,0.16534554956531344,methods
main,FT-only,SquatL1__rollout038__segment0__start0000,SquatL1,SquatL1__rollout038,True,,,13.667871280730527,6.2237880409120505,1.1654391991492654,1.3425217476205236,0.1940928984693136,methods
main,FT-only,SquatL1__rollout038__segment0__start0073,SquatL1,SquatL1__rollout038,True,,,17.08293953313643,7.166395865701739,1.4252233958468852,1.6372603220371473,0.18912556766068347,methods
main,FT-only,SquatL1__rollout038__segment0__start0146,SquatL1,SquatL1__rollout038,True,,,95.72787120798645,58.530198417844915,7.639090491246995,7.268758978283718,1.3188770585375966,methods
main,FT-only,SquatL1__rollout038__segment1__start0000,SquatL1,SquatL1__rollout038,True,,,16.42117026486988,7.712777601408558,1.3429201693454564,1.5763851159028175,0.16271462243227783,methods
main,FT-only,SquatL1__rollout038__segment1__start0003,SquatL1,SquatL1__rollout038,True,,,20.960200640883183,9.825985515494695,1.6514966649060108,1.9437413560533017,0.17085936015310513,methods
main,FT-only,SquatL1__rollout038__segment1__start0006,SquatL1,SquatL1__rollout038,True,,,15.53521787380073,7.317545283485599,1.1871774144366865,1.3992666085238579,0.10972363616410731,methods
main,FT-only,SquatL1__rollout039__segment0__start0000,SquatL1,SquatL1__rollout039,True,,,12.780511416482288,4.862776153172815,1.1231431105349914,1.2705031141589265,0.2602306724557423,methods
main,FT-only,SquatL1__rollout039__segment0__start0076,SquatL1,SquatL1__rollout039,True,,,10.346247526316313,4.592772135270736,1.0551778028116559,1.1077128043712194,0.18193663263285068,methods
main,FT-only,SquatL1__rollout039__segment0__start0153,SquatL1,SquatL1__rollout039,True,,,108.12234431314732,75.03942019778586,8.473178240086831,7.792461324645633,1.5048735362274832,methods
main,FT-only,StepFBL1__rollout035__segment0__start0000,StepFBL1,StepFBL1__rollout035,True,,,47.63475036342445,21.885810903262996,4.057945005882509,4.561979391605732,0.6976658106114513,methods
main,FT-only,StepFBL1__rollout035__segment0__start0028,StepFBL1,StepFBL1__rollout035,True,,,40.50598506992437,17.30120383046163,3.7502357739308576,3.9050650472813064,1.2342726487536697,methods
main,FT-only,StepFBL1__rollout035__segment0__start0056,StepFBL1,StepFBL1__rollout035,True,,,80.03276594320053,32.57024751864409,6.00105779988083,6.45041779682941,1.1584816734065284,methods
main,FT-only,StepFBL1__rollout035__segment1__start0000,StepFBL1,StepFBL1__rollout035,True,,,49.069746181490935,23.852423147614946,4.159088975225264,4.321040815379992,0.5903625855309568,methods
main,FT-only,StepFBL1__rollout035__segment1__start0015,StepFBL1,StepFBL1__rollout035,True,,,73.99691606800684,47.507089244563616,5.698296209164105,4.024397126445298,0.9139526164201721,methods
main,FT-only,StepFBL1__rollout035__segment1__start0031,StepFBL1,StepFBL1__rollout035,True,,,115.73169471721785,80.99453721661678,10.556939315242131,9.084706869705506,2.214009206648083,methods
main,FT-only,StepFBL1__rollout036__segment0__start0000,StepFBL1,StepFBL1__rollout036,True,,,35.102904863725215,17.546852602533615,3.2298206299671155,3.2630971513409675,0.7428117934052867,methods
main,FT-only,StepFBL1__rollout036__segment0__start0020,StepFBL1,StepFBL1__rollout036,True,,,82.53216945118118,53.34604032803115,7.46015266684533,6.183928030197715,2.282760938801663,methods
main,FT-only,StepFBL1__rollout036__segment0__start0041,StepFBL1,StepFBL1__rollout036,True,,,152.7914900742075,78.95627923474483,13.05364575673284,13.180260485843679,2.3480472299963067,methods
main,FT-only,StepFBL1__rollout036__segment1__start0000,StepFBL1,StepFBL1__rollout036,True,,,45.11357154025902,20.03869139714671,3.7966841148187354,4.3868028506855525,0.5184548335718265,methods
main,FT-only,StepFBL1__rollout036__segment1__start0023,StepFBL1,StepFBL1__rollout036,True,,,60.55906293343296,28.515585401020257,4.778030016646947,5.110308554616723,0.9322706977610898,methods
main,FT-only,StepFBL1__rollout036__segment1__start0046,StepFBL1,StepFBL1__rollout036,True,,,57.46389162350992,24.651635396042906,4.733046404311997,5.1309924026129625,0.9054974842069903,methods
main,FT-only,StepFBL1__rollout037__segment0__start0000,StepFBL1,StepFBL1__rollout037,True,,,14.876044792577714,7.355978394433426,1.973151152157381,1.8348683699760542,0.8082483089008621,methods
main,FT-only,StepFBL1__rollout037__segment0__start0023,StepFBL1,StepFBL1__rollout037,True,,,57.22204060651494,31.69076855444587,5.4994344402975495,5.578760379771124,1.440281650010611,methods
main,FT-only,StepFBL1__rollout037__segment0__start0046,StepFBL1,StepFBL1__rollout037,True,,,155.99157645672886,77.64512506567546,12.779801952165384,13.130701114185245,2.208670055992852,methods
main,FT-only,StepFBL1__rollout037__segment1__start0000,StepFBL1,StepFBL1__rollout037,True,,,40.730412616193775,18.32272320313048,3.4120922650456578,3.9594955609872153,0.4465069070620592,methods
main,FT-only,StepFBL1__rollout037__segment1__start0020,StepFBL1,StepFBL1__rollout037,True,,,55.46929402359686,28.185995161843355,4.557747183781016,4.550500373607109,0.8323473746150786,methods
main,FT-only,StepFBL1__rollout037__segment1__start0041,StepFBL1,StepFBL1__rollout037,True,,,54.10018771921161,27.462161029178873,4.7158125198951035,5.074681939799239,0.8277440946827372,methods
main,FT-only,StepFBL1__rollout038__segment0__start0000,StepFBL1,StepFBL1__rollout038,True,,,21.366587608192233,9.497739173962882,2.1606741677393306,2.3725076721853835,0.5204976039217848,methods
main,FT-only,StepFBL1__rollout038__segment0__start0032,StepFBL1,StepFBL1__rollout038,True,,,84.22476870260502,39.587411286977385,7.462775016251064,8.061755155284231,1.4807264223207464,methods
main,FT-only,StepFBL1__rollout038__segment0__start0065,StepFBL1,StepFBL1__rollout038,True,,,45.61035565535537,18.662397392842095,3.7707759197561748,4.052307296157875,0.4880833411439691,methods
main,FT-only,StepFBL1__rollout038__segment1__start0000,StepFBL1,StepFBL1__rollout038,True,,,57.77656865989292,26.844799479598485,4.55246524944356,5.35386365145479,0.5642687230661122,methods
main,FT-only,StepFBL1__rollout038__segment1__start0011,StepFBL1,StepFBL1__rollout038,True,,,30.92784336643662,14.139998403783132,2.73023612748383,3.1121211004833658,0.32511890917721936,methods
main,FT-only,StepFBL1__rollout038__segment1__start0022,StepFBL1,StepFBL1__rollout038,True,,,50.72298120132566,24.09418805717872,4.203714913783709,4.29463688046876,0.6073665008144612,methods
main,FT-only,StepFBL1__rollout039__segment0__start0000,StepFBL1,StepFBL1__rollout039,True,,,52.57395342035912,25.07152667605735,4.082880910251271,4.728277967802145,0.6280039365467223,methods
main,FT-only,StepFBL1__rollout039__segment0__start0070,StepFBL1,StepFBL1__rollout039,True,,,24.08778791724043,10.370417204857983,2.0026406309455247,2.3369373839426415,0.27398038680559367,methods
main,FT-only,StepFBL1__rollout039__segment0__start0140,StepFBL1,StepFBL1__rollout039,True,,,23.477485272262356,10.771749579255149,1.783622812338727,2.032494322197147,0.47952427774482353,methods
main,Delta action,CR7__rollout035__segment0__start0000,CR7,CR7__rollout035,True,,,6.431311922015487,3.119865974077162,0.5900134897374391,0.6178797110043176,0.2606363977603947,methods
main,Delta action,CR7__rollout035__segment0__start0070,CR7,CR7__rollout035,True,,,7.56654692111274,3.215404721176199,0.8506338745045119,0.6596390627718983,0.640566308297913,methods
main,Delta action,CR7__rollout035__segment0__start0140,CR7,CR7__rollout035,True,,,9.474086308493947,4.573208807409591,0.7253079231024595,0.7881000194562985,0.22094947958484865,methods
main,Delta action,CR7__rollout036__segment0__start0000,CR7,CR7__rollout036,True,,,6.963146946083602,3.508226241578535,0.6360596714543807,0.6682010179601846,0.23403414884110413,methods
main,Delta action,CR7__rollout036__segment0__start0070,CR7,CR7__rollout036,True,,,10.783118718899726,6.7022133984865215,1.3427487956884703,1.0944771391715389,1.012266901319826,methods
main,Delta action,CR7__rollout036__segment0__start0140,CR7,CR7__rollout036,True,,,12.747580792364609,6.4208511818944505,0.9264987990976284,1.0517341964031885,0.14240164067479916,methods
main,Delta action,CR7__rollout037__segment0__start0000,CR7,CR7__rollout037,True,,,5.864500683683516,3.4731451076602355,0.4774737075815557,0.42431149941591895,0.2863733585063335,methods
main,Delta action,CR7__rollout037__segment0__start0070,CR7,CR7__rollout037,True,,,103.58392250344417,71.45291068515478,11.340425557630198,10.416218342473408,3.4967809799242557,methods
main,Delta action,CR7__rollout037__segment0__start0140,CR7,CR7__rollout037,True,,,18.17554710640434,13.537708868221438,1.6567322127770638,1.530190101856539,0.7178838310552657,methods
main,Delta action,CR7__rollout038__segment0__start0000,CR7,CR7__rollout038,True,,,3.5239452529067936,1.960896050340514,0.5291459954025839,0.4076923520866988,0.2297110277013456,methods
main,Delta action,CR7__rollout038__segment0__start0070,CR7,CR7__rollout038,True,,,11.832416703625174,5.228667900480958,1.4403969185610639,1.2208531238900953,1.0833336502661801,methods
main,Delta action,CR7__rollout038__segment0__start0140,CR7,CR7__rollout038,True,,,5.951039692908978,4.3452789692737115,0.5476046933118872,0.49754195321667766,0.2817480561496349,methods
main,Delta action,CR7__rollout039__segment0__start0000,CR7,CR7__rollout039,True,,,27.48776361093844,15.121677767623805,2.0075796470258678,2.2171738184498544,0.485695394806304,methods
main,Delta action,CR7__rollout039__segment0__start0070,CR7,CR7__rollout039,True,,,80.78408232572332,51.69026840148408,8.047949236780791,7.552705288293995,2.4828452381079065,methods
main,Delta action,CR7__rollout039__segment0__start0140,CR7,CR7__rollout039,True,,,13.630841427828267,8.966987962324382,1.5055932522454474,1.580079059284036,0.6048702854398779,methods
main,Delta action,SquatL1__rollout035__segment0__start0000,SquatL1,SquatL1__rollout035,True,,,3.2080308034006086,1.1868028520377507,0.3649050256618846,0.3563496975759707,0.3170549181413956,methods
main,Delta action,SquatL1__rollout035__segment0__start0102,SquatL1,SquatL1__rollout035,True,,,15.760510701188592,6.2572312949533755,0.9601342271357372,1.1090277851156896,0.09561534776176563,methods
main,Delta action,SquatL1__rollout035__segment0__start0205,SquatL1,SquatL1__rollout035,True,,,28.838928656766107,12.292353282415089,2.139046683641843,2.5179720658218336,0.18306951115360343,methods
main,Delta action,SquatL1__rollout036__segment0__start0000,SquatL1,SquatL1__rollout036,True,,,3.9679492550039677,1.2612295142057852,0.3387176356903774,0.34631002548286627,0.2348511114575149,methods
main,Delta action,SquatL1__rollout036__segment0__start0072,SquatL1,SquatL1__rollout036,True,,,20.343570153280353,8.220042980732366,1.5250784985480175,1.5688174213624357,0.1877359344297852,methods
main,Delta action,SquatL1__rollout036__segment0__start0144,SquatL1,SquatL1__rollout036,True,,,38.281714672485336,23.062522321786314,3.3525014368256127,3.404397049783533,0.5793567654091807,methods
main,Delta action,SquatL1__rollout036__segment1__start0000,SquatL1,SquatL1__rollout036,True,,,10.998551614536884,4.8730071103832895,0.9624521994946426,1.0206658956631005,0.37582885897265006,methods
main,Delta action,SquatL1__rollout036__segment1__start0004,SquatL1,SquatL1__rollout036,True,,,12.158253531742696,5.181347144958905,0.8364563657385022,0.9532185377047429,0.168057681124016,methods
main,Delta action,SquatL1__rollout036__segment1__start0008,SquatL1,SquatL1__rollout036,True,,,3.1675983339799867,2.030195242675667,0.21316104902356747,0.22361318847475486,0.0856431132970355,methods
main,Delta action,SquatL1__rollout037__segment0__start0000,SquatL1,SquatL1__rollout037,True,,,5.142152012469954,1.8267541892481005,0.3412918118842518,0.3483055607391688,0.17647884333856959,methods
main,Delta action,SquatL1__rollout037__segment0__start0064,SquatL1,SquatL1__rollout037,True,,,7.875821785699251,4.652145524408919,0.7332084314943007,0.5972891869662906,0.20377116859940916,methods
main,Delta action,SquatL1__rollout037__segment0__start0128,SquatL1,SquatL1__rollout037,True,,,24.9586782217606,12.022817776171177,2.0445504972310515,1.9755876044891632,0.48000766136232353,methods
main,Delta action,SquatL1__rollout037__segment1__start0000,SquatL1,SquatL1__rollout037,True,,,3.812536920784479,2.223367195511871,0.30249025854980943,0.3146993145230961,0.13316483025403575,methods
main,Delta action,SquatL1__rollout037__segment1__start0012,SquatL1,SquatL1__rollout037,True,,,3.054174370043058,1.4847136416704587,0.21665460779426096,0.2616396780454285,0.0302620574748475,methods
main,Delta action,SquatL1__rollout037__segment1__start0024,SquatL1,SquatL1__rollout037,True,,,6.170527518291891,2.8785862705169074,0.4881804271946166,0.543906529869765,0.06558513930221894,methods
main,Delta action,SquatL1__rollout038__segment0__start0000,SquatL1,SquatL1__rollout038,True,,,4.939213002015775,3.025189870819209,0.39390219897765194,0.36927048033362264,0.20267169233279095,methods
main,Delta action,SquatL1__rollout038__segment0__start0073,SquatL1,SquatL1__rollout038,True,,,18.479641755735834,8.55137895369061,1.4250479005041308,1.4166482409182188,0.2123644324243227,methods
main,Delta action,SquatL1__rollout038__segment0__start0146,SquatL1,SquatL1__rollout038,True,,,66.0515914975161,44.51298165534489,5.809067196394876,5.713303748455183,1.0484606484708885,methods
main,Delta action,SquatL1__rollout038__segment1__start0000,SquatL1,SquatL1__rollout038,True,,,2.965857013186551,0.8677314860115695,0.25425113789693043,0.29985175399368147,0.11935962462490399,methods
main,Delta action,SquatL1__rollout038__segment1__start0003,SquatL1,SquatL1__rollout038,True,,,4.315232319380597,1.305106834096062,0.3269792202902644,0.38103866156197214,0.1128537101100202,methods
main,Delta action,SquatL1__rollout038__segment1__start0006,SquatL1,SquatL1__rollout038,True,,,6.164697515527941,3.0388929060517174,0.5400652417039717,0.6174782030216869,0.0795346151232363,methods
main,Delta action,SquatL1__rollout039__segment0__start0000,SquatL1,SquatL1__rollout039,True,,,5.457379542342274,2.5171581609961566,0.3859742737078798,0.3946807144716783,0.20498723677964586,methods
main,Delta action,SquatL1__rollout039__segment0__start0076,SquatL1,SquatL1__rollout039,True,,,27.13198128131651,11.96727140426392,1.9425449862424329,1.984980372717408,0.2291159377476953,methods
main,Delta action,SquatL1__rollout039__segment0__start0153,SquatL1,SquatL1__rollout039,True,,,70.71702298582647,53.71519394782146,5.985975647800938,5.915317662948643,0.8008382379078958,methods
main,Delta action,StepFBL1__rollout035__segment0__start0000,StepFBL1,StepFBL1__rollout035,True,,,39.14565835575032,18.61970041840911,3.214843282212734,3.460025133291019,0.7728058111771876,methods
main,Delta action,StepFBL1__rollout035__segment0__start0028,StepFBL1,StepFBL1__rollout035,True,,,59.76712468716828,23.147433801719277,3.9068006844484486,3.6451099964008407,1.165029724298768,methods
main,Delta action,StepFBL1__rollout035__segment0__start0056,StepFBL1,StepFBL1__rollout035,True,,,44.9999609044922,21.412531408105973,4.155348829031961,4.182475677962142,0.9164360756891444,methods
main,Delta action,StepFBL1__rollout035__segment1__start0000,StepFBL1,StepFBL1__rollout035,True,,,28.806037958292702,13.011860504663732,2.519392790829536,2.6525493647773803,0.490379777249404,methods
main,Delta action,StepFBL1__rollout035__segment1__start0015,StepFBL1,StepFBL1__rollout035,True,,,69.82257682455177,36.23158692619157,5.542452102448631,3.991158151905619,0.6948064177921774,methods
main,Delta action,StepFBL1__rollout035__segment1__start0031,StepFBL1,StepFBL1__rollout035,True,,,89.73618364299368,59.25799868274022,8.542128535492289,8.32167430155672,1.8354441606008294,methods
main,Delta action,StepFBL1__rollout036__segment0__start0000,StepFBL1,StepFBL1__rollout036,True,,,73.57662080456231,34.72567028623409,5.905378617246862,6.4498283456046375,0.8071961841323317,methods
main,Delta action,StepFBL1__rollout036__segment0__start0020,StepFBL1,StepFBL1__rollout036,True,,,72.26633345584847,37.55465922442928,5.355207833614894,4.653936854152943,1.519335991616784,methods
main,Delta action,StepFBL1__rollout036__segment0__start0041,StepFBL1,StepFBL1__rollout036,True,,,115.87624152907163,68.64932137838161,11.449226516403298,11.859472793702512,2.0437322314252726,methods
main,Delta action,StepFBL1__rollout036__segment1__start0000,StepFBL1,StepFBL1__rollout036,True,,,15.19242584136315,7.294709582958234,1.4508172454932742,1.4554915469687437,0.4119396452130939,methods
main,Delta action,StepFBL1__rollout036__segment1__start0023,StepFBL1,StepFBL1__rollout036,True,,,64.41344114483412,28.188982960915492,4.669603011029412,4.841604793785964,0.9518253571972584,methods
main,Delta action,StepFBL1__rollout036__segment1__start0046,StepFBL1,StepFBL1__rollout036,True,,,38.91400448979801,20.404340463698748,3.4784881398560867,3.2843312710871335,1.0127477139096739,methods
main,Delta action,StepFBL1__rollout037__segment0__start0000,StepFBL1,StepFBL1__rollout037,True,,,44.2379273246809,21.060049569183754,3.6153427379034704,3.9335961607709957,0.6856668728613239,methods
main,Delta action,StepFBL1__rollout037__segment0__start0023,StepFBL1,StepFBL1__rollout037,True,,,59.18424935824914,26.5098447347032,4.585499316316347,4.18370415531832,1.310603764837903,methods
main,Delta action,StepFBL1__rollout037__segment0__start0046,StepFBL1,StepFBL1__rollout037,True,,,125.2217348329649,71.02704258172452,11.749861872857263,12.229560160248875,2.112658459357749,methods
main,Delta action,StepFBL1__rollout037__segment1__start0000,StepFBL1,StepFBL1__rollout037,True,,,14.348571474007413,6.7345737049411145,1.330047174650536,1.4206030591217,0.30253551195999195,methods
main,Delta action,StepFBL1__rollout037__segment1__start0020,StepFBL1,StepFBL1__rollout037,True,,,54.09928746713932,23.164312586196097,4.462679311378868,4.471153497441964,0.7172545215847924,methods
main,Delta action,StepFBL1__rollout037__segment1__start0041,StepFBL1,StepFBL1__rollout037,True,,,85.67645978380999,35.5618276116861,6.336871087729605,6.32145761068003,1.3551003804156017,methods
main,Delta action,StepFBL1__rollout038__segment0__start0000,StepFBL1,StepFBL1__rollout038,True,,,45.16282878465018,21.888426928412514,3.7082665575983342,4.0734229326874765,0.7088223045506671,methods
main,Delta action,StepFBL1__rollout038__segment0__start0032,StepFBL1,StepFBL1__rollout038,True,,,52.781576601898344,19.370558675489637,4.471499609265258,4.519578748021285,1.3747883213447758,methods
main,Delta action,StepFBL1__rollout038__segment0__start0065,StepFBL1,StepFBL1__rollout038,True,,,68.99075109676825,29.675322503567003,5.645821171378126,6.132901781772694,0.7479717613984279,methods
main,Delta action,StepFBL1__rollout038__segment1__start0000,StepFBL1,StepFBL1__rollout038,True,,,16.546878551735578,7.440580779540526,1.480409197144775,1.6265447004261666,0.3684207403363053,methods
main,Delta action,StepFBL1__rollout038__segment1__start0011,StepFBL1,StepFBL1__rollout038,True,,,19.64733023350837,9.117938138130897,1.8058897127413023,1.9348960578775214,0.2898069741780873,methods
main,Delta action,StepFBL1__rollout038__segment1__start0022,StepFBL1,StepFBL1__rollout038,True,,,42.77792555264678,19.294800729454867,3.7333742722617713,3.7149853892164657,0.7133221763132782,methods
main,Delta action,StepFBL1__rollout039__segment0__start0000,StepFBL1,StepFBL1__rollout039,True,,,92.76470638931524,39.98672767397521,6.376303310646569,7.257557002834379,1.04082484181755,methods
main,Delta action,StepFBL1__rollout039__segment0__start0070,StepFBL1,StepFBL1__rollout039,True,,,10.040016003503249,3.9451631218529157,0.8266647629382656,0.9266511601690024,0.22742334818127297,methods
main,Delta action,StepFBL1__rollout039__segment0__start0140,StepFBL1,StepFBL1__rollout039,True,,,29.68576594249196,18.17401511396439,2.4533623792255237,2.454921696862054,0.6622729494380394,methods
main,Passive SysID,c000__CR7__rollout035__segment0__start0000,CR7,CR7__rollout035,True,,,5.515288518051658,2.4338900528310576,0.6434944520465585,0.6459061752276809,0.34337050461678875,methods
main,Passive SysID,c000__CR7__rollout035__segment0__start0070,CR7,CR7__rollout035,True,,,26.593187213603315,17.80356085221849,3.306909469006488,2.9222486626631223,1.7580658087176901,methods
main,Passive SysID,c000__CR7__rollout035__segment0__start0140,CR7,CR7__rollout035,True,,,12.913356913060973,6.047105399021959,0.9517567606994155,1.0432118398249042,0.2738083886870875,methods
main,Passive SysID,c000__CR7__rollout036__segment0__start0000,CR7,CR7__rollout036,True,,,3.5879389823724113,2.426485386949407,0.5480164152607755,0.444229202421395,0.3437017701003286,methods
main,Passive SysID,c000__CR7__rollout036__segment0__start0070,CR7,CR7__rollout036,True,,,102.85853042943894,67.5294233032615,10.315722283136424,10.051871733213375,3.14752201684776,methods
main,Passive SysID,c000__CR7__rollout036__segment0__start0140,CR7,CR7__rollout036,True,,,30.1989946924326,13.518256637927317,2.255287861640169,2.5973924944511175,0.2824488741391534,methods
main,Passive SysID,c000__CR7__rollout037__segment0__start0000,CR7,CR7__rollout037,True,,,10.208590174299928,4.474590246465467,0.9972936115317929,1.0751110495804157,0.4013630436525125,methods
main,Passive SysID,c000__CR7__rollout037__segment0__start0070,CR7,CR7__rollout037,True,,,117.73920317827398,81.32983014045229,12.058808308598845,10.980536850427555,3.7226385572453897,methods
main,Passive SysID,c000__CR7__rollout037__segment0__start0140,CR7,CR7__rollout037,True,,,17.919114457336757,8.149196969259137,1.5581232708630592,1.7278885725479298,0.4093671826410694,methods
main,Passive SysID,c000__CR7__rollout038__segment0__start0000,CR7,CR7__rollout038,True,,,11.752298280278653,5.907269733890394,1.165111564884497,1.2591216716532252,0.3152899205456382,methods
main,Passive SysID,c000__CR7__rollout038__segment0__start0070,CR7,CR7__rollout038,True,,,28.34935758741045,20.138281653769972,3.6016904348963856,3.2244282694393105,1.939829270856324,methods
main,Passive SysID,c000__CR7__rollout038__segment0__start0140,CR7,CR7__rollout038,True,,,11.07764559873981,8.133724215890425,1.13867256724259,1.056523333105845,0.5287955258142624,methods
main,Passive SysID,c000__CR7__rollout039__segment0__start0000,CR7,CR7__rollout039,True,,,16.881056954565157,7.7896074969808735,1.496338093119544,1.6670335988581342,0.3536557139954668,methods
main,Passive SysID,c000__CR7__rollout039__segment0__start0070,CR7,CR7__rollout039,True,,,25.401245452101165,16.728262527585485,3.275313566834189,3.024069915760414,1.91022154244309,methods
main,Passive SysID,c000__CR7__rollout039__segment0__start0140,CR7,CR7__rollout039,True,,,9.435676596517878,4.4145882359746045,1.008874935494426,1.1001453492149105,0.35497642733049134,methods
main,Passive SysID,c000__SquatL1__rollout035__segment0__start0000,SquatL1,SquatL1__rollout035,True,,,14.67980593275855,6.536855365467064,1.211042871770582,1.408918556423283,0.1668841075065008,methods
main,Passive SysID,c000__SquatL1__rollout035__segment0__start0102,SquatL1,SquatL1__rollout035,True,,,25.179366365374513,9.6967096018025,1.9960623626712717,2.376352744707703,0.1720946178765402,methods
main,Passive SysID,c000__SquatL1__rollout035__segment0__start0205,SquatL1,SquatL1__rollout035,True,,,35.99384200035372,16.274798954799873,2.818184327095992,3.3431183653854153,0.22897629064940683,methods
main,Passive SysID,c000__SquatL1__rollout036__segment0__start0000,SquatL1,SquatL1__rollout036,True,,,11.428444084232181,4.975836812148833,0.9389408023140587,1.0956862295000018,0.13647203805810446,methods
main,Passive SysID,c000__SquatL1__rollout036__segment0__start0072,SquatL1,SquatL1__rollout036,True,,,13.85736945179411,4.8860436131871685,1.2204591339868496,1.3991722731904994,0.142731766239529,methods
main,Passive SysID,c000__SquatL1__rollout036__segment0__start0144,SquatL1,SquatL1__rollout036,True,,,67.48073302966864,32.06148745148707,5.745281763629196,6.131608061750251,0.9016569616974212,methods
main,Passive SysID,c000__SquatL1__rollout036__segment1__start0000,SquatL1,SquatL1__rollout036,True,,,11.26093781589381,4.559741845707327,1.025799142530796,1.1994616937056337,0.17698663342863827,methods
main,Passive SysID,c000__SquatL1__rollout036__segment1__start0004,SquatL1,SquatL1__rollout036,True,,,16.42603221750475,6.8216732443366555,1.3973755126957412,1.648843753552687,0.18268198296550392,methods
main,Passive SysID,c000__SquatL1__rollout036__segment1__start0008,SquatL1,SquatL1__rollout036,True,,,23.36045062263626,10.123747972335465,1.884864143745125,2.252867745461703,0.16109310744033503,methods
main,Passive SysID,c000__SquatL1__rollout037__segment0__start0000,SquatL1,SquatL1__rollout037,True,,,15.596224522997588,7.328512487369802,1.3639377717155348,1.5744041894449317,0.2514875525534291,methods
main,Passive SysID,c000__SquatL1__rollout037__segment0__start0064,SquatL1,SquatL1__rollout037,True,,,19.186160045540756,8.624499490970683,1.504799742347186,1.7518833491631778,0.18249232335071047,methods
main,Passive SysID,c000__SquatL1__rollout037__segment0__start0128,SquatL1,SquatL1__rollout037,True,,,47.37893514360114,19.49769149111302,3.851462903284664,4.018838399378864,0.5244400233828155,methods
main,Passive SysID,c000__SquatL1__rollout037__segment1__start0000,SquatL1,SquatL1__rollout037,True,,,14.321648873672459,7.113746589390149,1.2246054863666362,1.4355426931163575,0.16938565502280292,methods
main,Passive SysID,c000__SquatL1__rollout037__segment1__start0012,SquatL1,SquatL1__rollout037,True,,,17.397694149876795,7.630129628393674,1.390294479938139,1.6576265307498967,0.10402014139319482,methods
main,Passive SysID,c000__SquatL1__rollout037__segment1__start0024,SquatL1,SquatL1__rollout037,True,,,22.787945521980575,10.122046485861205,1.7316928027556893,2.028179032177531,0.12868180144909894,methods
main,Passive SysID,c000__SquatL1__rollout038__segment0__start0000,SquatL1,SquatL1__rollout038,True,,,12.202165884376312,5.788642057405633,1.1565695136457987,1.3011044376354277,0.28483186520679094,methods
main,Passive SysID,c000__SquatL1__rollout038__segment0__start0073,SquatL1,SquatL1__rollout038,True,,,14.29917071966853,5.552084724596116,1.2516276650430678,1.4236020799079432,0.15261914368254748,methods
main,Passive SysID,c000__SquatL1__rollout038__segment0__start0146,SquatL1,SquatL1__rollout038,True,,,61.7073600946284,34.19234055591922,5.102233157650552,4.942673191752632,0.7467116498246568,methods
main,Passive SysID,c000__SquatL1__rollout038__segment1__start0000,SquatL1,SquatL1__rollout038,True,,,8.357291873658003,3.5045238823028826,0.7024458308633549,0.8290766561663894,0.08939638561514916,methods
main,Passive SysID,c000__SquatL1__rollout038__segment1__start0003,SquatL1,SquatL1__rollout038,True,,,11.049829249318357,4.706727758923777,0.892293494961158,1.0575562020088185,0.09478667978875542,methods
main,Passive SysID,c000__SquatL1__rollout038__segment1__start0006,SquatL1,SquatL1__rollout038,True,,,20.52798766895665,9.09287732723126,1.5933603984306648,1.8982573852764917,0.1401099778677841,methods
main,Passive SysID,c000__SquatL1__rollout039__segment0__start0000,SquatL1,SquatL1__rollout039,True,,,19.504608306101296,9.14695244287903,1.621086277816644,1.903089009227029,0.21908510704620882,methods
main,Passive SysID,c000__SquatL1__rollout039__segment0__start0076,SquatL1,SquatL1__rollout039,True,,,9.405038310388793,3.7379487974611005,0.9760395467097397,1.0690968422799065,0.133507853797251,methods
main,Passive SysID,c000__SquatL1__rollout039__segment0__start0153,SquatL1,SquatL1__rollout039,True,,,85.67922204005367,60.74368015035482,7.046958908099716,6.2357732348007096,1.004173351757669,methods
main,Passive SysID,c000__StepFBL1__rollout035__segment0__start0000,StepFBL1,StepFBL1__rollout035,True,,,35.63828850308107,15.962740149997218,3.2195893175064816,3.5749047274323735,0.651147517140789,methods
main,Passive SysID,c000__StepFBL1__rollout035__segment0__start0028,StepFBL1,StepFBL1__rollout035,True,,,65.85143999844873,34.00091938229045,5.892080774867577,6.443734933776449,1.2660903375048407,methods
main,Passive SysID,c000__StepFBL1__rollout035__segment0__start0056,StepFBL1,StepFBL1__rollout035,True,,,49.05441779408312,21.945855449136744,4.2118448653528295,4.465758618819936,0.7953118037404523,methods
main,Passive SysID,c000__StepFBL1__rollout035__segment1__start0000,StepFBL1,StepFBL1__rollout035,True,,,23.75936691398736,10.758364560793455,2.268158562733048,2.4840433490214866,0.4394121655701681,methods
main,Passive SysID,c000__StepFBL1__rollout035__segment1__start0015,StepFBL1,StepFBL1__rollout035,True,,,51.80053753776426,28.970325312427157,4.584769621998842,4.8727143305305365,0.6703244001179637,methods
main,Passive SysID,c000__StepFBL1__rollout035__segment1__start0031,StepFBL1,StepFBL1__rollout035,True,,,78.88853367910077,47.539437023304735,8.662705050855548,8.533184280323324,1.690003526939939,methods
main,Passive SysID,c000__StepFBL1__rollout036__segment0__start0000,StepFBL1,StepFBL1__rollout036,True,,,28.938342945383194,14.723277851255949,2.884349974787971,2.877379505300605,0.5769778198585115,methods
main,Passive SysID,c000__StepFBL1__rollout036__segment0__start0020,StepFBL1,StepFBL1__rollout036,True,,,67.01419549389684,36.09175039743262,5.9459748837955315,6.4119841181244155,1.1947398489197105,methods
main,Passive SysID,c000__StepFBL1__rollout036__segment0__start0041,StepFBL1,StepFBL1__rollout036,True,,,34.146808433025754,13.872531961744286,2.937420185593681,2.9776127598561986,0.8657664993755035,methods
main,Passive SysID,c000__StepFBL1__rollout036__segment1__start0000,StepFBL1,StepFBL1__rollout036,True,,,32.088077617466325,13.967363626746046,2.792900206007991,3.212036046423308,0.4053488213893886,methods
main,Passive SysID,c000__StepFBL1__rollout036__segment1__start0023,StepFBL1,StepFBL1__rollout036,True,,,58.73963410269869,30.573842155678516,5.047548947787776,5.61754499613839,0.7215939568799359,methods
main,Passive SysID,c000__StepFBL1__rollout036__segment1__start0046,StepFBL1,StepFBL1__rollout036,True,,,45.85291230293987,19.25594461897077,3.9583248619102456,4.3021385791976785,0.6932686563242048,methods
main,Passive SysID,c000__StepFBL1__rollout037__segment0__start0000,StepFBL1,StepFBL1__rollout037,True,,,26.047572238617228,12.266815508864067,2.479096612064825,2.705013585855716,0.4999390330959213,methods
main,Passive SysID,c000__StepFBL1__rollout037__segment0__start0023,StepFBL1,StepFBL1__rollout037,True,,,62.15135451984768,32.53638532807191,5.591546613720424,6.056368718209202,1.2709044118441588,methods
main,Passive SysID,c000__StepFBL1__rollout037__segment0__start0046,StepFBL1,StepFBL1__rollout037,True,,,32.7899178435369,14.013256655664836,2.993263043809218,3.1009338825145756,0.8483480587966556,methods
main,Passive SysID,c000__StepFBL1__rollout037__segment1__start0000,StepFBL1,StepFBL1__rollout037,True,,,27.584726833905293,12.992528659775491,2.4275728220191084,2.8153210987145934,0.38378925164175837,methods
main,Passive SysID,c000__StepFBL1__rollout037__segment1__start0020,StepFBL1,StepFBL1__rollout037,True,,,40.06409245858462,22.89124171219657,3.5220795883512905,3.3894057326680858,0.6772762683023487,methods
main,Passive SysID,c000__StepFBL1__rollout037__segment1__start0041,StepFBL1,StepFBL1__rollout037,True,,,60.91092502377569,28.49235621506995,5.260233891360499,5.827550585447646,0.624152031456604,methods
main,Passive SysID,c000__StepFBL1__rollout038__segment0__start0000,StepFBL1,StepFBL1__rollout038,True,,,42.39483333063343,20.159980186777307,3.6586311366527418,4.085067333190561,0.6418795472028873,methods
main,Passive SysID,c000__StepFBL1__rollout038__segment0__start0032,StepFBL1,StepFBL1__rollout038,True,,,57.837672701232044,28.814941753957036,5.385865728795571,5.938071294037125,1.272828639910891,methods
main,Passive SysID,c000__StepFBL1__rollout038__segment0__start0065,StepFBL1,StepFBL1__rollout038,True,,,45.826116290579584,19.552969316172224,4.002479317921727,4.308510641499707,0.7083732721407067,methods
main,Passive SysID,c000__StepFBL1__rollout038__segment1__start0000,StepFBL1,StepFBL1__rollout038,True,,,19.261208462291552,8.935823987347714,1.7446731287555426,2.028585533190312,0.3226972425787358,methods
main,Passive SysID,c000__StepFBL1__rollout038__segment1__start0011,StepFBL1,StepFBL1__rollout038,True,,,28.36658116501953,13.48837613145025,2.5528109894158786,2.6521488921297967,0.3259050121044075,methods
main,Passive SysID,c000__StepFBL1__rollout038__segment1__start0022,StepFBL1,StepFBL1__rollout038,True,,,48.2321870337153,27.617321640484768,4.322945520462113,4.473917298899279,0.7798425727410343,methods
main,Passive SysID,c000__StepFBL1__rollout039__segment0__start0000,StepFBL1,StepFBL1__rollout039,True,,,24.331284991689785,11.509822273221387,2.0678039578360865,2.393849398736686,0.43557957525576335,methods
main,Passive SysID,c000__StepFBL1__rollout039__segment0__start0070,StepFBL1,StepFBL1__rollout039,True,,,17.677021278326798,7.938448918146078,1.5830718415037293,1.8519235666055274,0.20285805921303926,methods
main,Passive SysID,c000__StepFBL1__rollout039__segment0__start0140,StepFBL1,StepFBL1__rollout039,True,,,18.49917439793627,9.272994058092948,1.4529432567210845,1.6100879391914684,0.3601996631387322,methods
main,Active SysID,c000__CR7__rollout035__segment0__start0000,CR7,CR7__rollout035,True,,,0.6115283729007003,0.2864773227925203,0.06257981569492033,0.06657050569505685,0.03176317145277044,methods
main,Active SysID,c000__CR7__rollout035__segment0__start0070,CR7,CR7__rollout035,True,,,5.629476951960961,5.037565023830185,0.6988535908430755,0.4220889725695799,0.507718235923151,methods
main,Active SysID,c000__CR7__rollout035__segment0__start0140,CR7,CR7__rollout035,True,,,6.269126282942789,3.677547028919956,0.5673358861336574,0.5541794684944258,0.2643901924240081,methods
main,Active SysID,c000__CR7__rollout036__segment0__start0000,CR7,CR7__rollout036,True,,,0.779678470433177,0.3531926043546033,0.08150380240086798,0.08229184322588812,0.051085610673405044,methods
main,Active SysID,c000__CR7__rollout036__segment0__start0070,CR7,CR7__rollout036,True,,,95.80021730674493,54.7367037564887,9.14935469141727,9.112812990887981,2.8392516895450015,methods
main,Active SysID,c000__CR7__rollout036__segment0__start0140,CR7,CR7__rollout036,True,,,18.98075056289044,8.52293060316207,1.3615923929609817,1.492492468044138,0.2872719496432747,methods
main,Active SysID,c000__CR7__rollout037__segment0__start0000,CR7,CR7__rollout037,True,,,0.7127956237095464,0.4128847300480889,0.0859390019638611,0.08020046221387726,0.06260128259089635,methods
main,Active SysID,c000__CR7__rollout037__segment0__start0070,CR7,CR7__rollout037,True,,,110.75436070764131,70.6637167734496,11.014679557402921,10.290652760906799,3.333029331595847,methods
main,Active SysID,c000__CR7__rollout037__segment0__start0140,CR7,CR7__rollout037,True,,,1.1910221972011008,0.7453896514914418,0.20599514891538256,0.18034569349801483,0.18671946156466498,methods
main,Active SysID,c000__CR7__rollout038__segment0__start0000,CR7,CR7__rollout038,True,,,0.678395229617399,0.4321327627691019,0.07874763654637697,0.06544206923318671,0.05811425074101812,methods
main,Active SysID,c000__CR7__rollout038__segment0__start0070,CR7,CR7__rollout038,True,,,1.9697160552029327,1.766030270826469,0.2562530246635717,0.1936594176925795,0.1558530109473626,methods
main,Active SysID,c000__CR7__rollout038__segment0__start0140,CR7,CR7__rollout038,True,,,12.327314830057055,6.459482351958378,1.1137419304000344,1.0851323668364268,0.5185854635069069,methods
main,Active SysID,c000__CR7__rollout039__segment0__start0000,CR7,CR7__rollout039,True,,,0.8906997705969812,0.43845128198536487,0.09639149710333059,0.09813432880466763,0.05791134960551201,methods
main,Active SysID,c000__CR7__rollout039__segment0__start0070,CR7,CR7__rollout039,True,,,4.226003386875854,3.2915219116488563,0.48154988631389295,0.4127850815296157,0.259846591857843,methods
main,Active SysID,c000__CR7__rollout039__segment0__start0140,CR7,CR7__rollout039,True,,,9.868774188151724,6.512849949640967,1.133228663024848,1.142100082044567,0.5417812141018704,methods
main,Active SysID,c000__SquatL1__rollout035__segment0__start0000,SquatL1,SquatL1__rollout035,True,,,0.7543254552089399,0.41372751775968913,0.06725206154801769,0.06817892291206369,0.03729398845678028,methods
main,Active SysID,c000__SquatL1__rollout035__segment0__start0102,SquatL1,SquatL1__rollout035,True,,,4.250824303030402,1.739195079335242,0.31778435822855605,0.3524473656290863,0.04303273009503786,methods
main,Active SysID,c000__SquatL1__rollout035__segment0__start0205,SquatL1,SquatL1__rollout035,True,,,3.044687961863872,1.4597210019095315,0.25600167713348365,0.2799240539098698,0.07729767580653281,methods
main,Active SysID,c000__SquatL1__rollout036__segment0__start0000,SquatL1,SquatL1__rollout036,True,,,0.7102271731234481,0.2915804476170474,0.06046023330517613,0.06890467262037028,0.016673017119982807,methods
main,Active SysID,c000__SquatL1__rollout036__segment0__start0072,SquatL1,SquatL1__rollout036,True,,,1.2538184320787635,0.5724119141027968,0.12981007428156535,0.11595209387406433,0.04800851045307463,methods
main,Active SysID,c000__SquatL1__rollout036__segment0__start0144,SquatL1,SquatL1__rollout036,True,,,9.701307087118277,7.346994023192963,1.1990578474323892,0.5440508235136738,0.44637220057116295,methods
main,Active SysID,c000__SquatL1__rollout036__segment1__start0000,SquatL1,SquatL1__rollout036,True,,,0.8048087714583783,0.3468061705644582,0.07615132540570288,0.08526010813983152,0.027037354637261948,methods
main,Active SysID,c000__SquatL1__rollout036__segment1__start0004,SquatL1,SquatL1__rollout036,True,,,1.211544474591359,0.5201566317071825,0.10455297447620383,0.11980946487334387,0.028035053778117703,methods
main,Active SysID,c000__SquatL1__rollout036__segment1__start0008,SquatL1,SquatL1__rollout036,True,,,2.4581665018354997,1.0819794605763577,0.20225146266650254,0.23665211889858528,0.03884955522497604,methods
main,Active SysID,c000__SquatL1__rollout037__segment0__start0000,SquatL1,SquatL1__rollout037,True,,,1.8224561274820776,0.9199378282309849,0.14993852500192265,0.17118812631267125,0.03318005746775103,methods
main,Active SysID,c000__SquatL1__rollout037__segment0__start0064,SquatL1,SquatL1__rollout037,True,,,2.2811781082015634,1.0984672339016612,0.1929438144545455,0.20792546848818683,0.03875262972505096,methods
main,Active SysID,c000__SquatL1__rollout037__segment0__start0128,SquatL1,SquatL1__rollout037,True,,,3.168362080730669,1.3092991180234246,0.2593251596703174,0.26221251135703333,0.07066678039856607,methods
main,Active SysID,c000__SquatL1__rollout037__segment1__start0000,SquatL1,SquatL1__rollout037,True,,,1.0682578511101946,0.5655547305739385,0.09348460119705183,0.10577657985673944,0.027662058563852995,methods
main,Active SysID,c000__SquatL1__rollout037__segment1__start0012,SquatL1,SquatL1__rollout037,True,,,1.6534220302090195,0.7244869846922948,0.13934102619728678,0.1623870062613568,0.024940803375887843,methods
main,Active SysID,c000__SquatL1__rollout037__segment1__start0024,SquatL1,SquatL1__rollout037,True,,,5.031365704895284,2.71840584376038,0.36016176805841577,0.38006647101194263,0.06244428904647323,methods
main,Active SysID,c000__SquatL1__rollout038__segment0__start0000,SquatL1,SquatL1__rollout038,True,,,0.7767926497157572,0.35759809819831145,0.06732517589777359,0.0762181063860721,0.02128016017571668,methods
main,Active SysID,c000__SquatL1__rollout038__segment0__start0073,SquatL1,SquatL1__rollout038,True,,,1.2162419351456661,0.4874439337941685,0.1110513764398965,0.11791558418864626,0.03462081193435786,methods
main,Active SysID,c000__SquatL1__rollout038__segment0__start0146,SquatL1,SquatL1__rollout038,True,,,4.082113675892933,2.8600566951271964,0.501112049004862,0.35042161458407495,0.24062618471314012,methods
main,Active SysID,c000__SquatL1__rollout038__segment1__start0000,SquatL1,SquatL1__rollout038,True,,,0.7499225440750685,0.3409757212110728,0.06366907058679959,0.07224836033766431,0.01695860397279431,methods
main,Active SysID,c000__SquatL1__rollout038__segment1__start0003,SquatL1,SquatL1__rollout038,True,,,0.9849505927532487,0.45657265184141266,0.07933728552286676,0.09172914289585045,0.016343697021136697,methods
main,Active SysID,c000__SquatL1__rollout038__segment1__start0006,SquatL1,SquatL1__rollout038,True,,,8.16042294514398,3.8022204179094605,0.6508748568935906,0.7580300948001305,0.09228634899322703,methods
main,Active SysID,c000__SquatL1__rollout039__segment0__start0000,SquatL1,SquatL1__rollout039,True,,,0.7418621353345508,0.30115487188574414,0.06660368424396715,0.0748583402643138,0.02038430941127005,methods
main,Active SysID,c000__SquatL1__rollout039__segment0__start0076,SquatL1,SquatL1__rollout039,True,,,0.8529722096912717,0.39332519547105305,0.08979566373821499,0.09233557977472702,0.029673428133554516,methods
main,Active SysID,c000__SquatL1__rollout039__segment0__start0153,SquatL1,SquatL1__rollout039,True,,,11.018665482933507,8.466288908196743,1.2090514739093503,0.8281560346387107,0.401028110657886,methods
main,Active SysID,c000__StepFBL1__rollout035__segment0__start0000,StepFBL1,StepFBL1__rollout035,True,,,3.9672227207883424,1.7609433108303258,0.407238642797205,0.3859709494313822,0.19669976772130973,methods
main,Active SysID,c000__StepFBL1__rollout035__segment0__start0028,StepFBL1,StepFBL1__rollout035,True,,,10.456761945495625,7.269224315475192,1.166515592620596,1.1195100932870667,0.5197603955078675,methods
main,Active SysID,c000__StepFBL1__rollout035__segment0__start0056,StepFBL1,StepFBL1__rollout035,True,,,2.744711423885826,1.4913380231887732,0.3200584145507617,0.28308757956976527,0.19396556497943793,methods
main,Active SysID,c000__StepFBL1__rollout035__segment1__start0000,StepFBL1,StepFBL1__rollout035,True,,,1.6588656232704717,0.7828138539754247,0.1929257325529461,0.17622531774287892,0.1040757842867002,methods
main,Active SysID,c000__StepFBL1__rollout035__segment1__start0015,StepFBL1,StepFBL1__rollout035,True,,,5.88690733889336,3.043167437835372,0.7435301492068418,0.6280913046505993,0.24505118509149654,methods
main,Active SysID,c000__StepFBL1__rollout035__segment1__start0031,StepFBL1,StepFBL1__rollout035,True,,,16.1731843560632,5.2074924691250315,1.6723260496607584,1.4615525155007523,0.5612973202753156,methods
main,Active SysID,c000__StepFBL1__rollout036__segment0__start0000,StepFBL1,StepFBL1__rollout036,True,,,2.170684593548012,1.0152770045124877,0.25821721466292685,0.2306914724096489,0.18829436665989344,methods
main,Active SysID,c000__StepFBL1__rollout036__segment0__start0020,StepFBL1,StepFBL1__rollout036,True,,,7.1998696650044485,4.123723087115455,0.8049152693447396,0.6511557718859838,0.4688389505622845,methods
main,Active SysID,c000__StepFBL1__rollout036__segment0__start0041,StepFBL1,StepFBL1__rollout036,True,,,20.691608633662046,11.771096739834759,2.4468823601995187,1.721696593284804,0.9799826170590964,methods
main,Active SysID,c000__StepFBL1__rollout036__segment1__start0000,StepFBL1,StepFBL1__rollout036,True,,,3.390425036573142,1.5520670682219573,0.2783633037103091,0.31530779080771654,0.05381043567284804,methods
main,Active SysID,c000__StepFBL1__rollout036__segment1__start0023,StepFBL1,StepFBL1__rollout036,True,,,3.9997239685929613,1.9181389928361658,0.3975597315982269,0.39137828078396664,0.19121330008087523,methods
main,Active SysID,c000__StepFBL1__rollout036__segment1__start0046,StepFBL1,StepFBL1__rollout036,True,,,2.735620287648305,1.3539119109062463,0.3412473724075404,0.2616502720914832,0.24337362979370314,methods
main,Active SysID,c000__StepFBL1__rollout037__segment0__start0000,StepFBL1,StepFBL1__rollout037,True,,,2.688514022835729,1.3572793648290726,0.2479880258890447,0.2579469279107457,0.09690289163319099,methods
main,Active SysID,c000__StepFBL1__rollout037__segment0__start0023,StepFBL1,StepFBL1__rollout037,True,,,6.020322157869394,4.456321021089231,0.7460892752166247,0.6767259060970332,0.38783228319380575,methods
main,Active SysID,c000__StepFBL1__rollout037__segment0__start0046,StepFBL1,StepFBL1__rollout037,True,,,27.263618974982194,11.483638944797638,2.1002669615822804,2.084172149010062,0.6699325517231074,methods
main,Active SysID,c000__StepFBL1__rollout037__segment1__start0000,StepFBL1,StepFBL1__rollout037,True,,,2.523754999216011,1.1719262556875767,0.22073515705050306,0.2479069766045967,0.05521553672497327,methods
main,Active SysID,c000__StepFBL1__rollout037__segment1__start0020,StepFBL1,StepFBL1__rollout037,True,,,5.487317932016554,2.4546741870228757,0.46180045080124044,0.4387875798108967,0.14790787973344993,methods
main,Active SysID,c000__StepFBL1__rollout037__segment1__start0041,StepFBL1,StepFBL1__rollout037,True,,,5.762380513318447,2.2890196762275705,0.5367421043662195,0.3610626402851239,0.2709426352553256,methods
main,Active SysID,c000__StepFBL1__rollout038__segment0__start0000,StepFBL1,StepFBL1__rollout038,True,,,1.6604112129606663,0.8077468456342836,0.2693258113430682,0.24307289942374574,0.20874133414051763,methods
main,Active SysID,c000__StepFBL1__rollout038__segment0__start0032,StepFBL1,StepFBL1__rollout038,True,,,9.398030565417098,6.632225993894072,1.0364888719691245,1.0638682932280092,0.3738754191085293,methods
main,Active SysID,c000__StepFBL1__rollout038__segment0__start0065,StepFBL1,StepFBL1__rollout038,True,,,3.790758644696939,1.885077345366968,0.36416969134233346,0.3334588502570485,0.14918931352310882,methods
main,Active SysID,c000__StepFBL1__rollout038__segment1__start0000,StepFBL1,StepFBL1__rollout038,True,,,0.9236496078458375,0.4695491327790326,0.059331650641399766,0.054055138010413076,0.03437713285996677,methods
main,Active SysID,c000__StepFBL1__rollout038__segment1__start0011,StepFBL1,StepFBL1__rollout038,True,,,4.751108241948795,2.9180540515486157,0.5883871776213964,0.4957308444876301,0.29492672121229446,methods
main,Active SysID,c000__StepFBL1__rollout038__segment1__start0022,StepFBL1,StepFBL1__rollout038,True,,,9.747104202075167,5.947531083142675,0.9358342056402246,0.898309518494178,0.4138610986941177,methods
main,Active SysID,c000__StepFBL1__rollout039__segment0__start0000,StepFBL1,StepFBL1__rollout039,True,,,4.848025655953213,2.155095048496411,0.4125229113973886,0.4562046816579267,0.1940236107376073,methods
main,Active SysID,c000__StepFBL1__rollout039__segment0__start0070,StepFBL1,StepFBL1__rollout039,True,,,15.615387124552415,10.779795393779795,1.2139780911260327,1.3238923411293446,0.21953757315349695,methods
main,Active SysID,c000__StepFBL1__rollout039__segment0__start0140,StepFBL1,StepFBL1__rollout039,True,,,4.874901483128586,2.6203908789890282,0.40723986121514605,0.36708183593303445,0.1898848750711496,methods
main,Common torque,CR7__rollout035__segment0__start0000,CR7,CR7__rollout035,True,,,4.83691130737237,3.0476575958947962,0.47755069715593895,0.471864359660267,0.3406855755419199,methods
main,Common torque,CR7__rollout035__segment0__start0070,CR7,CR7__rollout035,True,,,14.424566221228702,9.950094028689007,1.833957581952794,1.4748823909346949,1.1684803898526364,methods
main,Common torque,CR7__rollout035__segment0__start0140,CR7,CR7__rollout035,True,,,6.558270506115616,3.3285513107494826,0.6150770770087469,0.6437502491743403,0.25884197181310376,methods
main,Common torque,CR7__rollout036__segment0__start0000,CR7,CR7__rollout036,True,,,8.22492859861194,4.274790811339949,0.749099183672833,0.762931880086639,0.3799657483957464,methods
main,Common torque,CR7__rollout036__segment0__start0070,CR7,CR7__rollout036,True,,,66.43848140525252,38.4712238424521,6.636755691316925,6.227744015107287,2.121878694283278,methods
main,Common torque,CR7__rollout036__segment0__start0140,CR7,CR7__rollout036,True,,,9.467984277539717,6.788771154698143,0.7485541568608591,0.6215244713524307,0.28014837042526347,methods
main,Common torque,CR7__rollout037__segment0__start0000,CR7,CR7__rollout037,True,,,6.176059036351801,3.8625806163612686,0.6560879113506767,0.5905247799073451,0.49222191290006556,methods
main,Common torque,CR7__rollout037__segment0__start0070,CR7,CR7__rollout037,True,,,112.26313613283972,76.57674834273622,12.22289816787495,11.34603364786973,3.6836594807406113,methods
main,Common torque,CR7__rollout037__segment0__start0140,CR7,CR7__rollout037,True,,,22.472923186562785,13.965831598246165,2.107237558985319,2.12153312866394,0.7199453049825649,methods
main,Common torque,CR7__rollout038__segment0__start0000,CR7,CR7__rollout038,True,,,4.786792141567659,2.807304246685303,0.7183678357793032,0.5826126663501296,0.41079059913873495,methods
main,Common torque,CR7__rollout038__segment0__start0070,CR7,CR7__rollout038,True,,,15.995577200935841,10.427147915740537,2.0126006089438273,1.6865376107823178,1.3352798111709467,methods
main,Common torque,CR7__rollout038__segment0__start0140,CR7,CR7__rollout038,True,,,22.172764337727756,15.301520759359708,1.9541615994623462,1.8837020603412162,0.7393379864321659,methods
main,Common torque,CR7__rollout039__segment0__start0000,CR7,CR7__rollout039,True,,,10.707094279837445,5.5375099129851115,0.9085160445014966,0.9752420874267579,0.38634995794156773,methods
main,Common torque,CR7__rollout039__segment0__start0070,CR7,CR7__rollout039,True,,,11.078734796461415,6.469268226964436,1.311906600559328,1.0260294453188568,1.0441123103858259,methods
main,Common torque,CR7__rollout039__segment0__start0140,CR7,CR7__rollout039,True,,,22.42775556966177,12.891954865475562,2.0659662083232675,2.2587798599080373,0.556298532964957,methods
main,Common torque,SquatL1__rollout035__segment0__start0000,SquatL1,SquatL1__rollout035,True,,,4.377407242202625,2.647885084291734,0.38562724546771104,0.34800698076475206,0.2655001213738261,methods
main,Common torque,SquatL1__rollout035__segment0__start0102,SquatL1,SquatL1__rollout035,True,,,6.242825067474057,3.3722149257772465,0.5130970596732172,0.577567601811191,0.06723161670547805,methods
main,Common torque,SquatL1__rollout035__segment0__start0205,SquatL1,SquatL1__rollout035,True,,,24.84820655972406,12.710191245438363,1.9596537525139188,2.2438560640617795,0.16269805771933735,methods
main,Common torque,SquatL1__rollout036__segment0__start0000,SquatL1,SquatL1__rollout036,True,,,3.9458994033228962,3.023569035952381,0.3454169384784259,0.264261388391558,0.29936870897607815,methods
main,Common torque,SquatL1__rollout036__segment0__start0072,SquatL1,SquatL1__rollout036,True,,,12.633349174034757,5.586859249091106,1.0283598366953859,1.1589809685146528,0.1265448320289446,methods
main,Common torque,SquatL1__rollout036__segment0__start0144,SquatL1,SquatL1__rollout036,True,,,67.27861467668447,45.44914322400891,5.721592462614742,5.14472295864952,1.0521383025243416,methods
main,Common torque,SquatL1__rollout036__segment1__start0000,SquatL1,SquatL1__rollout036,True,,,3.68034806459036,2.6533976197193145,0.3443849837341992,0.35242514193815677,0.16616441423574027,methods
main,Common torque,SquatL1__rollout036__segment1__start0004,SquatL1,SquatL1__rollout036,True,,,4.946544096110776,2.3568614990822567,0.424683787628164,0.48322696086707145,0.11498608721476486,methods
main,Common torque,SquatL1__rollout036__segment1__start0008,SquatL1,SquatL1__rollout036,True,,,14.630396734652543,6.017234151094059,1.1888492265965127,1.399780626800522,0.13704590224936525,methods
main,Common torque,SquatL1__rollout037__segment0__start0000,SquatL1,SquatL1__rollout037,True,,,5.402423301098533,3.7392936776002665,0.6190257263721738,0.6144326531391494,0.34154300463707465,methods
main,Common torque,SquatL1__rollout037__segment0__start0064,SquatL1,SquatL1__rollout037,True,,,7.189736778008122,3.6669099391119575,0.508037424858531,0.5022785314784846,0.1273135484946292,methods
main,Common torque,SquatL1__rollout037__segment0__start0128,SquatL1,SquatL1__rollout037,True,,,55.24262475531822,23.08801577037362,4.651113166152613,4.53497277061984,0.8900822850480675,methods
main,Common torque,SquatL1__rollout037__segment1__start0000,SquatL1,SquatL1__rollout037,True,,,26.173885955549547,12.848588566613548,2.0216250793276114,2.221466039749165,0.4091044968805309,methods
main,Common torque,SquatL1__rollout037__segment1__start0012,SquatL1,SquatL1__rollout037,True,,,1.8261923207261528,0.8504167623503035,0.16930280840126447,0.19951504285606247,0.028900320218324838,methods
main,Common torque,SquatL1__rollout037__segment1__start0024,SquatL1,SquatL1__rollout037,True,,,0.5722946023372897,0.3930549758758527,0.08106978960535369,0.07497649076909617,0.04021043270788637,methods
main,Common torque,SquatL1__rollout038__segment0__start0000,SquatL1,SquatL1__rollout038,True,,,5.342477677332126,3.361130071817464,0.5998737836994806,0.6029360413794976,0.3093571525082456,methods
main,Common torque,SquatL1__rollout038__segment0__start0073,SquatL1,SquatL1__rollout038,True,,,10.359354774698724,4.540669076419392,0.8893608291672329,0.9956685748675326,0.13263316394419342,methods
main,Common torque,SquatL1__rollout038__segment0__start0146,SquatL1,SquatL1__rollout038,True,,,31.16950507343162,15.404470707002146,2.580744015941343,2.687205636183111,0.4979510119208729,methods
main,Common torque,SquatL1__rollout038__segment1__start0000,SquatL1,SquatL1__rollout038,True,,,5.391080762177507,3.0274056114033034,0.47676871711698726,0.5143000322156579,0.14732723661358246,methods
main,Common torque,SquatL1__rollout038__segment1__start0003,SquatL1,SquatL1__rollout038,True,,,3.4921776207633437,1.7607795402085562,0.28801598706598225,0.30887541509879024,0.09993190280670121,methods
main,Common torque,SquatL1__rollout038__segment1__start0006,SquatL1,SquatL1__rollout038,True,,,10.656562980663303,4.845569513617963,0.9214971162304955,1.0807763197700435,0.10555570736494388,methods
main,Common torque,SquatL1__rollout039__segment0__start0000,SquatL1,SquatL1__rollout039,True,,,8.005351404781617,5.620763717846355,0.8318620706054908,0.8279003354529432,0.3785451572453936,methods
main,Common torque,SquatL1__rollout039__segment0__start0076,SquatL1,SquatL1__rollout039,True,,,14.11010439705354,6.569734282538958,1.1743554012597663,1.356925499243546,0.1419300231405434,methods
main,Common torque,SquatL1__rollout039__segment0__start0153,SquatL1,SquatL1__rollout039,True,,,62.2457714597284,50.2458083167745,5.1247183345813925,4.70553910014669,0.8131070363913055,methods
main,Common torque,StepFBL1__rollout035__segment0__start0000,StepFBL1,StepFBL1__rollout035,True,,,43.123354022774706,21.475556994242197,3.2168305190099553,3.4319330760475903,0.8789132476131807,methods
main,Common torque,StepFBL1__rollout035__segment0__start0028,StepFBL1,StepFBL1__rollout035,True,,,38.24653951424424,13.52984277740769,3.1762925231043475,3.4106864156691805,0.9646411728601849,methods
main,Common torque,StepFBL1__rollout035__segment0__start0056,StepFBL1,StepFBL1__rollout035,True,,,37.49830978701422,15.938951089277973,2.951293192220563,3.053098460607216,0.878450665180902,methods
main,Common torque,StepFBL1__rollout035__segment1__start0000,StepFBL1,StepFBL1__rollout035,True,,,13.609100977200004,6.149410625665916,1.3780413918562782,1.2982768084957068,0.48921640877429134,methods
main,Common torque,StepFBL1__rollout035__segment1__start0015,StepFBL1,StepFBL1__rollout035,True,,,22.37399779888882,16.122306420369558,2.8445568671687416,1.5198898848549225,0.7720307624579272,methods
main,Common torque,StepFBL1__rollout035__segment1__start0031,StepFBL1,StepFBL1__rollout035,True,,,98.33975860392958,58.90057662902408,8.697870725197474,8.172985628903984,2.0343849085749457,methods
main,Common torque,StepFBL1__rollout036__segment0__start0000,StepFBL1,StepFBL1__rollout036,True,,,46.00622452807171,19.11885267788211,3.6882862091920288,4.10360957346079,0.7856406315862682,methods
main,Common torque,StepFBL1__rollout036__segment0__start0020,StepFBL1,StepFBL1__rollout036,True,,,35.004195530987346,21.634828433378487,3.875372869497795,3.7332357326813437,1.2651105648167116,methods
main,Common torque,StepFBL1__rollout036__segment0__start0041,StepFBL1,StepFBL1__rollout036,True,,,18.388436246697182,9.039518933903537,1.842750219221582,1.6924977295574521,0.7970944741022659,methods
main,Common torque,StepFBL1__rollout036__segment1__start0000,StepFBL1,StepFBL1__rollout036,True,,,8.820876682400762,4.812592587014252,0.9211606251571557,0.9366186447244234,0.42226501591347027,methods
main,Common torque,StepFBL1__rollout036__segment1__start0023,StepFBL1,StepFBL1__rollout036,True,,,31.268532162353466,16.581896112599686,2.9019219477044915,3.0389713209980664,0.7924264975410054,methods
main,Common torque,StepFBL1__rollout036__segment1__start0046,StepFBL1,StepFBL1__rollout036,True,,,42.711892340347575,15.552417398622529,3.264639969335041,3.628558733197076,0.6025513444254974,methods
main,Common torque,StepFBL1__rollout037__segment0__start0000,StepFBL1,StepFBL1__rollout037,True,,,25.785265931711994,9.990197885124793,2.2124089153394095,2.405861981242285,0.7329910472797929,methods
main,Common torque,StepFBL1__rollout037__segment0__start0023,StepFBL1,StepFBL1__rollout037,True,,,38.785141804371676,20.802917697068544,4.363374124181894,4.122214661623511,1.4303892001190508,methods
main,Common torque,StepFBL1__rollout037__segment0__start0046,StepFBL1,StepFBL1__rollout037,True,,,106.4715623174416,51.187725523574,9.293592429589337,9.62795066411454,1.7887330079441313,methods
main,Common torque,StepFBL1__rollout037__segment1__start0000,StepFBL1,StepFBL1__rollout037,True,,,17.57890330695565,7.4770646922027915,1.4497457223298416,1.6182956970131752,0.3596198558923499,methods
main,Common torque,StepFBL1__rollout037__segment1__start0020,StepFBL1,StepFBL1__rollout037,True,,,13.59482182947162,9.150619470318635,1.4427977191015113,1.1181036467884686,0.5097080822793003,methods
main,Common torque,StepFBL1__rollout037__segment1__start0041,StepFBL1,StepFBL1__rollout037,True,,,38.157079822718316,12.619862060347193,2.666613179082204,2.772508379918278,0.6275195955386971,methods
main,Common torque,StepFBL1__rollout038__segment0__start0000,StepFBL1,StepFBL1__rollout038,True,,,6.046151963937553,3.167297266314783,0.8292307124997161,0.7898860486980187,0.599668675035195,methods
main,Common torque,StepFBL1__rollout038__segment0__start0032,StepFBL1,StepFBL1__rollout038,True,,,34.19477354047794,10.479901802294707,2.6545848075768474,2.8062602124323246,0.9273354299807514,methods
main,Common torque,StepFBL1__rollout038__segment0__start0065,StepFBL1,StepFBL1__rollout038,True,,,28.92549884775889,9.783421316797607,2.4641118412132785,2.614443619200361,0.4404955251566552,methods
main,Common torque,StepFBL1__rollout038__segment1__start0000,StepFBL1,StepFBL1__rollout038,True,,,17.130305145775107,7.374122430643647,1.478619312932324,1.653548782459019,0.5303988580341216,methods
main,Common torque,StepFBL1__rollout038__segment1__start0011,StepFBL1,StepFBL1__rollout038,True,,,8.115685279012366,3.962347540908652,0.5534801252024385,0.4994761933160968,0.20419951140454598,methods
main,Common torque,StepFBL1__rollout038__segment1__start0022,StepFBL1,StepFBL1__rollout038,True,,,18.777256534417173,9.825743610013696,1.9127631002086285,1.7989902421998405,0.6122638085960177,methods
main,Common torque,StepFBL1__rollout039__segment0__start0000,StepFBL1,StepFBL1__rollout039,True,,,118.00986457961368,54.3197041935062,8.505945379246713,9.76697905061579,1.243940583929885,methods
main,Common torque,StepFBL1__rollout039__segment0__start0070,StepFBL1,StepFBL1__rollout039,True,,,6.293297835211705,2.4797635076727986,0.46046586136758766,0.43505735201547313,0.23334965401450455,methods
main,Common torque,StepFBL1__rollout039__segment0__start0140,StepFBL1,StepFBL1__rollout039,True,,,12.229232593240129,5.308670932510214,0.8668934197526335,0.8707052050325497,0.2763289181965107,methods
main,Excitation torque,CR7__rollout035__segment0__start0000,CR7,CR7__rollout035,True,,,4.4111255815552335,2.143070441638139,0.41922177625545,0.43845313138587644,0.20633830961736724,methods
main,Excitation torque,CR7__rollout035__segment0__start0070,CR7,CR7__rollout035,True,,,19.278844181694673,15.565636946991882,2.609828575397506,2.156703502088218,1.458359653876911,methods
main,Excitation torque,CR7__rollout035__segment0__start0140,CR7,CR7__rollout035,True,,,10.270732324222502,5.030123503481467,0.7763127015039015,0.8409872920805985,0.24228823279244915,methods
main,Excitation torque,CR7__rollout036__segment0__start0000,CR7,CR7__rollout036,True,,,4.68761546678061,2.5477233077251706,0.42542671313745417,0.42382465606058123,0.2222062840054303,methods
main,Excitation torque,CR7__rollout036__segment0__start0070,CR7,CR7__rollout036,True,,,68.6452437638402,36.79312072772461,6.331444889038641,6.2493878763155895,1.9286216755388577,methods
main,Excitation torque,CR7__rollout036__segment0__start0140,CR7,CR7__rollout036,True,,,10.510062297585534,6.972199900330336,0.8231750001140347,0.7383303593379766,0.29311699809191466,methods
main,Excitation torque,CR7__rollout037__segment0__start0000,CR7,CR7__rollout037,True,,,6.815574922855964,3.4887484710245205,0.6791980988812429,0.6825985226948904,0.35892378443611855,methods
main,Excitation torque,CR7__rollout037__segment0__start0070,CR7,CR7__rollout037,True,,,92.29793864357875,60.81224783305479,9.980740741592394,9.186455540995597,3.1759172952543646,methods
main,Excitation torque,CR7__rollout037__segment0__start0140,CR7,CR7__rollout037,True,,,28.79358215150723,16.838030226793332,2.5774708055254156,2.6562582670615362,0.7681906648409805,methods
main,Excitation torque,CR7__rollout038__segment0__start0000,CR7,CR7__rollout038,True,,,8.078964529757908,3.8512222374315215,0.8873511388701386,0.8096159100888369,0.32237350541098647,methods
main,Excitation torque,CR7__rollout038__segment0__start0070,CR7,CR7__rollout038,True,,,23.750286190238157,16.944232947513168,3.2934143805108484,2.998339794925828,1.872779118282707,methods
main,Excitation torque,CR7__rollout038__segment0__start0140,CR7,CR7__rollout038,True,,,19.09406916760018,13.810945283285934,1.7269891458313666,1.6209618229939209,0.7392732669773707,methods
main,Excitation torque,CR7__rollout039__segment0__start0000,CR7,CR7__rollout039,True,,,3.1254181288149896,1.6671646440287684,0.4678620128087996,0.4571973999766464,0.3442508890337986,methods
main,Excitation torque,CR7__rollout039__segment0__start0070,CR7,CR7__rollout039,True,,,16.843765348696802,12.559489948238978,2.3955189907507375,2.208682512377855,1.58597723349049,methods
main,Excitation torque,CR7__rollout039__segment0__start0140,CR7,CR7__rollout039,True,,,20.373364545804044,12.844714546452476,1.9373582321319203,2.055388913545515,0.5969529314100441,methods
main,Excitation torque,SquatL1__rollout035__segment0__start0000,SquatL1,SquatL1__rollout035,True,,,9.435396011542714,3.980053146098581,0.7939219284481376,0.9050028736173037,0.19216037551277484,methods
main,Excitation torque,SquatL1__rollout035__segment0__start0102,SquatL1,SquatL1__rollout035,True,,,3.306817849675997,2.250792133470898,0.4405532873407881,0.4771787262483594,0.07721010810102956,methods
main,Excitation torque,SquatL1__rollout035__segment0__start0205,SquatL1,SquatL1__rollout035,True,,,19.384878880656455,7.470895669749476,1.4094329349938919,1.6418428121792703,0.14268438812027137,methods
main,Excitation torque,SquatL1__rollout036__segment0__start0000,SquatL1,SquatL1__rollout036,True,,,12.194570666998683,5.525807802494719,0.982724937378038,1.133745988491446,0.2524992589360112,methods
main,Excitation torque,SquatL1__rollout036__segment0__start0072,SquatL1,SquatL1__rollout036,True,,,8.049282363181169,4.120368360777527,0.7441837839459159,0.8080351531587161,0.11797602496255093,methods
main,Excitation torque,SquatL1__rollout036__segment0__start0144,SquatL1,SquatL1__rollout036,True,,,84.26125738119921,50.013812885844345,6.962400821143171,6.712499378419538,1.3781077884825657,methods
main,Excitation torque,SquatL1__rollout036__segment1__start0000,SquatL1,SquatL1__rollout036,True,,,8.646453039740052,4.108750963040565,0.788773662166326,0.8850025462633287,0.17651320475202706,methods
main,Excitation torque,SquatL1__rollout036__segment1__start0004,SquatL1,SquatL1__rollout036,True,,,14.274555460491722,6.46870764707656,1.1576498528961385,1.3418600951707187,0.1775833751838694,methods
main,Excitation torque,SquatL1__rollout036__segment1__start0008,SquatL1,SquatL1__rollout036,True,,,2.23289791708242,1.9134908171084841,0.20799618297904174,0.18272818721513198,0.11152240155972303,methods
main,Excitation torque,SquatL1__rollout037__segment0__start0000,SquatL1,SquatL1__rollout037,True,,,3.981945326658901,1.6102605348623709,0.35226465776440796,0.3653551544729543,0.15296136608077063,methods
main,Excitation torque,SquatL1__rollout037__segment0__start0064,SquatL1,SquatL1__rollout037,True,,,11.403425397464307,5.254154638537266,0.9877806964622977,1.1272468655752639,0.1713333564538964,methods
main,Excitation torque,SquatL1__rollout037__segment0__start0128,SquatL1,SquatL1__rollout037,True,,,71.1214530147803,30.15269393594953,6.016476582732628,5.891507685462406,1.1569963506228789,methods
main,Excitation torque,SquatL1__rollout037__segment1__start0000,SquatL1,SquatL1__rollout037,True,,,8.61732289841219,4.581307685180533,0.5852162721769943,0.6410269992028608,0.13918776212817616,methods
main,Excitation torque,SquatL1__rollout037__segment1__start0012,SquatL1,SquatL1__rollout037,True,,,10.616279164184286,4.763214003107672,0.8680130221156273,1.0299347945720259,0.08008623604979566,methods
main,Excitation torque,SquatL1__rollout037__segment1__start0024,SquatL1,SquatL1__rollout037,True,,,16.252768979252,7.402346465250747,1.2735004164124282,1.509645872185975,0.11130613590582017,methods
main,Excitation torque,SquatL1__rollout038__segment0__start0000,SquatL1,SquatL1__rollout038,True,,,5.0422707311038,2.2215213785576906,0.4320485060242371,0.48184772633846534,0.14853653641714132,methods
main,Excitation torque,SquatL1__rollout038__segment0__start0073,SquatL1,SquatL1__rollout038,True,,,11.785230669352728,5.355531746157195,1.0160314226631675,1.145301306195058,0.15474322903814633,methods
main,Excitation torque,SquatL1__rollout038__segment0__start0146,SquatL1,SquatL1__rollout038,True,,,43.24263222960118,21.00049783336321,3.758135669700377,4.041688188815892,0.6229444749874645,methods
main,Excitation torque,SquatL1__rollout038__segment1__start0000,SquatL1,SquatL1__rollout038,True,,,10.972550050781132,5.0939964518894945,0.9056917691791794,1.05648874428431,0.13506083356097123,methods
main,Excitation torque,SquatL1__rollout038__segment1__start0003,SquatL1,SquatL1__rollout038,True,,,12.351498761641405,5.592229118998467,0.9855345859379729,1.1520876244780487,0.133732937566691,methods
main,Excitation torque,SquatL1__rollout038__segment1__start0006,SquatL1,SquatL1__rollout038,True,,,3.8265779935115773,2.3349270774773805,0.2830810318440094,0.32309842888613255,0.06284733004680661,methods
main,Excitation torque,SquatL1__rollout039__segment0__start0000,SquatL1,SquatL1__rollout039,True,,,5.770532937126336,2.115159018995265,0.4869807579327007,0.5404392762568361,0.15972731315852925,methods
main,Excitation torque,SquatL1__rollout039__segment0__start0076,SquatL1,SquatL1__rollout039,True,,,13.589675670253065,6.653352699188825,1.147392407848833,1.2588994412729453,0.17173691653776063,methods
main,Excitation torque,SquatL1__rollout039__segment0__start0153,SquatL1,SquatL1__rollout039,True,,,101.48330725384776,70.27981014495856,8.074062458904718,7.902891628099651,1.2751678444662016,methods
main,Excitation torque,StepFBL1__rollout035__segment0__start0000,StepFBL1,StepFBL1__rollout035,True,,,42.6779181207532,19.273666109199265,3.3396672132000704,3.553176826949741,0.7562907499883217,methods
main,Excitation torque,StepFBL1__rollout035__segment0__start0028,StepFBL1,StepFBL1__rollout035,True,,,42.778981830075516,15.245065454581722,3.3433818244826154,3.3847121951131895,1.0966208981079089,methods
main,Excitation torque,StepFBL1__rollout035__segment0__start0056,StepFBL1,StepFBL1__rollout035,True,,,83.57456479253383,32.626293678913896,5.9366288723943645,6.433074066215024,1.1000075962614493,methods
main,Excitation torque,StepFBL1__rollout035__segment1__start0000,StepFBL1,StepFBL1__rollout035,True,,,22.364610336250934,9.420313222070744,2.2618051009621873,2.0091672374360416,0.5687407882562612,methods
main,Excitation torque,StepFBL1__rollout035__segment1__start0015,StepFBL1,StepFBL1__rollout035,True,,,62.51680811379129,38.93586330957205,5.015905310997465,2.8843664727983347,0.8379821419075436,methods
main,Excitation torque,StepFBL1__rollout035__segment1__start0031,StepFBL1,StepFBL1__rollout035,True,,,138.16487529746163,90.57551754809035,12.766035531077156,11.758119025215956,2.7923459063293476,methods
main,Excitation torque,StepFBL1__rollout036__segment0__start0000,StepFBL1,StepFBL1__rollout036,True,,,53.945537749631555,25.856961280115353,4.517403621338147,4.79588440215959,0.9118834355135392,methods
main,Excitation torque,StepFBL1__rollout036__segment0__start0020,StepFBL1,StepFBL1__rollout036,True,,,76.03828039758517,47.847864116151776,7.217251026985104,6.08341730271982,2.2309501188587815,methods
main,Excitation torque,StepFBL1__rollout036__segment0__start0041,StepFBL1,StepFBL1__rollout036,True,,,25.972437852172966,12.294029063996488,2.578651822255136,2.4170604217204104,0.9201998841713984,methods
main,Excitation torque,StepFBL1__rollout036__segment1__start0000,StepFBL1,StepFBL1__rollout036,True,,,18.095706290280223,7.594903440119674,1.7142072847215855,1.9161273293965027,0.43579171009444445,methods
main,Excitation torque,StepFBL1__rollout036__segment1__start0023,StepFBL1,StepFBL1__rollout036,True,,,56.50231595009704,27.04367098690911,4.615989609609604,4.977119395782313,0.8564618963366688,methods
main,Excitation torque,StepFBL1__rollout036__segment1__start0046,StepFBL1,StepFBL1__rollout036,True,,,55.4194493557609,21.791704432197083,4.321155358014157,4.6920253990618725,0.8771140654176868,methods
main,Excitation torque,StepFBL1__rollout037__segment0__start0000,StepFBL1,StepFBL1__rollout037,True,,,29.140158140332552,12.884855264489424,2.6684366949062546,2.8986308353439703,0.7209270649370786,methods
main,Excitation torque,StepFBL1__rollout037__segment0__start0023,StepFBL1,StepFBL1__rollout037,True,,,74.77780492087653,43.27195618793455,7.670859470485079,7.001597695047791,2.284128353633122,methods
main,Excitation torque,StepFBL1__rollout037__segment0__start0046,StepFBL1,StepFBL1__rollout037,True,,,155.39118830286796,75.08642562840974,12.589456955332901,13.101272490181561,2.3023772407084415,methods
main,Excitation torque,StepFBL1__rollout037__segment1__start0000,StepFBL1,StepFBL1__rollout037,True,,,14.319645303350592,5.663165897619591,1.3433266858228339,1.4987824564676153,0.3534480055093287,methods
main,Excitation torque,StepFBL1__rollout037__segment1__start0020,StepFBL1,StepFBL1__rollout037,True,,,38.74417500768943,20.559803926898265,3.438568733730125,3.2317931352427673,0.7542955071449382,methods
main,Excitation torque,StepFBL1__rollout037__segment1__start0041,StepFBL1,StepFBL1__rollout037,True,,,50.819837009040604,23.200510886729816,4.299225612669403,4.444364087441771,0.8230445565898948,methods
main,Excitation torque,StepFBL1__rollout038__segment0__start0000,StepFBL1,StepFBL1__rollout038,True,,,12.726255471434992,5.787991178882526,1.3960144174376838,1.4429547372886202,0.5590127991737492,methods
main,Excitation torque,StepFBL1__rollout038__segment0__start0032,StepFBL1,StepFBL1__rollout038,True,,,40.40358885280971,12.229647724774821,3.1299132604428936,3.2446085889203724,1.0521492459356316,methods
main,Excitation torque,StepFBL1__rollout038__segment0__start0065,StepFBL1,StepFBL1__rollout038,True,,,34.5462131732952,12.6944331752744,2.935222166018098,3.156883326262853,0.475666471703539,methods
main,Excitation torque,StepFBL1__rollout038__segment1__start0000,StepFBL1,StepFBL1__rollout038,True,,,7.961121681143298,3.8590248592606873,0.900262224481153,0.9719938416360503,0.4648837177266392,methods
main,Excitation torque,StepFBL1__rollout038__segment1__start0011,StepFBL1,StepFBL1__rollout038,True,,,5.683303297782143,2.9854631839602668,0.8322554009307198,0.8780112778678664,0.22309884398825033,methods
main,Excitation torque,StepFBL1__rollout038__segment1__start0022,StepFBL1,StepFBL1__rollout038,True,,,31.92666656386757,14.418152037241574,2.8759157259473374,2.859237071363659,0.5831526481361468,methods
main,Excitation torque,StepFBL1__rollout039__segment0__start0000,StepFBL1,StepFBL1__rollout039,True,,,119.69902110578742,54.27187971955821,8.59617316663209,9.892956087646663,1.1993408376395065,methods
main,Excitation torque,StepFBL1__rollout039__segment0__start0070,StepFBL1,StepFBL1__rollout039,True,,,18.204756449545975,7.8233260294119145,1.3680897173204998,1.5471406205644382,0.2682071718753109,methods
main,Excitation torque,StepFBL1__rollout039__segment0__start0140,StepFBL1,StepFBL1__rollout039,True,,,8.759227473271565,4.522645641751124,0.6851859281683703,0.7192406602881831,0.255827723028457,methods
